Car_ID,Brand,Model,Year,Age_Years,Kilometers_Driven,Engine_CC,Horsepower,Mileage_KMPL,Previous_Owners,Fuel_Type,Transmission,Price_Lakh
1,Nissan,Safari,2023,3,67851,1598,125.8,13.4,3,Petrol,Automatic,3.62
2,Nissan,Baleno,2023,3,112303,1199,105.7,13.1,1,Petrol,Manual,2.42
3,Toyota,Kushaq,2021,5,10476,1199,90.9,22.9,1,Diesel,Manual,3.35
4,Toyota,Kwid,2021,5,22640,1498,107.8,11.1,1,Petrol,Automatic,3.89
5,Maruti Suzuki,Alto K10,2017,9,77722,1997,144.8,17.5,1,Petrol,Manual,1.88
6,Mahindra,Thar,2021,5,38801,1997,151.7,14.4,3,Petrol,Manual,4.12
7,Mahindra,Polo,2024,2,137938,1956,139.7,20.7,1,CNG,Manual,5.67
8,Skoda,Fortuner,2022,4,149168,1497,101.9,10.9,1,Diesel,Manual,3.34
9,Hyundai,Swift,2024,2,119656,2184,161.4,15.8,1,Diesel,Manual,5.81
10,Volkswagen,i20,2020,6,29985,1498,95.1,14.5,2,Petrol,Manual,2.62
11,Kia,Kiger,2022,4,75388,1956,150.4,10.5,1,Petrol,Manual,4.32
12,Skoda,Kwid,2020,6,43363,1598,118.1,22.1,1,Petrol,Manual,2.61
13,Maruti Suzuki,Grand i10 Nios,2018,8,68375,1498,94.8,18.3,1,Petrol,Manual,1.83
14,Volkswagen,Kiger,2019,7,127994,998,90.7,11.2,2,Diesel,Manual,2.05
15,Mahindra,Sonet,2017,9,68693,1199,106.9,20.1,3,Diesel,Automatic,2.36
16,Jeep,Compass,2020,6,144516,1956,128.7,23.6,1,Petrol,Manual,3.12
17,Kia,Brezza,2019,7,120436,1498,119.4,24.9,1,Diesel,Manual,2.89
18,Renault,Aura,2025,1,109279,1598,122.5,22.7,2,Petrol,Manual,4.27
19,Jeep,Tiago,2019,7,130032,1997,126.4,16.3,1,CNG,Manual,3.3
20,Mahindra,Slavia,2020,6,104372,1199,84.7,24.8,2,Petrol,Automatic,2.38
21,Honda,Swift,2019,7,111104,2198,142.3,12.4,2,Diesel,Manual,3.15
22,Kia,Elevate,2023,3,57889,1956,150.1,17.5,3,CNG,Manual,4.98
23,Maruti Suzuki,Slavia,2022,4,79447,998,68.8,11.0,1,Petrol,Manual,2.08
24,MG,Astor,2024,2,84463,998,84.3,16.9,1,Diesel,Automatic,4.58
25,MG,Thar,2020,6,43396,1498,110.5,14.2,1,Diesel,Automatic,3.31
26,Honda,Scorpio,2018,8,90279,2184,139.0,15.9,1,Petrol,Manual,2.59
27,Volkswagen,Creta,2020,6,27556,1498,108.3,18.8,1,Petrol,Automatic,3.08
28,Volkswagen,Slavia,2023,3,50896,1199,98.8,18.4,1,Petrol,Manual,3.47
29,Maruti Suzuki,Punch,2019,7,119627,1997,154.3,22.9,1,Petrol,Automatic,3.06
30,Hyundai,Venue,2020,6,126045,998,100.4,12.9,1,Diesel,Manual,2.18
31,Maruti Suzuki,Venue,2020,6,48892,1197,83.8,12.3,1,Diesel,Manual,2.13
32,Kia,Compass,2024,2,67773,1497,104.7,23.3,1,Petrol,Manual,4.92
33,Tata,Venue,2018,8,125129,1197,93.4,18.6,2,Petrol,Manual,1.75
34,Mahindra,Tiago,2019,7,53468,2184,136.0,21.3,2,Petrol,Automatic,3.67
35,Honda,Innova Crysta,2023,3,33644,1598,102.9,22.9,1,Petrol,Manual,4.01
36,Skoda,Venue,2021,5,61887,1199,94.8,17.8,1,Petrol,Manual,2.41
37,Jeep,Swift,2022,4,45644,1199,86.2,16.6,2,Petrol,Automatic,3.46
38,Skoda,Glanza,2018,8,67146,2198,154.8,10.5,3,Diesel,Automatic,3.11
39,Skoda,Compass,2017,9,137801,2184,161.3,13.1,1,CNG,Manual,2.25
40,MG,Seltos,2018,8,7851,1956,121.2,22.0,1,Petrol,Manual,2.57
41,Kia,Thar,2019,7,117652,1497,118.5,13.8,1,Diesel,Automatic,2.94
42,Kia,Hector,2025,1,104178,2184,142.7,14.7,2,Diesel,Manual,6.82
43,Skoda,Aura,2023,3,80517,1956,135.8,16.5,2,Diesel,Automatic,5.43
44,Hyundai,XUV700,2024,2,108056,1197,81.9,19.9,1,Petrol,Automatic,4.08
45,Volkswagen,Baleno,2023,3,77370,1498,119.2,15.0,1,Diesel,Automatic,4.43
46,Tata,Glanza,2023,3,7197,998,77.1,24.5,1,Petrol,Automatic,3.47
47,Hyundai,Glanza,2018,8,38431,1997,143.8,19.0,2,Petrol,Manual,2.57
48,MG,Nexon,2024,2,37234,2184,141.6,10.0,1,Diesel,Manual,6.99
49,Nissan,XUV 3XO,2018,8,84540,2184,161.7,23.2,2,Diesel,Manual,2.3
50,Hyundai,Alcazar,2021,5,68541,1598,131.2,16.7,1,Diesel,Manual,3.07
51,Kia,Kwid,2023,3,88733,998,83.9,19.0,2,Diesel,Manual,3.37
52,Tata,Sonet,2023,3,141738,2198,163.5,24.7,3,Petrol,Automatic,4.46
53,Volkswagen,Kwid,2022,4,51936,1956,145.3,15.9,1,Petrol,Manual,4.63
54,Maruti Suzuki,Swift,2025,1,94398,1498,123.7,10.7,1,Petrol,Manual,4.55
55,Jeep,City,2024,2,9443,1197,84.7,10.8,1,Petrol,Manual,4.14
56,Kia,Altroz,2021,5,105624,1497,127.9,14.4,2,Petrol,Manual,2.68
57,Skoda,Amaze,2017,9,44624,2184,142.1,11.3,1,Petrol,Manual,2.19
58,Skoda,Carens,2025,1,118474,1199,96.0,23.3,2,Petrol,Automatic,4.64
59,Jeep,Fortuner,2019,7,109059,1598,113.7,24.9,2,Diesel,Manual,2.96
60,Maruti Suzuki,Kiger,2021,5,32501,2184,165.7,24.7,2,CNG,Manual,4.03
61,Tata,Kiger,2025,1,12739,2184,142.3,13.6,1,Diesel,Manual,6.91
62,Nissan,XUV 3XO,2017,9,67239,1197,77.0,19.6,1,Petrol,Manual,1.25
63,Toyota,Celerio,2018,8,47121,1956,145.0,18.4,1,Diesel,Automatic,3.56
64,Kia,Hector,2018,8,102421,998,89.1,21.0,2,Diesel,Automatic,2.12
65,Volkswagen,Sonet,2024,2,56278,1956,129.3,21.4,1,Petrol,Manual,5.25
66,Honda,S-Presso,2019,7,27255,1498,125.2,20.0,1,Petrol,Automatic,2.96
67,Skoda,Wagon R,2018,8,62938,1598,111.5,19.2,1,Diesel,Manual,2.45
68,Kia,Polo,2025,1,102571,1956,143.1,15.2,1,Diesel,Automatic,7.09
69,Volkswagen,Virtus,2017,9,106563,1956,137.6,13.9,1,CNG,Manual,2.48
70,Volkswagen,i20,2021,5,81564,998,79.6,14.4,1,Diesel,Automatic,2.71
71,Maruti Suzuki,Wagon R,2019,7,157525,1497,105.5,18.5,2,Petrol,Manual,1.91
72,Jeep,Wagon R,2017,9,136675,998,90.4,16.3,1,Diesel,Manual,1.98
73,Hyundai,Wagon R,2019,7,52057,1997,144.7,24.9,2,Petrol,Manual,2.9
74,Jeep,Seltos,2020,6,13599,1199,90.5,18.4,2,Petrol,Manual,2.19
75,Skoda,Fortuner,2024,2,127734,2198,149.5,23.7,1,Petrol,Manual,5.72
76,Skoda,Taigun,2025,1,110979,2184,138.3,21.0,1,Petrol,Manual,6.34
77,Hyundai,Celerio,2020,6,42748,998,67.4,11.0,1,Petrol,Manual,1.92
78,Nissan,Glanza,2022,4,152285,1497,114.4,15.1,1,Diesel,Manual,2.74
79,Maruti Suzuki,Elevate,2017,9,131280,1197,105.7,16.1,2,Petrol,Automatic,1.94
80,Honda,Punch,2023,3,143494,1497,120.1,23.7,1,Diesel,Manual,3.93
81,Renault,Verna,2019,7,21661,2184,147.0,21.4,1,Petrol,Manual,2.15
82,Kia,Carens,2017,9,152318,1497,105.5,15.2,2,Petrol,Manual,1.48
83,Volkswagen,Amaze,2019,7,94589,1497,107.3,22.1,1,CNG,Manual,2.64
84,Jeep,Compass,2024,2,121873,1956,128.5,15.3,1,Petrol,Manual,5.82
85,Renault,Seltos,2022,4,153946,998,67.7,15.7,1,Petrol,Automatic,2.47
86,Kia,Safari,2017,9,113339,998,69.9,13.2,1,Petrol,Manual,1.47
87,Tata,i20,2025,1,81068,1498,127.0,24.0,1,Diesel,Manual,4.97
88,Nissan,Brezza,2021,5,85087,1498,101.2,23.7,1,Petrol,Manual,1.94
89,Mahindra,Alto K10,2024,2,92132,1956,137.4,13.9,2,Petrol,Manual,5.28
90,Kia,Punch,2024,2,89953,1598,122.1,18.2,1,Petrol,Manual,4.94
91,Jeep,Brezza,2022,4,55300,1199,78.1,16.7,1,CNG,Manual,3.61
92,MG,Safari,2021,5,146079,1598,128.5,17.3,2,CNG,Manual,3.43
93,Jeep,Punch,2021,5,33518,1197,82.6,23.8,1,Petrol,Manual,2.91
94,Honda,Venue,2024,2,84168,1197,80.0,14.6,1,Petrol,Automatic,4.3
95,Nissan,Elevate,2018,8,125690,998,86.3,12.3,1,Diesel,Manual,1.52
96,Honda,Aura,2017,9,142957,1199,88.6,23.9,2,Petrol,Automatic,1.73
97,Toyota,City,2025,1,109267,2198,152.7,20.0,1,Petrol,Manual,7.56
98,Honda,Alcazar,2023,3,158609,1956,150.8,21.9,1,Petrol,Manual,4.41
99,Toyota,Nexon,2022,4,56312,1598,124.2,24.7,3,Petrol,Automatic,4.39
100,MG,Elevate,2019,7,158691,1598,120.5,19.7,2,Petrol,Manual,2.31
101,Mahindra,Fortuner,2017,9,39461,2184,145.8,16.6,2,Diesel,Manual,2.59
102,MG,Punch,2020,6,40982,1497,115.2,10.2,2,Petrol,Automatic,3.23
103,Tata,Swift,2020,6,137520,1956,127.3,24.9,1,Diesel,Automatic,3.06
104,Kia,Nexon,2024,2,109532,1498,126.1,15.7,1,CNG,Automatic,5.62
105,Honda,Nexon,2024,2,148802,998,66.4,14.1,1,Petrol,Automatic,3.15
106,Mahindra,Bolero,2023,3,19692,1197,94.5,25.0,1,Petrol,Automatic,4.11
107,MG,Sonet,2024,2,82976,1956,148.8,20.9,3,Diesel,Manual,5.93
108,Tata,Sonet,2021,5,86533,998,96.5,14.0,2,Petrol,Manual,1.93
109,Toyota,Sonet,2025,1,106696,998,82.0,19.9,1,Petrol,Manual,4.35
110,Toyota,Alto K10,2022,4,30185,998,82.2,24.5,1,CNG,Manual,3.03
111,Mahindra,Sonet,2024,2,12657,2184,162.2,19.2,1,Petrol,Manual,7.08
112,Hyundai,i20,2017,9,153776,1197,80.5,15.0,2,Diesel,Automatic,1.78
113,Tata,Brezza,2023,3,156730,1197,96.0,13.3,3,Petrol,Automatic,3.23
114,MG,Hector,2023,3,152158,1199,82.5,19.5,1,Diesel,Automatic,3.9
115,Skoda,Astor,2021,5,93012,1197,107.7,17.2,1,CNG,Manual,2.78
116,Mahindra,Slavia,2018,8,6074,2198,150.5,10.5,3,Diesel,Manual,2.87
117,Kia,Taigun,2020,6,158828,1598,101.3,21.6,1,Petrol,Manual,2.68
118,Maruti Suzuki,Seltos,2023,3,23574,1497,120.9,19.7,1,Petrol,Manual,3.72
119,Maruti Suzuki,Seltos,2018,8,102494,1598,127.5,17.9,1,Diesel,Automatic,2.61
120,Volkswagen,Astor,2019,7,118311,1197,95.1,22.4,3,Petrol,Manual,1.52
121,Maruti Suzuki,Kwid,2022,4,20280,1497,99.1,20.8,3,Diesel,Automatic,3.65
122,Jeep,S-Presso,2021,5,77459,1197,84.2,10.6,2,Diesel,Manual,2.78
123,Skoda,Magnite,2022,4,11382,2198,153.2,18.1,1,Petrol,Manual,4.85
124,Toyota,Celerio,2023,3,38550,1997,135.0,14.7,2,Petrol,Automatic,6.1
125,Kia,Thar,2019,7,119510,2198,152.8,20.3,2,Petrol,Manual,2.89
126,Jeep,Aura,2020,6,91216,1199,92.7,17.5,1,Diesel,Manual,2.59
127,Honda,Innova Crysta,2022,4,25933,1199,96.1,20.4,1,Petrol,Automatic,3.24
128,Toyota,Grand i10 Nios,2025,1,24066,2184,165.6,10.4,1,Diesel,Manual,9.04
129,MG,Verna,2017,9,22026,2198,163.8,12.1,1,Petrol,Manual,2.64
130,Honda,XUV700,2021,5,116279,998,89.9,18.3,2,Petrol,Automatic,2.65
131,Skoda,Virtus,2025,1,131938,1598,100.7,13.3,2,Petrol,Automatic,5.26
132,Mahindra,Hector,2022,4,47443,1197,104.5,10.2,1,Petrol,Automatic,3.57
133,Skoda,Wagon R,2024,2,40874,1956,124.6,18.0,1,Petrol,Automatic,6.05
134,MG,Thar,2025,1,145396,1997,147.9,10.5,1,Petrol,Manual,6.55
135,Nissan,Thar,2022,4,54946,1498,102.6,24.1,1,Petrol,Manual,2.45
136,Honda,Urban Cruiser Hyryder,2020,6,6985,1598,111.4,11.8,2,Petrol,Automatic,3.41
137,Nissan,Altroz,2023,3,11087,1497,100.2,19.9,1,Diesel,Manual,3.37
138,Mahindra,Harrier,2022,4,31319,1997,124.0,12.5,2,Diesel,Automatic,4.83
139,Skoda,Astor,2023,3,113477,1956,127.7,24.2,2,Diesel,Manual,4.97
140,Nissan,Wagon R,2017,9,85834,1997,124.5,16.1,1,Petrol,Automatic,1.7
141,Kia,Alcazar,2018,8,129644,998,90.7,13.3,2,CNG,Automatic,1.88
142,Jeep,City,2025,1,142290,998,76.1,20.0,1,Diesel,Manual,4.01
143,Renault,Swift,2021,5,149377,998,78.0,22.0,1,Petrol,Manual,1.43
144,Toyota,Punch,2017,9,54012,1598,103.1,10.6,1,Diesel,Manual,2.33
145,Hyundai,Triber,2024,2,124720,2198,155.2,10.6,2,Petrol,Manual,5.04
146,Jeep,Taigun,2021,5,59369,2198,165.3,23.4,2,Petrol,Manual,4.51
147,Skoda,Astor,2020,6,48952,1598,108.9,13.9,2,Petrol,Manual,2.55
148,Nissan,Baleno,2024,2,144341,1197,77.2,16.2,2,Petrol,Automatic,2.91
149,Volkswagen,Kwid,2023,3,134436,2198,144.6,21.5,2,Petrol,Manual,4.36
150,Renault,Dzire,2021,5,88386,1197,86.8,24.4,2,Diesel,Manual,2.34
151,MG,XUV700,2021,5,12337,998,99.8,13.1,2,Diesel,Manual,2.71
152,Volkswagen,Dzire,2022,4,105242,1956,127.6,21.0,1,Petrol,Manual,3.74
153,Hyundai,Slavia,2025,1,148637,1498,105.6,18.8,2,Diesel,Automatic,5.1
154,Jeep,Wagon R,2020,6,75711,1197,86.8,19.8,2,Petrol,Manual,2.03
155,Jeep,Seltos,2019,7,108948,1956,123.2,10.1,1,Petrol,Automatic,3.12
156,Mahindra,i20,2017,9,108646,998,88.6,16.6,2,Petrol,Manual,1.25
157,Jeep,Punch,2018,8,157057,2184,143.1,19.1,1,Petrol,Automatic,2.89
158,Jeep,Safari,2025,1,119944,2184,132.3,18.6,2,Diesel,Manual,6.8
159,MG,Wagon R,2018,8,112240,1598,113.5,18.2,2,CNG,Manual,1.93
160,MG,Bolero,2019,7,63557,1497,110.9,23.7,2,Petrol,Manual,1.97
161,Mahindra,Triber,2022,4,65863,1197,83.2,12.6,2,Petrol,Manual,2.79
162,Renault,Altroz,2025,1,7958,1997,152.3,24.9,2,Petrol,Manual,5.24
163,Toyota,Slavia,2020,6,22095,1199,86.8,16.2,1,Diesel,Manual,2.74
164,Kia,Kushaq,2019,7,155851,2184,156.8,13.9,1,Petrol,Manual,2.98
165,Jeep,Scorpio,2023,3,138455,2184,161.9,20.6,1,Diesel,Manual,5.68
166,Jeep,Thar,2023,3,127223,1956,152.9,15.3,2,CNG,Manual,5.44
167,Volkswagen,Sonet,2021,5,77251,1956,152.1,15.3,1,CNG,Manual,3.76
168,MG,Seltos,2025,1,35413,998,77.2,20.0,1,Petrol,Automatic,4.62
169,Renault,Wagon R,2025,1,130875,1956,129.3,24.7,1,Diesel,Manual,5.06
170,MG,Safari,2024,2,129351,2184,156.6,24.8,3,Petrol,Automatic,5.88
171,Tata,Seltos,2024,2,11067,1498,117.3,11.0,1,Petrol,Manual,4.59
172,Kia,Bolero,2024,2,117459,2184,146.3,24.0,2,Petrol,Automatic,6.33
173,Mahindra,Punch,2023,3,127499,1199,87.0,16.8,2,Diesel,Manual,3.7
174,Hyundai,Triber,2017,9,68030,1497,93.7,22.9,1,Diesel,Manual,1.88
175,Kia,Alcazar,2019,7,138841,1498,111.8,17.4,2,Petrol,Manual,2.01
176,Honda,Baleno,2021,5,87126,1497,93.8,18.6,2,Diesel,Manual,2.98
177,Nissan,XUV 3XO,2022,4,33156,1997,153.6,18.3,2,Petrol,Manual,3.37
178,MG,Carens,2023,3,7760,1598,103.8,10.8,2,Petrol,Manual,4.48
179,Hyundai,Innova Crysta,2022,4,18841,1956,119.1,20.6,2,Petrol,Manual,4.05
180,Skoda,Safari,2023,3,140699,1199,95.6,23.2,2,Diesel,Manual,3.09
181,Skoda,Triber,2021,5,159161,1497,128.1,18.4,1,Diesel,Manual,3.44
182,Volkswagen,Thar,2017,9,121336,1199,80.3,23.8,2,Petrol,Manual,1.25
183,Nissan,Grand i10 Nios,2020,6,124999,1199,102.6,16.9,2,Petrol,Automatic,2.28
184,Volkswagen,Tiago,2024,2,93654,1199,82.1,19.3,2,Diesel,Automatic,4.54
185,Renault,Urban Cruiser Hyryder,2021,5,66349,1997,130.1,24.1,1,Petrol,Manual,2.56
186,Toyota,Innova Crysta,2021,5,80850,1498,127.9,13.3,1,Petrol,Manual,3.42
187,Toyota,Punch,2021,5,73575,2198,136.3,11.5,2,Petrol,Automatic,4.6
188,Nissan,Urban Cruiser Hyryder,2023,3,84693,2198,163.1,24.0,1,Petrol,Manual,4.32
189,Jeep,Punch,2024,2,133295,1498,112.2,22.8,1,Petrol,Automatic,4.84
190,Kia,Polo,2023,3,121401,1497,99.0,13.8,1,Petrol,Manual,3.62
191,Skoda,Bolero,2023,3,121913,1199,102.2,20.0,1,Diesel,Manual,3.58
192,Nissan,Kwid,2019,7,134542,1497,98.4,16.3,1,Petrol,Automatic,1.73
193,Hyundai,Swift,2019,7,60511,1498,115.2,14.7,3,Petrol,Manual,2.21
194,Kia,Swift,2022,4,148018,1199,100.9,12.4,1,Diesel,Manual,3.48
195,Volkswagen,Glanza,2020,6,159682,1498,125.0,18.0,1,Petrol,Manual,2.58
196,Maruti Suzuki,Elevate,2025,1,130074,1598,131.0,12.2,2,Petrol,Automatic,5.09
197,Hyundai,Venue,2020,6,156775,1197,94.2,10.6,1,Petrol,Manual,1.68
198,Toyota,Taigun,2025,1,23921,998,96.9,18.5,1,Petrol,Automatic,5.2
199,Skoda,Grand i10 Nios,2018,8,41027,2184,140.5,22.6,1,Diesel,Manual,2.8
200,Renault,Punch,2024,2,157149,1498,127.5,24.1,1,Diesel,Manual,3.51
201,Tata,Brezza,2024,2,71315,1199,94.5,22.6,1,CNG,Manual,3.96
202,Toyota,City,2018,8,25576,1956,140.9,24.9,2,Petrol,Automatic,2.91
203,Jeep,Thar,2020,6,155974,1997,126.0,24.2,2,Petrol,Manual,2.77
204,Kia,Kiger,2017,9,124377,2184,146.6,18.7,1,Diesel,Automatic,3.17
205,Maruti Suzuki,Carens,2021,5,42305,2198,132.5,14.7,1,Petrol,Manual,3.74
206,Maruti Suzuki,Aura,2019,7,100115,1498,104.3,21.6,1,CNG,Manual,2.09
207,Jeep,Bolero,2023,3,22488,1997,128.9,14.9,2,Petrol,Manual,5.16
208,Renault,Bolero,2022,4,151634,2198,166.7,10.6,2,Petrol,Automatic,3.46
209,MG,Triber,2017,9,13857,1498,124.6,24.8,1,Diesel,Manual,2.32
210,Skoda,City,2022,4,44669,2184,144.0,10.4,1,CNG,Automatic,5.59
211,Maruti Suzuki,Taigun,2022,4,61432,1498,100.8,14.2,3,Petrol,Manual,2.85
212,Honda,Triber,2021,5,72767,1498,94.3,12.8,1,Diesel,Manual,2.79
213,Toyota,Sonet,2023,3,141609,1197,79.5,13.7,2,Petrol,Automatic,3.85
214,MG,Celerio,2021,5,116074,1598,120.5,21.2,3,Petrol,Manual,2.87
215,Volkswagen,Swift,2022,4,20561,1199,101.4,20.5,2,CNG,Manual,3.33
216,Volkswagen,Compass,2017,9,130781,1956,149.8,12.1,1,Petrol,Automatic,2.26
217,Mahindra,Urban Cruiser Hyryder,2020,6,13878,1197,90.1,12.6,1,Petrol,Manual,2.28
218,Nissan,Thar,2017,9,142287,1997,142.2,20.4,1,CNG,Manual,2.09
219,Toyota,Bolero,2024,2,9755,1199,92.0,12.3,1,Petrol,Manual,4.95
220,Toyota,Venue,2019,7,70133,2184,133.6,24.8,2,Petrol,Automatic,3.28
221,Maruti Suzuki,City,2021,5,111254,1498,97.5,19.8,3,Petrol,Manual,2.55
222,Renault,Alto K10,2018,8,89274,2184,160.4,18.6,3,Diesel,Manual,2.51
223,Skoda,Compass,2023,3,45828,1497,110.1,10.6,1,Diesel,Manual,4.61
224,Honda,Scorpio,2018,8,148823,1199,94.1,18.7,1,Petrol,Manual,1.71
225,MG,Wagon R,2018,8,125883,1598,120.6,15.9,1,Petrol,Automatic,2.85
226,Mahindra,Aura,2020,6,80904,998,76.6,20.2,1,Petrol,Manual,2.13
227,Volkswagen,Seltos,2022,4,127892,1197,93.4,14.0,1,Petrol,Manual,2.43
228,Honda,Taigun,2023,3,155066,998,67.7,11.2,2,Petrol,Manual,2.48
229,Kia,Verna,2019,7,61321,1498,127.0,17.6,2,CNG,Automatic,2.94
230,Toyota,Seltos,2023,3,141349,998,73.4,17.9,1,Petrol,Automatic,3.54
231,Skoda,Compass,2022,4,103456,1956,132.2,21.5,2,Diesel,Manual,4.24
232,Maruti Suzuki,Compass,2021,5,13931,1997,140.9,17.8,2,Petrol,Manual,3.32
233,Honda,Elevate,2018,8,28873,1497,120.8,24.7,2,Diesel,Manual,2.2
234,Tata,Urban Cruiser Hyryder,2020,6,46385,1956,144.1,16.4,1,Petrol,Manual,3.19
235,Toyota,Tiago,2021,5,118072,2184,131.4,15.0,2,Diesel,Manual,3.97
236,Tata,XUV700,2024,2,59150,2184,150.0,14.3,1,Petrol,Manual,5.89
237,Renault,Amaze,2022,4,60262,1997,150.2,12.6,1,Diesel,Manual,3.53
238,Skoda,Magnite,2018,8,92679,1598,103.6,12.7,1,Petrol,Manual,2.24
239,Mahindra,Elevate,2021,5,16776,1598,130.9,10.9,2,CNG,Automatic,4.24
240,Maruti Suzuki,Thar,2022,4,134644,1199,80.9,15.2,1,Diesel,Manual,2.87
241,Nissan,Glanza,2018,8,99901,1497,94.9,10.6,1,Diesel,Manual,1.44
242,Jeep,Carens,2023,3,143166,1498,113.8,20.0,1,Diesel,Manual,4.11
243,Volkswagen,Slavia,2019,7,48722,1498,98.7,11.0,2,Petrol,Manual,2.23
244,Mahindra,Virtus,2021,5,28715,1498,106.6,12.9,3,CNG,Manual,3.11
245,Nissan,XUV700,2019,7,110772,998,99.3,13.4,1,CNG,Manual,1.38
246,Nissan,Brezza,2021,5,127110,1956,144.2,24.3,1,Petrol,Manual,2.58
247,Volkswagen,Venue,2021,5,109050,1956,146.2,13.3,1,Petrol,Automatic,3.71
248,Toyota,S-Presso,2020,6,134338,1498,104.9,18.6,1,Petrol,Automatic,3.33
249,Volkswagen,Brezza,2023,3,38692,1956,129.4,14.0,1,CNG,Manual,5.01
250,Kia,Wagon R,2023,3,125868,1956,145.8,13.0,3,Diesel,Manual,4.48
251,Jeep,XUV 3XO,2021,5,48084,1497,95.8,21.3,1,Petrol,Manual,3.38
252,Toyota,Amaze,2021,5,34777,1498,105.3,21.4,1,Petrol,Automatic,3.84
253,Kia,Safari,2020,6,78802,2184,148.0,17.8,1,Diesel,Manual,3.55
254,Skoda,Amaze,2017,9,16023,1956,153.3,11.4,1,Diesel,Manual,2.35
255,Toyota,Hector,2023,3,108155,1498,99.8,16.3,1,Diesel,Manual,4.49
256,Toyota,Verna,2025,1,58345,1498,115.9,19.3,1,Petrol,Automatic,6.81
257,Nissan,Innova Crysta,2023,3,89589,1956,125.2,12.3,3,CNG,Automatic,3.75
258,Kia,Celerio,2018,8,81549,1199,101.9,16.8,1,Diesel,Manual,2.29
259,Hyundai,Magnite,2019,7,12509,998,92.8,22.6,1,Petrol,Manual,1.98
260,Honda,Swift,2025,1,135685,1199,78.3,15.3,1,Diesel,Manual,4.33
261,Renault,Tiago,2024,2,40504,1199,98.2,22.3,1,Diesel,Manual,3.78
262,Tata,XUV 3XO,2017,9,37377,2198,145.9,16.1,1,CNG,Automatic,3.03
263,Renault,Taigun,2020,6,19491,2184,160.7,23.1,1,Petrol,Manual,2.99
264,Kia,Kushaq,2021,5,49697,1997,150.5,10.3,1,Petrol,Manual,4.26
265,Jeep,Creta,2018,8,83037,1197,107.0,12.7,1,Diesel,Manual,2.25
266,Mahindra,Baleno,2021,5,118071,1997,127.8,24.4,1,Petrol,Automatic,3.92
267,Volkswagen,Carens,2019,7,38205,2198,150.4,15.9,1,CNG,Manual,3.44
268,Maruti Suzuki,Virtus,2020,6,147010,1197,89.2,22.9,1,Petrol,Manual,1.5
269,Volkswagen,Wagon R,2023,3,127828,1497,126.7,10.9,2,CNG,Manual,4.23
270,Honda,Alto K10,2019,7,152936,1956,148.2,14.0,3,Petrol,Manual,2.09
271,Maruti Suzuki,Safari,2024,2,14927,1997,136.3,17.4,2,Diesel,Manual,5.54
272,Tata,Alto K10,2018,8,23529,1598,125.3,21.2,1,CNG,Automatic,2.36
273,Jeep,Swift,2024,2,42594,1197,104.2,15.8,2,Diesel,Manual,4.82
274,Renault,Glanza,2019,7,151176,1498,117.2,17.3,2,Diesel,Manual,2.19
275,Nissan,Alcazar,2020,6,107949,998,93.1,24.8,1,Petrol,Automatic,2.35
276,Toyota,Alcazar,2021,5,22768,1956,129.4,24.2,2,Petrol,Manual,3.97
277,Renault,Bolero,2025,1,158958,2198,136.7,14.8,3,Petrol,Automatic,5.21
278,Hyundai,Carens,2021,5,111348,1956,152.6,10.1,1,Petrol,Automatic,3.77
279,Maruti Suzuki,Bolero,2018,8,87071,1498,96.1,12.4,1,Petrol,Manual,1.61
280,MG,XUV 3XO,2025,1,27127,1197,105.8,12.0,2,Petrol,Automatic,5.45
281,Volkswagen,Polo,2018,8,140359,1598,128.0,18.9,2,Diesel,Manual,2.37
282,Skoda,Alcazar,2022,4,83230,1997,136.6,22.0,2,Diesel,Manual,4.53
283,MG,Celerio,2023,3,121511,1199,107.8,18.9,2,CNG,Manual,3.51
284,Skoda,Alto K10,2022,4,70492,1199,86.5,19.0,2,Petrol,Automatic,3.35
285,Tata,Astor,2025,1,124496,2184,133.3,10.6,1,CNG,Manual,5.97
286,Mahindra,Bolero,2022,4,72253,998,89.2,23.7,3,Petrol,Automatic,2.86
287,Skoda,Brezza,2017,9,133246,1199,109.0,17.9,1,Petrol,Automatic,2.03
288,Tata,i20,2020,6,146927,2184,147.1,21.9,1,Diesel,Manual,3.41
289,Tata,S-Presso,2023,3,25377,2198,159.3,14.8,2,Diesel,Manual,5.23
290,Honda,Sonet,2022,4,138398,2198,153.7,12.2,1,CNG,Manual,4.5
291,Nissan,Kushaq,2021,5,49254,1997,129.3,18.7,3,CNG,Automatic,3.26
292,Maruti Suzuki,Astor,2022,4,6968,1199,97.6,20.8,1,Diesel,Automatic,3.43
293,Toyota,Wagon R,2021,5,20949,2198,137.4,19.2,1,CNG,Manual,4.88
294,Jeep,Baleno,2020,6,68734,1497,119.0,10.8,1,Diesel,Manual,3.14
295,Tata,Hector,2020,6,137823,1497,108.9,23.5,2,Petrol,Manual,2.28
296,Mahindra,i20,2020,6,17122,1997,136.0,14.2,1,Petrol,Automatic,4.25
297,Honda,Wagon R,2024,2,123634,1497,127.0,10.4,2,Diesel,Automatic,5.01
298,Honda,Kwid,2020,6,41999,1956,121.7,16.3,1,Petrol,Automatic,3.19
299,Volkswagen,Brezza,2019,7,89222,998,75.6,17.4,2,Petrol,Manual,1.56
300,Jeep,Venue,2020,6,38526,1199,83.8,16.9,1,Petrol,Automatic,2.93
301,Hyundai,Punch,2021,5,27781,1498,104.5,17.0,1,Petrol,Automatic,3.71
302,Tata,Kushaq,2019,7,45263,1956,147.7,19.4,1,Petrol,Manual,2.66
303,Renault,Alto K10,2017,9,132570,1497,115.5,15.7,1,Petrol,Automatic,1.81
304,Maruti Suzuki,Creta,2023,3,133784,1498,121.8,23.2,2,Petrol,Manual,3.16
305,Maruti Suzuki,Kiger,2021,5,94279,2184,157.0,21.8,3,Petrol,Manual,2.88
306,Jeep,Seltos,2024,2,116023,1997,129.8,16.8,1,Petrol,Manual,5.5
307,Jeep,Wagon R,2020,6,44842,1197,103.9,14.7,1,Diesel,Manual,3.11
308,Volkswagen,Innova Crysta,2025,1,97707,1997,130.0,18.6,1,Diesel,Manual,6.24
309,Maruti Suzuki,Alto K10,2024,2,92432,1598,124.7,19.7,1,CNG,Manual,4.09
310,Toyota,Taigun,2021,5,20216,1197,97.8,19.3,2,Petrol,Manual,3.25
311,Skoda,Carens,2023,3,20088,2198,153.6,17.8,1,Petrol,Manual,5.34
312,Maruti Suzuki,Fortuner,2024,2,125372,1497,124.4,15.9,2,Petrol,Manual,3.7
313,Jeep,Verna,2024,2,40460,1956,129.8,21.2,1,Petrol,Automatic,6.57
314,Renault,Scorpio,2022,4,33380,1956,142.9,13.3,2,Petrol,Manual,3.39
315,Honda,Punch,2022,4,48961,2198,137.5,11.4,1,Petrol,Manual,4.41
316,MG,Bolero,2018,8,59398,2198,156.3,12.9,2,Diesel,Manual,2.95
317,Hyundai,Polo,2017,9,154732,1498,128.1,25.0,2,Diesel,Manual,1.9
318,Renault,Harrier,2022,4,93982,1498,126.0,13.3,2,Petrol,Manual,2.73
319,Kia,Tiago,2022,4,25926,1956,134.5,14.5,1,Diesel,Manual,4.99
320,Nissan,Magnite,2017,9,58799,1997,132.1,18.2,1,Petrol,Manual,1.45
321,Honda,Celerio,2018,8,79684,1497,97.5,16.8,1,Diesel,Manual,2.4
322,Maruti Suzuki,Glanza,2025,1,23130,1199,111.5,22.6,2,Diesel,Automatic,4.8
323,Tata,Polo,2021,5,86378,998,89.4,24.1,1,Diesel,Automatic,3.23
324,Mahindra,City,2024,2,139425,1497,103.3,11.3,1,Petrol,Manual,4.43
325,Volkswagen,Tiago,2018,8,37884,2184,135.6,10.7,1,CNG,Manual,2.71
326,Volkswagen,Verna,2021,5,28971,998,75.8,16.0,1,Petrol,Automatic,3.08
327,Skoda,Innova Crysta,2023,3,79823,1956,138.1,24.7,2,Petrol,Manual,4.72
328,Nissan,Dzire,2020,6,51323,2198,150.3,15.9,2,Petrol,Manual,2.62
329,Maruti Suzuki,Celerio,2025,1,24014,1997,141.6,20.4,1,Petrol,Automatic,6.12
330,Kia,Venue,2018,8,129938,1956,143.7,17.9,2,Diesel,Manual,2.71
331,Jeep,Polo,2024,2,70424,2198,147.7,10.6,1,Petrol,Manual,6.71
332,Maruti Suzuki,Tiago,2023,3,90251,1598,106.0,23.8,1,Petrol,Manual,3.39
333,Renault,Kiger,2023,3,15925,2184,157.5,23.5,3,Petrol,Automatic,4.47
334,Mahindra,Tiago,2023,3,40896,2198,161.5,13.0,2,Petrol,Manual,5.62
335,Renault,S-Presso,2017,9,127588,1498,119.8,17.1,1,Petrol,Manual,1.25
336,Renault,Fortuner,2020,6,19644,1956,141.7,24.4,1,Petrol,Automatic,3.26
337,Honda,Thar,2021,5,134932,1997,147.9,22.4,1,Petrol,Manual,3.41
338,Hyundai,Polo,2018,8,60176,1956,132.4,22.9,1,Petrol,Manual,2.25
339,Nissan,Alcazar,2019,7,29691,998,97.4,17.0,1,Petrol,Automatic,2.26
340,Toyota,Verna,2022,4,103850,1997,144.1,20.4,2,Petrol,Manual,4.23
341,Jeep,Baleno,2021,5,130231,1598,113.9,13.2,1,Diesel,Manual,3.28
342,Kia,Nexon,2017,9,61466,1197,94.5,20.5,1,Petrol,Manual,1.54
343,Tata,Carens,2025,1,59049,1199,84.0,20.3,1,Petrol,Automatic,4.77
344,Mahindra,City,2021,5,131588,1997,155.6,14.3,1,Diesel,Automatic,4.65
345,MG,i20,2017,9,113519,1197,108.8,13.0,1,Diesel,Manual,1.92
346,Volkswagen,Verna,2017,9,58531,1197,92.2,18.6,1,Petrol,Automatic,1.88
347,Renault,i20,2018,8,147989,2184,145.9,18.9,1,Diesel,Manual,2.38
348,Kia,Nexon,2023,3,90469,1497,113.0,14.4,2,Petrol,Automatic,4.54
349,Tata,Venue,2021,5,36030,1956,122.3,23.9,2,Petrol,Manual,3.12
350,Renault,Fortuner,2017,9,116072,1598,119.6,16.7,1,Petrol,Manual,1.59
351,Honda,Innova Crysta,2018,8,74726,1956,136.8,15.0,1,CNG,Manual,2.49
352,MG,Swift,2018,8,76903,1199,77.3,24.2,1,Diesel,Automatic,2.24
353,Maruti Suzuki,S-Presso,2024,2,85542,2198,159.8,20.6,1,Petrol,Manual,5.15
354,MG,Verna,2022,4,109922,1197,78.3,19.0,2,Petrol,Manual,2.61
355,Nissan,Seltos,2023,3,50314,998,80.8,10.4,1,CNG,Automatic,3.0
356,Volkswagen,Innova Crysta,2017,9,140341,1997,150.9,15.5,1,CNG,Automatic,2.73
357,MG,Venue,2024,2,40426,1497,108.9,13.3,2,Diesel,Manual,4.94
358,Nissan,Aura,2020,6,103731,1197,82.4,10.4,1,Petrol,Automatic,2.18
359,Renault,Swift,2025,1,48087,1497,120.7,19.6,1,CNG,Manual,4.57
360,Renault,Wagon R,2025,1,41682,2184,131.6,23.3,1,Diesel,Manual,5.62
361,Nissan,Altroz,2017,9,99950,1997,130.3,14.0,1,Petrol,Manual,1.43
362,MG,Polo,2019,7,125036,2184,140.6,14.7,1,Petrol,Manual,2.65
363,Jeep,Venue,2019,7,68564,1199,93.6,16.3,1,Petrol,Manual,1.86
364,Toyota,Hector,2021,5,49357,1497,102.6,11.9,1,Petrol,Manual,3.29
365,Nissan,Carens,2017,9,34437,1956,123.4,13.5,1,Petrol,Automatic,2.39
366,Jeep,Altroz,2023,3,84184,1956,127.7,10.8,3,CNG,Manual,4.63
367,Toyota,Grand i10 Nios,2018,8,45628,2184,159.2,18.0,1,CNG,Manual,3.57
368,Hyundai,Tiago,2023,3,77029,1997,144.8,18.6,1,Petrol,Automatic,4.77
369,Volkswagen,XUV 3XO,2024,2,79647,1956,120.8,21.9,1,CNG,Automatic,5.72
370,MG,Bolero,2023,3,150388,1997,130.6,10.2,2,CNG,Automatic,5.12
371,Hyundai,Polo,2020,6,113407,1197,79.6,24.4,2,Petrol,Manual,1.96
372,Toyota,Altroz,2024,2,18884,2198,156.2,16.6,2,Petrol,Manual,6.76
373,Skoda,Compass,2023,3,144891,1498,120.4,12.1,1,Diesel,Manual,4.03
374,Hyundai,Kwid,2024,2,128636,1498,116.8,19.5,2,Petrol,Manual,3.76
375,MG,Slavia,2020,6,12783,998,90.3,19.0,1,Petrol,Manual,2.25
376,Kia,Aura,2021,5,157085,1497,114.5,25.0,1,Petrol,Automatic,3.06
377,MG,Punch,2023,3,88267,1997,132.2,13.1,2,Petrol,Manual,4.56
378,Honda,XUV 3XO,2019,7,97752,1199,77.7,13.2,3,CNG,Automatic,2.43
379,Toyota,Altroz,2025,1,76448,1997,130.1,14.1,1,Petrol,Manual,7.32
380,MG,Slavia,2023,3,131858,1598,110.2,17.4,2,Diesel,Manual,4.07
381,Honda,Kushaq,2017,9,107459,1956,129.4,17.6,1,CNG,Manual,2.41
382,Skoda,Elevate,2019,7,117956,998,95.5,21.6,3,Diesel,Manual,1.76
383,Honda,Bolero,2021,5,70013,1197,89.1,22.9,1,Petrol,Manual,2.77
384,Hyundai,Nexon,2021,5,82739,2184,147.6,11.2,1,Petrol,Automatic,4.33
385,Hyundai,Kwid,2018,8,19738,1197,94.8,23.9,1,Petrol,Automatic,2.39
386,Kia,Innova Crysta,2025,1,26767,998,80.4,25.0,1,Petrol,Automatic,5.04
387,Toyota,i20,2017,9,91665,1197,104.9,19.8,2,Diesel,Manual,1.91
388,Toyota,Verna,2021,5,120510,1199,80.4,21.4,1,Diesel,Manual,2.7
389,Toyota,Hector,2021,5,105610,1199,97.6,22.0,1,Petrol,Automatic,2.97
390,Honda,Grand i10 Nios,2018,8,140268,1497,107.1,13.7,2,Petrol,Manual,1.59
391,Nissan,Verna,2021,5,130044,1498,119.6,24.9,1,Petrol,Manual,2.09
392,Toyota,Altroz,2018,8,147231,2198,165.3,25.0,1,Petrol,Automatic,3.49
393,Hyundai,S-Presso,2017,9,36412,998,79.7,17.4,2,Petrol,Manual,1.25
394,Mahindra,Wagon R,2024,2,23729,2184,145.4,13.1,2,Petrol,Automatic,7.15
395,Toyota,Scorpio,2022,4,53807,1956,148.9,23.0,2,Diesel,Manual,4.96
396,Hyundai,Kiger,2019,7,49206,1997,127.5,22.2,2,Petrol,Manual,2.7
397,Volkswagen,Wagon R,2021,5,9417,1997,145.3,19.6,3,Petrol,Manual,3.56
398,Tata,Wagon R,2024,2,60591,1956,143.5,23.0,1,Petrol,Manual,5.35
399,Volkswagen,Kiger,2020,6,61495,2198,152.9,23.2,1,Petrol,Automatic,3.82
400,Toyota,Glanza,2022,4,73772,1498,123.7,17.7,1,Petrol,Automatic,4.52
401,Skoda,Kushaq,2024,2,150684,2184,136.9,22.1,1,Diesel,Manual,5.51
402,Maruti Suzuki,Magnite,2023,3,87396,1598,100.9,14.3,1,Petrol,Manual,3.73
403,Hyundai,Altroz,2018,8,138114,1197,89.5,24.0,2,Petrol,Automatic,1.57
404,Toyota,Harrier,2023,3,5093,1498,119.0,22.9,2,Diesel,Manual,4.76
405,Skoda,Celerio,2021,5,105551,998,99.8,16.5,2,Diesel,Manual,2.81
406,Mahindra,Hector,2024,2,157857,998,82.7,18.1,1,Petrol,Manual,3.21
407,Kia,Slavia,2020,6,58916,998,91.1,18.8,1,Petrol,Manual,2.07
408,Jeep,Triber,2018,8,16407,1956,145.7,12.1,2,CNG,Manual,2.89
409,Renault,Thar,2022,4,39887,1498,110.2,14.6,2,CNG,Manual,3.21
410,Toyota,Bolero,2019,7,29995,1197,77.3,22.0,3,Petrol,Automatic,2.22
411,Maruti Suzuki,XUV700,2023,3,13026,1997,139.9,19.2,1,Diesel,Manual,4.91
412,Honda,Verna,2024,2,54995,2184,146.0,21.4,1,Diesel,Automatic,6.97
413,Tata,Virtus,2022,4,154621,1497,124.6,13.5,1,Diesel,Manual,3.45
414,MG,Innova Crysta,2024,2,77705,1956,141.9,14.8,1,Petrol,Automatic,6.45
415,Tata,Innova Crysta,2017,9,118947,1497,110.8,19.1,2,Diesel,Manual,1.5
416,Toyota,Nexon,2023,3,71085,1956,143.2,19.9,1,Petrol,Manual,5.36
417,Mahindra,Brezza,2017,9,113175,2198,144.0,18.1,1,Diesel,Manual,2.78
418,Renault,Bolero,2023,3,6387,1997,130.5,22.8,1,Diesel,Manual,4.04
419,Kia,Compass,2018,8,55363,1956,127.2,15.3,1,CNG,Automatic,3.41
420,Tata,Altroz,2019,7,39367,1199,94.0,13.0,2,Petrol,Automatic,1.89
421,Maruti Suzuki,Carens,2018,8,107962,1598,104.0,23.0,2,Petrol,Manual,1.56
422,Volkswagen,Baleno,2021,5,20992,1199,97.2,15.6,1,Petrol,Automatic,2.8
423,Maruti Suzuki,Nexon,2019,7,126378,1197,92.8,10.3,1,Petrol,Automatic,1.8
424,Jeep,Celerio,2023,3,108199,1498,128.2,24.5,1,Petrol,Automatic,5.16
425,Renault,Urban Cruiser Hyryder,2018,8,9501,1498,107.5,13.0,1,Petrol,Manual,1.4
426,Kia,Polo,2020,6,14969,1997,127.4,12.3,1,CNG,Manual,3.78
427,Mahindra,Kwid,2025,1,59854,1997,140.0,21.4,1,Diesel,Manual,7.04
428,MG,City,2020,6,45564,1498,122.2,19.1,2,Petrol,Manual,2.51
429,Skoda,Fortuner,2022,4,32631,2198,133.1,20.1,1,Diesel,Manual,5.2
430,Skoda,Scorpio,2019,7,119709,1197,78.7,24.9,2,Petrol,Manual,1.43
431,Hyundai,Slavia,2019,7,146289,998,80.8,17.5,1,Petrol,Manual,1.74
432,MG,Wagon R,2018,8,55279,1997,151.8,24.1,2,Petrol,Manual,2.32
433,Hyundai,Harrier,2019,7,55013,1598,120.7,15.0,1,Petrol,Manual,2.51
434,Renault,Kwid,2019,7,28809,1498,125.3,11.5,1,Petrol,Automatic,2.5
435,Kia,Brezza,2020,6,73229,1498,113.2,11.2,1,Petrol,Manual,2.72
436,Tata,i20,2018,8,39169,1997,152.2,21.0,1,Petrol,Automatic,3.02
437,Nissan,Carens,2024,2,128493,1497,97.9,13.1,1,Petrol,Manual,3.24
438,Nissan,Fortuner,2018,8,44274,1197,103.7,19.3,1,Diesel,Manual,1.85
439,Hyundai,i20,2020,6,47986,1199,78.9,23.5,1,Diesel,Automatic,2.79
440,Tata,XUV700,2019,7,142320,1498,120.9,14.3,1,Petrol,Manual,2.16
441,Nissan,Creta,2020,6,63488,1997,126.3,19.2,1,Petrol,Manual,2.44
442,Mahindra,Harrier,2020,6,153141,998,95.1,14.0,1,Diesel,Automatic,2.56
443,Volkswagen,Magnite,2025,1,21146,1956,151.2,14.0,1,Petrol,Automatic,6.98
444,Honda,Grand i10 Nios,2024,2,138523,1197,77.2,12.7,2,Petrol,Manual,3.49
445,Renault,Nexon,2023,3,55599,1197,84.4,14.3,1,Petrol,Manual,2.87
446,Hyundai,Thar,2023,3,83999,1956,150.0,11.2,1,Diesel,Automatic,5.38
447,Mahindra,Altroz,2024,2,98329,2184,164.9,15.6,1,Petrol,Manual,6.67
448,Tata,Amaze,2020,6,94193,1197,81.6,12.5,2,Diesel,Manual,2.15
449,Maruti Suzuki,Harrier,2018,8,70613,2198,165.1,19.9,2,Petrol,Manual,2.04
450,Mahindra,Magnite,2017,9,87756,1197,96.0,14.9,1,Petrol,Manual,1.81
451,Maruti Suzuki,Celerio,2019,7,65090,1498,102.9,24.5,1,Petrol,Manual,1.72
452,Renault,Brezza,2024,2,9910,1199,102.8,16.1,2,Petrol,Manual,3.48
453,Honda,Alcazar,2017,9,123941,1498,126.1,12.0,2,CNG,Manual,2.14
454,Jeep,Nexon,2021,5,116559,1498,103.8,17.2,1,Petrol,Manual,3.28
455,Mahindra,Kiger,2019,7,31745,1197,87.6,14.0,3,Petrol,Automatic,2.11
456,Jeep,Kiger,2025,1,28757,1498,101.9,15.3,2,CNG,Automatic,6.21
457,Jeep,Nexon,2021,5,71245,1498,96.7,24.6,1,Diesel,Automatic,3.73
458,MG,Polo,2021,5,132731,998,66.1,24.7,1,Diesel,Automatic,2.53
459,Skoda,Bolero,2023,3,158817,1497,107.4,18.0,1,Petrol,Manual,3.44
460,Renault,Nexon,2017,9,145584,1197,80.5,18.1,1,Petrol,Manual,1.26
461,Kia,Baleno,2024,2,27214,1497,124.7,20.8,2,Petrol,Manual,4.69
462,Volkswagen,Seltos,2018,8,119352,1498,127.0,13.6,1,Petrol,Manual,1.78
463,Tata,Wagon R,2022,4,7323,998,67.4,22.3,1,Petrol,Manual,2.27
464,Renault,Sonet,2020,6,49121,1497,104.6,12.1,2,Petrol,Automatic,2.36
465,Renault,Baleno,2017,9,155989,1498,124.6,17.2,2,Petrol,Manual,1.54
466,Maruti Suzuki,XUV 3XO,2021,5,66985,1497,95.1,13.2,1,Diesel,Automatic,3.12
467,Maruti Suzuki,Amaze,2023,3,11809,1497,118.0,21.3,1,Petrol,Automatic,3.88
468,Hyundai,Triber,2025,1,87258,2198,157.3,18.3,1,Diesel,Manual,6.87
469,Toyota,Wagon R,2022,4,102679,1498,125.8,10.8,3,Petrol,Automatic,3.97
470,Volkswagen,Bolero,2021,5,143938,2184,145.0,20.0,2,Diesel,Automatic,4.42
471,Tata,Carens,2019,7,126360,1497,102.7,11.5,1,Petrol,Manual,2.1
472,Mahindra,Safari,2017,9,24544,1498,122.7,14.1,1,Petrol,Manual,2.18
473,Honda,Grand i10 Nios,2019,7,159759,2198,138.1,15.9,1,Petrol,Manual,2.75
474,Hyundai,S-Presso,2024,2,40993,2184,162.0,10.8,1,Diesel,Manual,6.28
475,Hyundai,Aura,2018,8,153650,1199,96.2,18.2,1,Petrol,Automatic,1.65
476,Kia,Aura,2020,6,111137,998,68.5,14.8,3,Diesel,Automatic,2.28
477,Renault,Grand i10 Nios,2022,4,38940,1598,106.0,18.2,3,Diesel,Automatic,3.44
478,Volkswagen,Kwid,2017,9,23826,1197,80.2,12.0,2,Petrol,Manual,1.49
479,Hyundai,Baleno,2019,7,80890,1956,132.2,23.2,1,Petrol,Automatic,3.26
480,Skoda,Celerio,2022,4,154116,1197,97.2,17.5,2,Petrol,Manual,2.5
481,Honda,Triber,2021,5,110335,1498,105.5,15.5,2,Petrol,Manual,2.4
482,Honda,City,2018,8,9123,1199,85.8,17.9,1,Petrol,Automatic,2.13
483,Toyota,Baleno,2024,2,128592,1197,101.5,11.8,1,Petrol,Manual,4.42
484,Skoda,Punch,2017,9,95316,998,77.2,16.3,1,Petrol,Manual,1.25
485,Hyundai,XUV700,2017,9,88155,1997,124.9,21.0,2,Petrol,Manual,1.61
486,Tata,Carens,2022,4,18103,2198,134.3,20.7,1,Petrol,Automatic,4.56
487,Mahindra,Thar,2022,4,44426,2184,139.5,14.5,2,Diesel,Manual,5.19
488,Tata,Grand i10 Nios,2023,3,97412,2198,164.2,14.8,2,Petrol,Manual,4.8
489,Jeep,Tiago,2025,1,31166,2184,143.5,14.9,3,Diesel,Manual,7.38
490,MG,Tiago,2024,2,127126,1498,124.3,24.2,1,Diesel,Manual,4.71
491,Jeep,Aura,2024,2,39256,1497,101.5,15.3,2,Diesel,Manual,5.37
492,Nissan,Compass,2021,5,83196,2184,165.5,10.4,1,Petrol,Automatic,3.94
493,Jeep,Taigun,2021,5,16809,1197,108.9,24.4,3,Petrol,Manual,2.98
494,Toyota,Harrier,2022,4,56633,1497,127.3,15.7,1,Petrol,Automatic,4.27
495,Renault,Taigun,2024,2,50297,1497,114.9,12.6,1,Petrol,Automatic,4.42
496,Volkswagen,Taigun,2020,6,35532,1598,129.8,23.4,1,Diesel,Manual,2.87
497,Mahindra,Urban Cruiser Hyryder,2022,4,31845,1598,117.3,17.5,1,Petrol,Manual,3.83
498,Kia,Grand i10 Nios,2020,6,123358,1997,129.4,21.3,2,Petrol,Automatic,3.38
499,Toyota,Kiger,2025,1,47096,998,73.9,19.5,2,Diesel,Manual,4.82
500,Renault,Verna,2018,8,31450,1997,142.7,12.4,2,Petrol,Automatic,2.51
501,Renault,Taigun,2024,2,119697,1956,146.2,15.3,1,Petrol,Manual,4.32
502,MG,Fortuner,2021,5,51589,1199,102.0,21.7,2,Diesel,Automatic,3.25
503,Jeep,Taigun,2017,9,129047,998,77.2,10.1,1,Petrol,Manual,1.59
504,Tata,Sonet,2018,8,56880,1997,124.5,14.7,1,Diesel,Automatic,3.13
505,Tata,Brezza,2018,8,36754,1956,120.9,22.9,2,Petrol,Automatic,2.81
506,Kia,Polo,2019,7,75296,2184,134.9,23.2,1,Petrol,Manual,2.83
507,Volkswagen,Urban Cruiser Hyryder,2017,9,76075,1498,109.1,23.6,1,CNG,Manual,1.83
508,MG,i20,2024,2,99971,1498,100.8,19.4,1,Diesel,Automatic,5.41
509,Toyota,Altroz,2021,5,158341,1199,106.9,10.5,2,Petrol,Manual,2.64
510,Jeep,Hector,2020,6,32470,998,92.6,17.4,1,Petrol,Manual,2.43
511,Jeep,Celerio,2020,6,149047,998,78.0,23.8,1,Petrol,Automatic,2.14
512,Jeep,Venue,2018,8,62788,1197,76.7,19.9,1,Diesel,Manual,2.02
513,Nissan,Innova Crysta,2024,2,52168,1498,117.1,14.7,2,Petrol,Manual,3.8
514,Kia,Thar,2025,1,24703,1199,83.2,24.4,1,Petrol,Manual,4.72
515,Tata,Seltos,2025,1,117538,998,68.0,11.1,2,Petrol,Manual,3.34
516,Skoda,Compass,2023,3,57383,1497,108.8,16.4,1,Petrol,Automatic,4.77
517,Renault,XUV700,2021,5,103018,2198,139.2,19.6,1,Diesel,Automatic,3.6
518,Renault,Swift,2024,2,72345,1498,104.5,17.3,1,Diesel,Manual,3.75
519,Volkswagen,Alto K10,2025,1,12433,2184,160.6,18.8,1,Petrol,Manual,7.5
520,Honda,Punch,2018,8,123257,1197,104.9,22.2,3,CNG,Automatic,2.26
521,MG,Kushaq,2017,9,6521,2184,138.5,12.4,2,Petrol,Manual,2.28
522,Nissan,Grand i10 Nios,2021,5,134072,1997,151.6,22.1,1,Petrol,Manual,3.09
523,Jeep,Harrier,2022,4,41974,1997,142.8,10.5,2,Petrol,Automatic,4.89
524,Skoda,Altroz,2021,5,159490,1997,146.9,15.5,1,Petrol,Manual,3.28
525,Nissan,Thar,2020,6,147297,1956,144.5,14.2,3,Petrol,Automatic,2.67
526,Skoda,Glanza,2018,8,85485,2184,134.9,14.4,1,Petrol,Manual,2.37
527,Mahindra,Carens,2020,6,46213,1197,78.2,24.2,1,Petrol,Manual,2.09
528,Honda,Magnite,2019,7,101761,1956,138.8,20.2,1,Petrol,Automatic,3.01
529,Hyundai,Celerio,2022,4,107043,2184,162.2,21.4,1,Petrol,Automatic,5.06
530,MG,Creta,2018,8,65642,1197,96.0,11.2,2,Petrol,Manual,1.77
531,MG,Nexon,2023,3,57382,1598,129.6,17.0,1,Diesel,Manual,4.63
532,Honda,City,2018,8,83812,1997,121.8,19.1,1,CNG,Manual,2.16
533,Skoda,Nexon,2020,6,146297,998,69.6,12.0,1,Petrol,Automatic,2.02
534,Hyundai,Triber,2018,8,27802,2184,151.0,13.1,1,Petrol,Manual,2.87
535,Renault,Nexon,2020,6,57081,1497,115.4,15.9,1,Diesel,Automatic,3.21
536,Tata,Celerio,2020,6,58216,1997,130.0,21.2,1,Diesel,Manual,3.55
537,Hyundai,Kiger,2022,4,113253,1997,133.7,22.8,2,Petrol,Manual,3.35
538,Honda,Grand i10 Nios,2017,9,131784,1956,153.0,10.4,2,CNG,Automatic,2.91
539,Kia,Alcazar,2017,9,87697,1497,116.0,12.1,3,Diesel,Manual,2.19
540,Tata,Sonet,2022,4,115294,1997,147.0,13.9,2,Petrol,Automatic,4.32
541,Maruti Suzuki,Alcazar,2021,5,80948,2184,164.3,13.5,2,Petrol,Manual,3.15
542,Mahindra,Creta,2022,4,31638,1497,110.0,22.4,1,Petrol,Automatic,4.62
543,Jeep,Magnite,2023,3,37180,998,69.4,23.5,1,Petrol,Automatic,3.93
544,MG,City,2025,1,130989,1197,102.9,12.6,1,Petrol,Manual,4.51
545,Maruti Suzuki,Alto K10,2023,3,117677,1956,128.9,15.6,2,Petrol,Manual,3.74
546,Hyundai,Tiago,2025,1,54876,1199,89.3,12.2,1,Diesel,Automatic,4.68
547,Nissan,Punch,2021,5,136916,1497,94.3,17.2,3,Diesel,Manual,2.48
548,Jeep,Creta,2022,4,114788,1197,92.8,24.0,2,Diesel,Manual,3.01
549,Tata,Astor,2023,3,23537,998,82.8,13.1,3,Diesel,Manual,2.78
550,Toyota,Harrier,2022,4,31287,2198,156.6,12.9,2,Petrol,Manual,5.31
551,Tata,Triber,2023,3,92383,998,67.0,23.4,1,Petrol,Automatic,2.71
552,Tata,Celerio,2024,2,28400,1956,147.3,24.6,1,Petrol,Automatic,6.19
553,Renault,Triber,2025,1,133798,2198,140.5,17.1,2,Petrol,Manual,4.48
554,Jeep,Fortuner,2023,3,77887,2198,139.1,21.0,1,Diesel,Manual,6.19
555,Kia,Grand i10 Nios,2020,6,146197,1497,128.2,17.9,1,Petrol,Manual,2.61
556,Mahindra,City,2019,7,157621,1498,121.4,21.1,3,Petrol,Manual,1.95
557,Nissan,Dzire,2025,1,156354,1498,96.6,10.3,2,Petrol,Manual,3.36
558,Toyota,Tiago,2020,6,19164,2184,144.0,11.7,2,Petrol,Manual,3.9
559,Nissan,Aura,2025,1,16631,1997,121.9,21.6,1,Petrol,Manual,5.33
560,Mahindra,Harrier,2020,6,54436,1956,141.6,11.2,1,Petrol,Manual,3.48
561,Hyundai,Grand i10 Nios,2020,6,67751,2198,151.6,23.8,2,Petrol,Automatic,3.42
562,Nissan,Safari,2023,3,22137,1197,106.7,20.1,1,Diesel,Manual,2.97
563,Renault,Alto K10,2019,7,106458,2184,158.9,10.7,1,Petrol,Manual,2.3
564,Kia,Innova Crysta,2021,5,144008,1197,81.7,14.8,1,Diesel,Automatic,3.06
565,Nissan,Brezza,2017,9,89413,1598,112.9,15.6,1,CNG,Automatic,2.3
566,Jeep,Hector,2018,8,65780,1197,91.4,15.3,1,Petrol,Manual,1.92
567,Jeep,i20,2019,7,142966,2198,132.7,20.9,1,Diesel,Manual,3.12
568,Nissan,Creta,2020,6,77946,1956,140.1,13.7,1,Petrol,Manual,2.83
569,Maruti Suzuki,Sonet,2025,1,29833,1997,142.2,14.5,2,Petrol,Manual,5.66
570,Honda,XUV 3XO,2019,7,126626,1956,121.3,21.7,1,Petrol,Manual,2.56
571,Mahindra,Aura,2017,9,146404,1598,108.8,16.0,2,CNG,Manual,1.86
572,Hyundai,Urban Cruiser Hyryder,2022,4,29294,1598,100.7,18.8,1,CNG,Automatic,3.94
573,Tata,Kwid,2024,2,64455,2198,158.4,16.1,1,Petrol,Manual,5.86
574,Mahindra,Baleno,2023,3,69044,998,76.3,20.9,1,Petrol,Automatic,3.29
575,Kia,Altroz,2021,5,36236,2198,138.2,17.9,1,Diesel,Manual,4.13
576,Skoda,XUV 3XO,2024,2,73421,1997,146.5,24.2,1,Diesel,Automatic,6.51
577,Mahindra,Elevate,2024,2,41048,2184,165.8,11.9,2,Petrol,Manual,6.73
578,Nissan,Altroz,2021,5,34043,1199,109.9,16.9,1,Petrol,Manual,2.57
579,Honda,Punch,2018,8,113591,1497,104.2,17.3,3,Petrol,Manual,1.9
580,Maruti Suzuki,Venue,2024,2,23756,1497,95.3,23.0,1,Petrol,Manual,4.0
581,Maruti Suzuki,Triber,2020,6,158021,998,95.0,17.2,1,Petrol,Manual,1.56
582,Hyundai,i20,2022,4,151812,998,80.3,17.5,1,CNG,Manual,2.42
583,Tata,Alcazar,2023,3,20124,1497,113.8,11.6,1,Diesel,Manual,3.83
584,Jeep,Brezza,2019,7,31653,1199,102.8,20.8,2,Petrol,Automatic,2.73
585,Tata,Celerio,2024,2,67035,1197,105.2,17.0,1,Petrol,Manual,3.74
586,Honda,Glanza,2017,9,91919,1997,125.5,11.8,2,Petrol,Manual,1.81
587,Honda,Compass,2023,3,118985,2198,145.6,24.2,1,Diesel,Manual,5.28
588,Nissan,Alcazar,2018,8,128553,1498,123.9,19.2,2,Petrol,Automatic,1.96
589,Kia,Magnite,2023,3,137686,1199,94.8,13.1,2,Petrol,Manual,3.31
590,Tata,Bolero,2023,3,74119,1956,132.2,13.9,1,Petrol,Manual,4.51
591,MG,City,2025,1,150757,2198,136.9,21.9,1,Petrol,Automatic,7.19
592,Kia,Wagon R,2024,2,61035,1498,100.1,17.1,2,Petrol,Automatic,4.75
593,Hyundai,XUV 3XO,2019,7,44936,2184,150.9,10.9,1,Petrol,Manual,2.82
594,Jeep,Taigun,2020,6,147669,1997,122.3,14.1,2,CNG,Manual,3.01
595,Maruti Suzuki,Compass,2017,9,126416,2198,164.5,22.8,1,Petrol,Manual,1.97
596,Nissan,Kiger,2025,1,48238,1497,118.7,16.0,1,Petrol,Manual,4.04
597,Volkswagen,Aura,2023,3,114529,1197,76.8,14.2,1,Petrol,Manual,3.3
598,Tata,Safari,2022,4,76619,2198,137.3,14.1,1,Petrol,Manual,4.2
599,Honda,Safari,2022,4,96838,2198,142.4,10.5,1,Diesel,Automatic,5.28
600,Hyundai,Grand i10 Nios,2022,4,110493,1497,124.0,13.9,2,Petrol,Automatic,3.55
601,Nissan,Glanza,2024,2,143863,1197,99.5,16.2,1,Petrol,Manual,2.68
602,Volkswagen,Creta,2022,4,138323,1997,141.8,20.2,1,CNG,Manual,4.24
603,Tata,Fortuner,2025,1,17140,2184,161.7,12.3,3,Diesel,Manual,6.58
604,Honda,Elevate,2024,2,115558,1598,125.8,17.5,1,Diesel,Manual,4.85
605,Toyota,Scorpio,2018,8,134071,2184,141.6,13.1,3,Diesel,Manual,2.76
606,Honda,Carens,2024,2,57100,1997,125.0,21.8,1,Petrol,Manual,5.07
607,Hyundai,Polo,2024,2,122551,2198,150.2,10.0,1,Petrol,Automatic,5.98
608,Renault,Astor,2025,1,73289,1498,100.1,22.9,1,CNG,Manual,4.3
609,Honda,Altroz,2020,6,153232,1497,116.7,11.3,1,Petrol,Manual,2.07
610,Kia,Carens,2021,5,25208,1997,136.6,11.6,2,Diesel,Manual,4.24
611,Renault,XUV 3XO,2021,5,72856,1598,133.3,23.0,2,Petrol,Manual,2.34
612,Kia,Sonet,2024,2,117944,1199,110.6,19.5,1,Petrol,Manual,3.79
613,Nissan,Hector,2023,3,72433,1199,100.1,11.8,1,Petrol,Manual,2.5
614,Toyota,Altroz,2025,1,115123,1997,138.8,14.2,1,Petrol,Manual,6.73
615,Honda,Magnite,2021,5,34874,1197,100.5,13.8,1,Diesel,Manual,3.14
616,Mahindra,Virtus,2020,6,38249,2198,148.1,17.9,1,Petrol,Automatic,4.26
617,Mahindra,Carens,2019,7,94599,998,69.3,22.1,1,Petrol,Manual,1.92
618,Volkswagen,Sonet,2024,2,87949,998,68.9,13.5,2,Petrol,Manual,3.04
619,Kia,Amaze,2021,5,39862,998,99.0,22.2,1,Diesel,Manual,3.12
620,Skoda,Brezza,2018,8,93443,1498,98.0,10.2,2,Petrol,Manual,1.72
621,Nissan,Sonet,2023,3,62657,1199,102.8,12.2,2,Petrol,Automatic,3.29
622,Volkswagen,S-Presso,2017,9,135772,1199,93.5,24.8,1,Diesel,Automatic,2.05
623,Toyota,Taigun,2017,9,138009,1497,102.2,14.4,2,Petrol,Manual,1.92
624,Mahindra,Innova Crysta,2017,9,15120,998,67.5,17.5,2,Petrol,Manual,1.54
625,Honda,Brezza,2025,1,59838,1598,103.8,15.1,3,Petrol,Automatic,5.46
626,Nissan,Compass,2021,5,144868,1197,108.5,25.0,2,Petrol,Manual,1.88
627,Toyota,Magnite,2018,8,154779,1956,125.9,14.5,1,Diesel,Manual,2.36
628,Jeep,Glanza,2023,3,122619,1956,130.7,10.3,1,Petrol,Manual,4.58
629,Mahindra,Triber,2024,2,116989,2184,164.6,21.3,2,Petrol,Manual,6.03
630,Renault,Creta,2017,9,5106,2184,131.4,20.9,1,Petrol,Manual,1.84
631,Tata,Brezza,2017,9,136064,2184,141.0,16.3,1,Diesel,Manual,2.41
632,Volkswagen,Triber,2023,3,74350,2184,132.0,11.0,2,Petrol,Manual,4.95
633,Jeep,Grand i10 Nios,2023,3,68414,1498,127.1,15.3,2,Petrol,Manual,4.3
634,Jeep,Magnite,2021,5,81497,2198,134.9,18.5,2,Petrol,Manual,3.76
635,MG,Verna,2023,3,34271,1197,86.4,16.9,2,Diesel,Manual,3.55
636,Mahindra,Glanza,2025,1,133656,2184,138.3,11.4,1,Petrol,Automatic,7.16
637,Maruti Suzuki,Polo,2018,8,37315,1199,85.0,20.7,2,Diesel,Automatic,2.46
638,Mahindra,Dzire,2021,5,18205,1598,106.7,22.9,1,Petrol,Automatic,4.04
639,Kia,Altroz,2021,5,118340,998,72.4,14.9,1,Petrol,Manual,2.06
640,Renault,Fortuner,2019,7,28887,1997,128.0,10.2,1,Petrol,Automatic,2.65
641,Tata,Carens,2024,2,12368,1956,151.0,13.1,1,Petrol,Manual,5.84
642,Hyundai,Taigun,2019,7,126233,1956,134.2,17.0,3,Petrol,Manual,2.3
643,Nissan,Amaze,2020,6,139211,2198,152.7,12.1,1,Diesel,Manual,2.76
644,Maruti Suzuki,Altroz,2025,1,146842,1997,140.7,19.4,1,Petrol,Manual,4.97
645,MG,Kushaq,2018,8,103022,2184,139.9,24.7,1,Diesel,Manual,3.17
646,Kia,Altroz,2023,3,81694,1598,119.0,14.1,1,Diesel,Automatic,5.17
647,Tata,Aura,2018,8,114805,1997,153.1,23.6,1,Diesel,Manual,2.56
648,Toyota,Amaze,2017,9,127611,1997,125.4,19.8,1,CNG,Manual,2.07
649,Volkswagen,Taigun,2017,9,109316,1497,124.0,23.6,1,Petrol,Automatic,1.92
650,Volkswagen,Fortuner,2023,3,137954,1497,116.0,22.7,1,Petrol,Automatic,3.83
651,MG,Virtus,2024,2,154391,2184,163.3,19.1,2,Petrol,Manual,5.86
652,Nissan,Safari,2018,8,30983,1997,154.4,18.7,3,Petrol,Manual,2.12
653,Tata,S-Presso,2018,8,36602,2184,153.5,18.0,3,Petrol,Manual,2.54
654,Tata,Hector,2024,2,107931,2198,155.2,18.0,2,Petrol,Manual,5.51
655,Jeep,i20,2018,8,64125,1598,109.4,16.0,1,Diesel,Manual,2.52
656,Nissan,Glanza,2022,4,94494,1199,108.2,22.7,2,Petrol,Manual,2.48
657,Toyota,Thar,2022,4,71008,1199,109.9,12.7,2,Diesel,Automatic,3.91
658,Jeep,Venue,2023,3,46730,2184,140.6,18.2,1,Diesel,Automatic,6.56
659,Kia,Thar,2017,9,51943,2184,143.6,22.4,1,CNG,Automatic,2.9
660,Nissan,Amaze,2025,1,90898,1956,125.2,20.9,1,Diesel,Automatic,5.25
661,Jeep,Astor,2025,1,100151,1197,87.8,21.8,2,Petrol,Manual,4.57
662,MG,Carens,2025,1,149359,2198,137.8,16.3,1,Petrol,Manual,6.46
663,Kia,Wagon R,2019,7,136068,2198,139.1,21.5,1,Petrol,Manual,3.11
664,Mahindra,Elevate,2025,1,17985,998,95.9,22.4,1,Petrol,Manual,4.73
665,MG,Tiago,2025,1,51477,1498,121.7,13.9,1,CNG,Manual,5.82
666,Skoda,Nexon,2019,7,121273,1199,100.3,15.3,1,Diesel,Automatic,2.53
667,Toyota,Baleno,2023,3,36417,2184,137.6,22.6,1,Diesel,Manual,6.31
668,Renault,Thar,2021,5,154581,1997,140.6,15.9,2,Diesel,Manual,2.85
669,Nissan,Elevate,2020,6,8276,2184,134.3,22.2,1,Petrol,Automatic,3.37
670,Toyota,Kwid,2018,8,35422,1997,150.4,18.8,1,Diesel,Automatic,3.54
671,Skoda,Urban Cruiser Hyryder,2019,7,6248,1498,113.5,20.8,1,Petrol,Manual,2.26
672,MG,Alcazar,2022,4,46322,1997,141.7,24.8,1,Diesel,Manual,4.79
673,Kia,Altroz,2022,4,6113,1199,80.1,16.7,1,Petrol,Manual,2.99
674,Honda,Urban Cruiser Hyryder,2020,6,37028,1498,96.5,15.4,1,Petrol,Automatic,2.87
675,Renault,City,2024,2,156718,1598,131.9,21.4,1,Petrol,Manual,3.26
676,Jeep,Thar,2019,7,37845,998,90.0,24.6,2,Petrol,Manual,1.88
677,Jeep,Kwid,2021,5,112759,1598,106.8,17.8,2,Diesel,Automatic,3.9
678,Skoda,Creta,2022,4,148338,1997,140.3,22.8,1,Diesel,Manual,4.09
679,Jeep,Innova Crysta,2018,8,128643,1197,91.8,24.0,2,Petrol,Manual,1.68
680,Volkswagen,Taigun,2025,1,95675,2198,136.1,15.3,1,Petrol,Manual,6.45
681,Toyota,Venue,2023,3,31833,1598,104.6,10.0,1,Petrol,Manual,4.35
682,Jeep,Carens,2018,8,45102,2184,138.2,18.5,2,Diesel,Manual,2.89
683,Renault,Innova Crysta,2017,9,61716,2198,163.9,20.2,1,Petrol,Automatic,2.56
684,Toyota,Sonet,2020,6,55724,1497,99.4,21.8,2,Petrol,Manual,2.7
685,Tata,Compass,2019,7,44388,1498,119.5,22.1,1,Petrol,Manual,2.17
686,Toyota,Kwid,2024,2,32163,1497,125.3,13.6,1,Petrol,Automatic,6.35
687,Mahindra,Creta,2020,6,64491,2198,141.3,24.0,2,Petrol,Automatic,3.75
688,Mahindra,Altroz,2024,2,102868,1497,107.7,13.8,1,Petrol,Manual,4.89
689,Jeep,Celerio,2019,7,95115,1498,100.3,10.8,1,Petrol,Manual,2.5
690,Hyundai,S-Presso,2024,2,48657,1498,119.6,10.7,2,CNG,Manual,4.31
691,Toyota,Dzire,2021,5,85361,2198,160.2,23.3,1,Petrol,Manual,4.36
692,Volkswagen,Kushaq,2023,3,124450,2198,133.5,16.4,1,Petrol,Automatic,5.07
693,Skoda,Swift,2020,6,142743,1197,82.0,14.6,1,Diesel,Manual,2.53
694,Mahindra,Virtus,2017,9,149820,2198,139.1,17.0,1,Petrol,Manual,2.4
695,Kia,Safari,2021,5,132975,1199,97.8,18.7,1,Diesel,Manual,2.88
696,Maruti Suzuki,Kwid,2024,2,93641,1199,87.6,11.8,1,Diesel,Manual,3.48
697,Skoda,Hector,2019,7,58335,1956,146.2,13.5,1,Petrol,Manual,2.85
698,Tata,Punch,2020,6,70908,2198,132.9,12.9,1,Petrol,Automatic,3.8
699,Toyota,Dzire,2020,6,115252,2198,136.4,15.8,3,Petrol,Manual,3.37
700,Jeep,Seltos,2020,6,89886,1598,105.6,16.4,1,Petrol,Automatic,3.21
701,Toyota,Virtus,2022,4,20827,2198,160.8,22.9,1,Petrol,Manual,5.83
702,Kia,Glanza,2025,1,116546,998,94.2,15.7,1,CNG,Manual,4.58
703,MG,Innova Crysta,2021,5,7496,2184,142.3,11.0,1,Petrol,Manual,4.59
704,MG,Harrier,2017,9,107489,1199,103.6,15.9,1,Petrol,Manual,1.61
705,Skoda,Kushaq,2020,6,7313,1497,121.3,23.3,2,Petrol,Manual,2.6
706,Renault,Astor,2023,3,103027,2198,141.9,19.8,2,Petrol,Automatic,4.11
707,Jeep,Celerio,2021,5,55484,1199,108.1,15.6,1,Petrol,Manual,3.36
708,Toyota,Creta,2021,5,127173,1598,112.6,17.9,1,Petrol,Automatic,3.79
709,MG,Kwid,2017,9,18555,1956,119.7,10.2,1,Petrol,Manual,2.36
710,Maruti Suzuki,Triber,2024,2,32818,1956,145.5,24.0,2,Petrol,Manual,5.16
711,Volkswagen,Polo,2017,9,158399,1498,114.4,11.1,1,Diesel,Manual,1.64
712,Toyota,Astor,2023,3,5425,2198,163.4,23.7,1,Petrol,Automatic,7.28
713,Jeep,Triber,2017,9,65516,1197,97.0,11.9,1,Petrol,Manual,1.81
714,MG,Slavia,2019,7,47022,1997,135.8,13.7,2,Petrol,Manual,2.83
715,Toyota,Verna,2025,1,42318,1197,109.4,24.0,1,Petrol,Automatic,6.08
716,Honda,i20,2022,4,147213,1497,93.8,13.8,1,CNG,Manual,3.24
717,Renault,Aura,2025,1,125853,1498,100.7,14.6,1,CNG,Manual,3.72
718,Kia,Nexon,2017,9,66181,1997,147.5,23.4,2,Diesel,Manual,2.59
719,Jeep,Urban Cruiser Hyryder,2018,8,107511,1598,102.5,11.0,1,Petrol,Manual,1.88
720,Mahindra,Bolero,2020,6,79794,1956,130.8,11.6,2,Petrol,Automatic,3.38
721,Hyundai,Hector,2021,5,67421,2184,160.5,16.9,1,Diesel,Manual,3.84
722,Renault,Kushaq,2023,3,13064,1199,91.9,12.4,3,Diesel,Manual,2.81
723,Honda,Astor,2021,5,146430,2198,149.9,18.9,1,Petrol,Automatic,3.83
724,Honda,Alto K10,2017,9,123450,1199,81.5,17.2,2,Petrol,Automatic,1.71
725,Nissan,Thar,2023,3,43824,1598,122.8,16.9,2,Petrol,Automatic,3.71
726,Maruti Suzuki,i20,2021,5,153849,1497,127.0,21.1,2,Petrol,Manual,2.76
727,Tata,Compass,2023,3,81575,2184,161.3,14.7,1,Petrol,Manual,4.7
728,Renault,Safari,2025,1,10399,2198,155.4,14.2,1,Petrol,Manual,6.09
729,Toyota,Alto K10,2025,1,105198,1956,139.4,11.4,1,Diesel,Automatic,7.32
730,Jeep,Sonet,2024,2,5801,1956,142.5,15.8,1,Petrol,Manual,6.56
731,MG,Dzire,2019,7,128770,1199,76.8,16.0,1,Petrol,Manual,2.1
732,MG,Creta,2022,4,113035,2198,161.5,16.9,1,Diesel,Manual,5.35
733,Renault,Altroz,2020,6,82046,1199,82.9,18.6,1,Petrol,Manual,1.65
734,Skoda,Seltos,2025,1,107218,2198,157.6,22.9,2,CNG,Manual,6.97
735,MG,Triber,2019,7,95138,1197,109.9,23.9,1,Diesel,Automatic,2.96
736,Kia,Sonet,2023,3,111955,1199,110.5,21.4,1,Diesel,Automatic,4.55
737,Honda,Nexon,2024,2,28144,1598,120.8,16.9,1,CNG,Manual,5.35
738,Jeep,Baleno,2018,8,46512,1199,83.3,24.7,1,Diesel,Manual,2.09
739,Honda,Kwid,2024,2,128123,2198,161.5,22.8,1,Diesel,Automatic,6.23
740,Volkswagen,Safari,2017,9,127589,2198,151.5,10.9,3,Petrol,Manual,1.95
741,Hyundai,Tiago,2024,2,26425,1997,148.6,19.9,1,Petrol,Manual,5.49
742,Toyota,S-Presso,2024,2,25332,1199,96.2,21.7,1,Petrol,Manual,4.57
743,Jeep,Verna,2019,7,103340,1199,104.3,24.8,1,Petrol,Manual,2.44
744,Kia,Carens,2021,5,147470,998,80.3,20.8,1,Diesel,Automatic,3.1
745,Skoda,XUV 3XO,2017,9,83327,1197,79.5,20.2,1,Petrol,Manual,1.25
746,Hyundai,Seltos,2019,7,38069,1598,128.0,22.2,3,Petrol,Manual,2.34
747,Toyota,Taigun,2023,3,71213,1598,104.1,16.0,1,Petrol,Manual,4.43
748,Maruti Suzuki,Celerio,2025,1,30970,2184,161.4,12.1,1,Petrol,Automatic,7.18
749,MG,Triber,2017,9,76390,2198,141.6,13.9,1,Diesel,Automatic,2.84
750,Mahindra,Scorpio,2022,4,69116,998,80.1,20.1,1,Petrol,Manual,2.8
751,Maruti Suzuki,i20,2022,4,140143,998,71.7,19.4,1,Petrol,Automatic,2.38
752,Toyota,Taigun,2025,1,20596,1197,107.8,15.4,1,Petrol,Manual,5.36
753,Volkswagen,Polo,2021,5,79472,1199,101.7,10.5,1,Diesel,Manual,2.83
754,Toyota,Astor,2019,7,55331,1497,127.0,11.5,1,CNG,Automatic,3.55
755,Hyundai,Wagon R,2025,1,73635,1498,115.5,17.5,2,Petrol,Manual,4.8
756,Nissan,Polo,2022,4,7149,1956,147.4,13.8,1,Diesel,Manual,3.73
757,Jeep,City,2021,5,20888,1498,108.2,17.3,1,Diesel,Automatic,4.11
758,Mahindra,Brezza,2022,4,9176,1598,117.8,10.3,2,CNG,Automatic,4.6
759,Toyota,Magnite,2023,3,111262,998,97.6,23.5,1,Diesel,Manual,3.94
760,Toyota,Altroz,2017,9,131315,1199,91.6,13.7,1,Petrol,Manual,1.76
761,MG,Brezza,2023,3,93239,1598,126.8,24.5,1,Petrol,Manual,4.46
762,Maruti Suzuki,Glanza,2018,8,113256,1956,144.3,18.9,1,CNG,Automatic,2.99
763,Skoda,Altroz,2025,1,40899,2198,155.2,15.6,1,Petrol,Manual,7.13
764,Nissan,Harrier,2019,7,30553,1197,89.5,14.6,2,Diesel,Manual,1.56
765,Mahindra,Scorpio,2021,5,30555,1956,143.1,23.6,1,Diesel,Manual,4.65
766,Tata,Dzire,2021,5,134413,1197,92.0,10.3,1,Diesel,Automatic,2.68
767,Skoda,Kwid,2022,4,97755,1497,117.4,21.2,2,Diesel,Manual,3.59
768,Hyundai,Innova Crysta,2023,3,45771,1497,121.2,22.6,1,Petrol,Automatic,4.58
769,Skoda,Grand i10 Nios,2020,6,42079,998,80.6,15.5,1,CNG,Manual,2.19
770,Hyundai,Punch,2022,4,144972,1956,124.7,14.3,1,Petrol,Automatic,4.22
771,Renault,Elevate,2023,3,120272,998,80.1,23.5,2,Petrol,Manual,2.39
772,Tata,Grand i10 Nios,2023,3,122500,1199,103.1,13.6,2,CNG,Manual,2.88
773,Jeep,i20,2018,8,96234,2198,160.5,21.2,2,Petrol,Manual,2.75
774,Renault,Punch,2025,1,31658,1197,81.1,18.0,3,Diesel,Automatic,3.95
775,Mahindra,Alto K10,2019,7,118381,1199,90.0,22.1,2,Petrol,Manual,1.79
776,Hyundai,XUV 3XO,2017,9,123502,998,70.4,12.4,1,Petrol,Automatic,1.42
777,Renault,Innova Crysta,2022,4,51350,1956,137.1,24.5,2,Diesel,Manual,3.52
778,Honda,Nexon,2024,2,149899,1598,99.7,10.1,2,Petrol,Manual,3.66
779,Kia,Scorpio,2019,7,23594,1997,121.8,19.7,1,Petrol,Manual,2.85
780,Renault,Scorpio,2019,7,82733,998,74.4,24.7,2,Diesel,Manual,1.42
781,Mahindra,City,2017,9,32952,998,85.1,11.6,1,Diesel,Manual,1.65
782,Mahindra,i20,2021,5,14543,1598,130.4,16.9,1,Petrol,Automatic,3.97
783,Kia,Bolero,2019,7,89141,1956,145.2,18.6,2,Petrol,Manual,2.9
784,MG,Celerio,2018,8,158140,1598,130.0,15.0,3,CNG,Manual,2.04
785,Renault,Swift,2021,5,116970,1997,126.5,22.0,1,Petrol,Manual,2.85
786,Kia,Alcazar,2023,3,62312,1956,145.8,16.7,1,Petrol,Automatic,5.43
787,Maruti Suzuki,Altroz,2024,2,135364,1598,122.2,17.2,2,CNG,Automatic,4.63
788,MG,Venue,2019,7,76072,1497,126.3,11.1,2,CNG,Automatic,2.94
789,Honda,Fortuner,2023,3,87864,1199,101.1,23.0,1,Petrol,Automatic,3.79
790,Honda,Magnite,2019,7,10984,1956,120.1,19.1,1,Petrol,Manual,2.67
791,MG,Astor,2021,5,143151,2184,132.4,20.0,1,Diesel,Automatic,4.38
792,Renault,Verna,2020,6,125737,1956,149.3,21.5,1,Diesel,Manual,2.58
793,Skoda,Innova Crysta,2022,4,139889,1997,144.5,12.0,1,Petrol,Manual,4.07
794,Maruti Suzuki,Astor,2024,2,69458,2184,164.0,12.9,1,Petrol,Manual,5.46
795,Jeep,Dzire,2021,5,12015,1598,118.0,11.5,1,Petrol,Manual,3.92
796,Honda,Elevate,2023,3,76658,1598,103.4,15.4,1,Petrol,Automatic,4.31
797,Volkswagen,Hector,2024,2,68275,1997,125.4,16.6,1,Petrol,Manual,5.47
798,Kia,Alto K10,2025,1,122475,1199,90.7,21.6,2,CNG,Manual,4.13
799,Honda,Verna,2021,5,64415,1598,100.3,14.9,1,Petrol,Automatic,3.29
800,Mahindra,Alcazar,2022,4,45104,1498,98.4,12.5,1,Petrol,Automatic,3.95
801,Nissan,Triber,2020,6,150997,1997,125.5,10.8,1,Diesel,Manual,2.66
802,Jeep,Kiger,2024,2,14655,2198,139.6,12.5,1,Diesel,Manual,6.87
803,Nissan,Harrier,2020,6,36873,1956,133.7,14.6,3,Petrol,Manual,2.54
804,Renault,Bolero,2020,6,96345,2198,165.5,15.5,2,Petrol,Manual,2.82
805,Jeep,Swift,2018,8,39298,2184,154.4,15.4,1,Diesel,Manual,3.06
806,Honda,Urban Cruiser Hyryder,2025,1,32620,2198,144.3,12.0,2,CNG,Automatic,7.27
807,Skoda,Creta,2020,6,125463,1199,89.2,13.3,1,Petrol,Manual,2.24
808,Kia,Astor,2022,4,87440,2184,143.2,11.4,3,Petrol,Automatic,4.7
809,Volkswagen,Verna,2024,2,63912,2198,151.4,16.6,1,Petrol,Automatic,6.23
810,Toyota,Fortuner,2017,9,58707,1497,102.0,17.5,2,Petrol,Automatic,2.11
811,Maruti Suzuki,Urban Cruiser Hyryder,2023,3,64837,1598,112.3,16.1,1,CNG,Automatic,4.22
812,Renault,Amaze,2022,4,116316,998,94.7,14.9,1,Petrol,Automatic,2.25
813,Renault,Virtus,2021,5,126047,1598,129.6,10.1,2,Petrol,Automatic,2.94
814,Volkswagen,Polo,2025,1,10477,1997,128.8,25.0,1,Petrol,Manual,6.4
815,Volkswagen,City,2021,5,19778,1598,132.6,21.4,1,Petrol,Manual,3.22
816,Maruti Suzuki,Taigun,2024,2,65703,2184,155.0,16.1,1,Petrol,Automatic,5.73
817,Maruti Suzuki,Triber,2025,1,93396,1497,109.3,18.1,2,Petrol,Automatic,4.65
818,Jeep,Brezza,2021,5,77927,1498,95.6,10.2,1,Diesel,Manual,3.25
819,Maruti Suzuki,Punch,2020,6,29228,2184,142.3,13.7,1,Petrol,Automatic,3.31
820,Renault,Tiago,2024,2,60458,1498,124.0,18.5,2,Petrol,Manual,3.71
821,Renault,Urban Cruiser Hyryder,2025,1,97128,2198,140.3,14.4,3,Petrol,Automatic,5.03
822,Skoda,Grand i10 Nios,2019,7,128582,2198,150.7,23.7,2,CNG,Manual,3.19
823,Renault,Hector,2020,6,84559,2198,136.3,15.8,1,Petrol,Manual,2.39
824,Renault,Scorpio,2019,7,7015,1197,92.6,20.0,2,Diesel,Manual,2.11
825,Kia,Kushaq,2023,3,99306,1956,138.0,12.7,2,Petrol,Automatic,5.15
826,Tata,Urban Cruiser Hyryder,2021,5,87140,998,78.0,16.7,2,Diesel,Automatic,2.84
827,Skoda,XUV700,2022,4,133647,1197,84.6,14.8,2,Diesel,Automatic,3.61
828,Toyota,Dzire,2018,8,6690,998,97.6,12.5,2,Petrol,Manual,1.92
829,Maruti Suzuki,Baleno,2023,3,120497,2184,137.1,16.7,2,Petrol,Automatic,4.33
830,Tata,i20,2024,2,50697,1197,77.6,17.4,2,Diesel,Automatic,4.11
831,Hyundai,Amaze,2018,8,7748,1598,119.3,20.4,1,Diesel,Manual,2.13
832,Mahindra,Altroz,2025,1,60046,1956,152.2,23.8,2,Petrol,Manual,7.08
833,Nissan,Innova Crysta,2018,8,36657,1598,133.1,23.8,2,Diesel,Automatic,2.21
834,Hyundai,Verna,2018,8,99956,1197,92.7,19.4,2,Petrol,Manual,1.6
835,Toyota,Bolero,2021,5,39686,1199,90.8,15.8,1,CNG,Manual,3.49
836,Maruti Suzuki,Carens,2017,9,66238,998,87.3,22.9,1,Petrol,Manual,1.41
837,Hyundai,Venue,2021,5,129166,1497,97.0,20.6,2,Petrol,Manual,2.29
838,Jeep,Carens,2018,8,27701,998,96.7,20.7,1,Petrol,Manual,1.79
839,Maruti Suzuki,Punch,2024,2,135399,998,67.3,15.8,2,Diesel,Automatic,3.35
840,Honda,Hector,2021,5,36324,1997,135.8,17.9,1,Diesel,Manual,3.76
841,Tata,Magnite,2024,2,22006,1197,92.6,18.6,1,Petrol,Automatic,4.07
842,Maruti Suzuki,Brezza,2020,6,159709,1598,120.1,22.7,1,Diesel,Manual,2.68
843,Hyundai,Elevate,2020,6,44635,1598,119.3,11.2,1,Petrol,Manual,2.42
844,Renault,Safari,2018,8,28367,1199,82.9,17.5,1,Petrol,Manual,1.3
845,Honda,XUV 3XO,2024,2,18792,1956,152.1,24.1,1,Petrol,Automatic,6.3
846,Nissan,Brezza,2017,9,125491,1497,122.7,13.0,3,Diesel,Automatic,1.69
847,Toyota,Slavia,2021,5,64880,998,81.4,11.1,2,Petrol,Manual,2.27
848,Jeep,Nexon,2019,7,117531,1956,149.6,13.7,3,Petrol,Manual,2.74
849,MG,Thar,2017,9,9120,1498,111.6,10.4,1,Petrol,Manual,1.95
850,Jeep,Elevate,2024,2,54587,1497,112.9,16.3,1,Petrol,Automatic,5.82
851,Nissan,Taigun,2020,6,51855,1199,84.0,11.2,2,Petrol,Manual,1.56
852,Renault,Aura,2024,2,39547,998,84.7,20.7,1,Petrol,Automatic,3.56
853,Kia,Sonet,2021,5,84417,1997,152.0,14.4,1,Petrol,Manual,3.6
854,Kia,Dzire,2018,8,145396,1598,108.4,20.3,1,Petrol,Manual,1.65
855,Renault,Carens,2024,2,34868,2184,146.6,24.3,2,Petrol,Manual,4.85
856,Mahindra,Swift,2021,5,121042,1598,108.8,11.3,2,CNG,Automatic,3.6
857,Mahindra,Triber,2024,2,50982,1598,105.5,19.1,3,Petrol,Manual,4.79
858,Maruti Suzuki,Nexon,2019,7,91291,1497,102.7,21.8,3,Diesel,Automatic,2.64
859,Maruti Suzuki,Wagon R,2019,7,41514,1497,107.1,19.5,1,Diesel,Manual,2.28
860,Hyundai,Dzire,2025,1,104589,1997,138.0,17.3,1,Petrol,Manual,5.71
861,Nissan,Kushaq,2020,6,52517,2198,141.9,17.1,1,Petrol,Manual,2.67
862,Mahindra,Brezza,2022,4,132219,1997,144.7,19.2,2,Petrol,Manual,4.29
863,Maruti Suzuki,Punch,2025,1,93608,1199,105.6,19.6,3,Petrol,Manual,3.75
864,Hyundai,Baleno,2024,2,49430,2184,152.2,24.8,1,Diesel,Manual,6.22
865,Hyundai,Creta,2018,8,32818,1199,101.1,13.9,1,Petrol,Manual,1.63
866,Honda,Dzire,2025,1,147596,1497,112.9,23.7,2,Petrol,Automatic,5.14
867,Mahindra,Amaze,2018,8,72693,1498,114.5,14.1,1,Petrol,Automatic,2.56
868,Kia,Kushaq,2025,1,148565,1997,139.6,18.6,2,CNG,Automatic,6.38
869,Mahindra,Fortuner,2022,4,47159,1497,114.5,16.9,1,CNG,Manual,3.84
870,Tata,Sonet,2018,8,21660,1498,110.0,23.6,2,Petrol,Automatic,2.28
871,Kia,Polo,2024,2,148565,2184,162.7,24.4,2,Petrol,Automatic,6.07
872,MG,Dzire,2025,1,45116,1199,77.7,12.9,2,CNG,Manual,4.34
873,Tata,Urban Cruiser Hyryder,2020,6,146268,1598,119.4,10.7,1,Petrol,Automatic,3.06
874,MG,Slavia,2018,8,59662,1498,118.6,12.2,2,Diesel,Manual,2.12
875,Mahindra,XUV700,2024,2,100835,1956,152.5,12.5,2,Petrol,Manual,6.05
876,Mahindra,Compass,2020,6,77945,1197,93.4,15.1,3,Petrol,Manual,2.15
877,Mahindra,Harrier,2018,8,120991,1598,99.3,17.6,1,Petrol,Manual,2.06
878,Hyundai,Slavia,2025,1,103399,2184,161.9,23.8,3,Petrol,Automatic,6.46
879,Honda,Kushaq,2020,6,15246,998,97.2,21.4,1,Petrol,Manual,2.06
880,Renault,Triber,2024,2,129093,1497,93.2,12.9,3,Petrol,Manual,2.7
881,Skoda,S-Presso,2023,3,154648,2198,157.4,16.1,2,Diesel,Automatic,5.78
882,Maruti Suzuki,Tiago,2018,8,9828,2184,148.0,21.6,2,Diesel,Manual,2.59
883,Volkswagen,Carens,2019,7,33680,998,69.1,13.1,1,Petrol,Manual,1.62
884,Skoda,Scorpio,2024,2,65567,1497,116.7,22.3,2,Petrol,Manual,4.79
885,Hyundai,Celerio,2022,4,62843,1197,98.7,16.1,3,Petrol,Automatic,3.08
886,Jeep,Glanza,2022,4,49834,1497,97.8,16.1,3,Petrol,Manual,3.69
887,Hyundai,Baleno,2019,7,129433,998,99.4,24.8,1,Petrol,Manual,1.75
888,Hyundai,Kwid,2022,4,94967,1498,126.3,24.6,2,Diesel,Manual,3.62
889,Renault,Tiago,2018,8,45073,1197,104.2,21.8,1,Diesel,Manual,1.48
890,MG,Magnite,2025,1,38035,1956,119.5,20.4,1,Petrol,Manual,6.33
891,Tata,Altroz,2021,5,110941,2184,137.1,17.0,1,Petrol,Automatic,3.71
892,Jeep,Venue,2021,5,61856,1497,120.1,12.2,2,Petrol,Manual,3.01
893,Volkswagen,Astor,2023,3,139559,1498,118.8,17.9,1,Petrol,Manual,3.83
894,MG,Bolero,2022,4,110633,1598,100.6,13.3,1,Petrol,Manual,3.11
895,Hyundai,Grand i10 Nios,2024,2,70779,998,91.7,12.8,1,Diesel,Automatic,4.07
896,Jeep,City,2022,4,51122,1598,109.3,18.5,2,Petrol,Manual,3.54
897,Honda,Astor,2020,6,47563,998,80.9,23.8,1,Petrol,Manual,1.91
898,MG,Kiger,2024,2,31260,2184,137.9,19.2,3,Petrol,Automatic,6.76
899,Toyota,Alcazar,2018,8,43497,1997,145.4,14.0,2,Diesel,Manual,2.91
900,Maruti Suzuki,Amaze,2024,2,24957,1956,124.0,20.1,1,Petrol,Manual,4.79
901,Honda,Hector,2022,4,85604,1497,101.6,24.7,1,CNG,Manual,3.58
902,Toyota,Virtus,2023,3,51686,1598,120.6,24.7,2,Petrol,Automatic,4.86
903,Hyundai,Harrier,2019,7,131451,1997,144.9,24.0,1,Petrol,Manual,2.73
904,Jeep,Altroz,2020,6,156617,998,85.2,10.1,1,Petrol,Manual,2.14
905,Volkswagen,Dzire,2024,2,122660,1197,107.0,21.6,1,Diesel,Manual,4.25
906,Honda,Punch,2022,4,155731,2184,132.0,18.0,1,CNG,Automatic,4.48
907,Renault,S-Presso,2021,5,46040,998,96.9,10.5,1,Petrol,Manual,1.91
908,Renault,Kushaq,2023,3,78299,1197,103.3,20.1,1,Petrol,Manual,2.5
909,Hyundai,Kwid,2018,8,118707,2198,135.9,19.4,1,Petrol,Manual,1.92
910,Skoda,Slavia,2022,4,33035,1497,94.1,20.9,1,Diesel,Manual,3.49
911,Honda,Alto K10,2023,3,72915,998,88.0,17.5,1,Petrol,Automatic,3.65
912,Jeep,Sonet,2020,6,25675,1497,100.0,13.1,3,CNG,Automatic,3.08
913,Tata,Grand i10 Nios,2022,4,98009,1956,133.4,21.5,1,Petrol,Manual,3.36
914,Skoda,City,2024,2,79324,1598,102.3,24.3,1,Petrol,Manual,4.49
915,Renault,Baleno,2024,2,126826,1598,116.8,14.7,3,Diesel,Manual,3.74
916,Toyota,City,2025,1,125282,2198,157.0,15.0,2,CNG,Manual,7.61
917,MG,XUV700,2021,5,31310,2198,143.4,24.3,2,Diesel,Manual,4.65
918,Hyundai,XUV700,2017,9,146696,1498,121.3,12.3,1,Diesel,Manual,2.09
919,Mahindra,Bolero,2024,2,114132,1199,90.5,22.2,1,Petrol,Automatic,4.28
920,Volkswagen,Alto K10,2023,3,65330,1997,128.8,16.5,1,Petrol,Manual,4.77
921,Renault,Slavia,2024,2,7996,1197,77.3,12.0,1,Petrol,Manual,2.9
922,Nissan,Compass,2017,9,89672,2184,134.4,19.9,2,CNG,Manual,2.09
923,MG,Dzire,2024,2,67436,2184,139.5,21.6,1,Petrol,Manual,6.32
924,Hyundai,Venue,2019,7,45231,1956,135.5,18.5,1,Petrol,Manual,2.86
925,Maruti Suzuki,Nexon,2021,5,131864,2198,157.5,20.9,1,Petrol,Automatic,3.54
926,Honda,Harrier,2021,5,87459,1497,95.1,13.0,1,Petrol,Manual,2.93
927,Toyota,Sonet,2022,4,57245,2184,144.1,22.4,1,Petrol,Automatic,5.49
928,Hyundai,Carens,2020,6,134169,1497,105.0,23.2,1,Petrol,Manual,1.94
929,Renault,Glanza,2019,7,35245,1598,112.4,16.3,2,Petrol,Manual,1.65
930,Skoda,Magnite,2021,5,149142,1197,100.3,18.7,2,Petrol,Automatic,2.48
931,Skoda,Carens,2019,7,156680,2198,164.7,13.2,1,Diesel,Automatic,3.64
932,Tata,Astor,2022,4,62288,1956,123.0,15.9,1,CNG,Manual,3.8
933,Tata,Taigun,2021,5,124777,1598,132.4,17.5,1,Petrol,Manual,3.11
934,Honda,Tiago,2019,7,9765,1956,151.3,18.0,1,Petrol,Automatic,3.18
935,Maruti Suzuki,Harrier,2020,6,87714,1197,102.6,16.5,1,Petrol,Automatic,2.29
936,Mahindra,Nexon,2025,1,91353,1199,82.4,15.3,2,Diesel,Manual,4.52
937,Skoda,Celerio,2021,5,92270,2184,145.1,18.2,1,Petrol,Manual,4.04
938,Kia,Bolero,2017,9,22861,1197,88.8,10.0,1,Petrol,Automatic,1.78
939,Renault,XUV 3XO,2020,6,152179,1956,136.9,20.9,1,Petrol,Automatic,2.56
940,Skoda,Brezza,2018,8,25819,1598,119.2,14.8,2,Petrol,Manual,2.15
941,Volkswagen,Fortuner,2020,6,134263,1497,127.9,20.0,1,Petrol,Manual,2.36
942,Toyota,XUV 3XO,2024,2,14283,1199,83.6,24.8,2,Diesel,Manual,4.94
943,Tata,i20,2023,3,13919,1497,109.6,11.9,2,Petrol,Automatic,4.45
944,Hyundai,Dzire,2024,2,63693,1197,97.5,20.8,2,Petrol,Manual,3.87
945,Hyundai,Verna,2018,8,33002,1498,98.9,18.5,3,Petrol,Manual,1.99
946,Volkswagen,Brezza,2019,7,145965,2184,161.9,11.7,2,Petrol,Manual,2.69
947,Skoda,XUV700,2022,4,126550,998,78.5,24.8,2,Petrol,Manual,2.45
948,Kia,Aura,2022,4,38490,2184,145.1,22.6,1,Petrol,Manual,4.82
949,Honda,Sonet,2025,1,66337,1598,118.5,21.7,2,Petrol,Automatic,5.65
950,MG,Astor,2021,5,132847,1199,83.4,20.4,1,Petrol,Automatic,2.65
951,Renault,Amaze,2021,5,113995,1199,93.3,22.2,1,Petrol,Manual,1.81
952,Volkswagen,Swift,2024,2,34378,1598,115.6,14.7,1,Diesel,Manual,5.15
953,Toyota,Hector,2024,2,108992,1498,117.7,12.1,1,Petrol,Manual,5.31
954,MG,Wagon R,2022,4,38987,1598,124.0,22.4,1,Petrol,Manual,3.94
955,Jeep,Seltos,2020,6,142422,2198,140.7,11.9,1,CNG,Automatic,4.41
956,Maruti Suzuki,Amaze,2017,9,34074,1199,105.9,22.2,1,Petrol,Manual,1.41
957,Maruti Suzuki,Hector,2019,7,64425,1199,104.3,24.4,2,Diesel,Automatic,2.56
958,Renault,Thar,2018,8,43639,2184,145.3,17.0,1,Petrol,Automatic,2.7
959,Honda,Fortuner,2023,3,114889,1498,107.2,12.9,1,Petrol,Automatic,3.89
960,Tata,Seltos,2019,7,54416,2184,139.4,10.6,1,Petrol,Automatic,3.21
961,Hyundai,Wagon R,2021,5,59646,1197,101.5,24.8,3,Petrol,Automatic,2.55
962,Skoda,Baleno,2023,3,143311,2198,135.7,24.7,2,Diesel,Manual,5.01
963,Renault,Wagon R,2025,1,58052,1197,91.3,15.1,1,Diesel,Manual,3.8
964,Hyundai,Scorpio,2017,9,152966,1956,148.3,20.0,2,Petrol,Automatic,1.99
965,Kia,Magnite,2017,9,43693,1498,119.7,11.7,1,Petrol,Manual,1.68
966,Honda,Kwid,2023,3,85516,998,80.4,20.8,1,Petrol,Automatic,3.08
967,Jeep,Carens,2025,1,32123,2198,156.4,23.4,1,Petrol,Automatic,8.33
968,Maruti Suzuki,Alto K10,2020,6,32323,1956,137.7,21.9,1,Petrol,Manual,2.86
969,Hyundai,Seltos,2022,4,61978,1199,82.1,14.0,1,Petrol,Manual,2.56
970,Nissan,Slavia,2018,8,106007,1497,124.6,15.5,1,CNG,Manual,1.67
971,Hyundai,Celerio,2019,7,103036,1997,132.2,11.1,1,Petrol,Automatic,2.67
972,Nissan,Triber,2024,2,71713,2184,163.3,20.4,1,Petrol,Automatic,5.14
973,Toyota,Creta,2024,2,136540,998,66.2,13.7,1,Petrol,Manual,3.54
974,Volkswagen,Kiger,2020,6,121623,1598,103.4,24.3,1,Diesel,Manual,2.87
975,Skoda,Fortuner,2024,2,159080,1199,93.7,14.8,3,Petrol,Automatic,3.54
976,Volkswagen,Nexon,2018,8,114766,1497,98.7,13.0,1,Petrol,Automatic,2.34
977,Tata,Glanza,2025,1,9335,1997,141.7,23.2,3,Petrol,Manual,5.62
978,MG,Verna,2025,1,46479,1197,110.2,22.5,1,CNG,Manual,5.55
979,Toyota,Sonet,2020,6,93956,2184,160.8,10.7,1,Petrol,Automatic,4.45
980,Toyota,Wagon R,2025,1,60911,998,70.6,19.1,1,Petrol,Manual,4.26
981,Renault,Slavia,2024,2,145389,1197,104.6,11.4,1,Petrol,Manual,2.72
982,Volkswagen,Carens,2022,4,50881,1598,133.1,20.1,2,Petrol,Manual,3.95
983,Toyota,Celerio,2023,3,5280,2184,150.9,21.2,2,Diesel,Automatic,6.96
984,Kia,Creta,2018,8,73400,1498,125.7,14.0,1,Petrol,Automatic,2.62
985,Kia,Fortuner,2021,5,64364,2198,148.0,15.2,1,CNG,Manual,4.07
986,Skoda,XUV 3XO,2024,2,86264,998,99.7,20.4,2,Petrol,Manual,3.9
987,Tata,Fortuner,2021,5,108802,2198,147.2,13.5,2,Petrol,Manual,3.21
988,Renault,Altroz,2018,8,45582,998,97.4,23.6,1,Petrol,Manual,1.59
989,Nissan,Verna,2023,3,137423,1598,125.9,12.2,2,Petrol,Automatic,3.47
990,Skoda,Verna,2022,4,111355,998,94.7,21.8,1,Diesel,Automatic,3.45
991,Hyundai,Virtus,2023,3,27259,1498,102.6,24.2,1,Petrol,Automatic,4.31
992,Honda,Venue,2022,4,41439,1197,86.4,14.9,3,CNG,Manual,2.99
993,MG,Innova Crysta,2022,4,48306,1498,103.9,14.3,1,Petrol,Manual,3.36
994,Renault,Scorpio,2025,1,123113,998,94.7,14.8,1,Petrol,Automatic,3.91
995,Tata,Triber,2023,3,62354,1997,125.0,16.4,1,Diesel,Manual,4.43
996,Skoda,Magnite,2025,1,10884,1199,92.2,12.4,3,Diesel,Manual,4.43
997,Hyundai,Alcazar,2019,7,93178,1497,93.2,22.3,1,Petrol,Manual,2.31
998,Volkswagen,Baleno,2020,6,98783,1498,123.5,21.7,1,Diesel,Manual,3.12
999,Nissan,Carens,2020,6,105584,1197,78.5,15.9,1,CNG,Manual,1.95
1000,Tata,Wagon R,2024,2,78127,1199,111.2,14.3,1,CNG,Manual,3.76
1001,Skoda,Verna,2019,7,99947,998,98.6,14.4,1,Petrol,Manual,1.58
1002,Jeep,Aura,2022,4,126968,998,89.8,19.6,1,Diesel,Automatic,3.32
1003,Hyundai,Venue,2025,1,11709,998,79.2,24.4,1,Petrol,Manual,3.7
1004,Volkswagen,Thar,2023,3,80946,1497,107.8,12.3,2,Petrol,Manual,3.33
1005,Volkswagen,Kiger,2024,2,48621,1598,99.4,12.9,2,Petrol,Automatic,4.88
1006,Tata,Astor,2019,7,121720,1956,150.4,19.9,1,Petrol,Manual,2.6
1007,Hyundai,Sonet,2017,9,28716,1497,118.2,10.1,3,Petrol,Automatic,1.99
1008,Honda,Polo,2025,1,118990,1199,108.1,24.2,1,Diesel,Automatic,5.37
1009,Renault,Baleno,2024,2,45606,1598,125.0,11.1,2,Petrol,Manual,3.56
1010,Honda,Compass,2020,6,93492,998,68.0,14.7,1,Petrol,Manual,1.82
1011,Mahindra,Harrier,2024,2,127460,1199,77.2,24.3,2,CNG,Manual,3.43
1012,Skoda,Carens,2025,1,87806,1997,134.4,22.2,1,Petrol,Manual,6.08
1013,Maruti Suzuki,Glanza,2018,8,109902,1498,124.0,14.2,3,CNG,Automatic,2.16
1014,Kia,Alto K10,2020,6,38385,2198,156.3,16.0,3,Petrol,Manual,3.21
1015,Mahindra,Kwid,2017,9,60486,2184,146.1,20.6,1,Petrol,Manual,2.18
1016,Honda,Virtus,2021,5,50528,1199,101.1,18.3,1,Petrol,Manual,2.51
1017,Mahindra,Safari,2020,6,108072,1497,102.8,23.3,1,Petrol,Manual,2.53
1018,Toyota,Innova Crysta,2025,1,97206,1199,79.4,16.9,2,Petrol,Manual,4.43
1019,Hyundai,Slavia,2018,8,43284,1498,112.6,20.1,2,Petrol,Manual,2.03
1020,Mahindra,Innova Crysta,2021,5,85716,1197,90.3,12.5,2,Petrol,Manual,2.45
1021,Kia,Tiago,2022,4,75505,2184,142.6,17.4,2,Petrol,Automatic,4.93
1022,Kia,Polo,2022,4,43849,1197,93.0,11.8,2,Petrol,Manual,3.14
1023,Kia,Scorpio,2017,9,125558,1997,149.1,15.4,1,Petrol,Manual,2.45
1024,Mahindra,Kiger,2019,7,12039,2198,154.6,19.5,3,Petrol,Automatic,3.83
1025,Jeep,Hector,2023,3,42017,1956,128.6,14.4,1,Petrol,Manual,5.51
1026,Jeep,Celerio,2021,5,100213,1956,138.6,11.8,1,Diesel,Manual,3.97
1027,Hyundai,Brezza,2025,1,69503,2184,157.9,12.5,3,Petrol,Manual,6.3
1028,Jeep,Amaze,2019,7,49718,1598,115.2,15.6,1,Diesel,Manual,2.84
1029,Volkswagen,Altroz,2021,5,120026,1498,101.3,11.4,2,Petrol,Manual,2.75
1030,Mahindra,Scorpio,2018,8,121459,2184,132.7,18.7,1,CNG,Manual,3.06
1031,Nissan,Glanza,2019,7,57099,1199,93.8,11.1,2,CNG,Manual,2.02
1032,Skoda,Magnite,2021,5,137797,1956,135.3,12.8,1,Petrol,Automatic,3.77
1033,Maruti Suzuki,Amaze,2024,2,20470,1498,116.9,18.8,2,CNG,Manual,4.6
1034,Kia,Triber,2019,7,12245,1498,118.0,22.7,2,Petrol,Manual,2.42
1035,Renault,Compass,2018,8,46875,998,68.4,15.6,1,Petrol,Automatic,1.69
1036,Tata,Alcazar,2024,2,80390,1956,124.6,16.3,1,Diesel,Manual,5.29
1037,Skoda,Carens,2024,2,111798,2198,149.6,21.2,3,Diesel,Manual,5.69
1038,Volkswagen,Urban Cruiser Hyryder,2020,6,56773,1498,114.1,23.3,2,CNG,Automatic,3.29
1039,Volkswagen,S-Presso,2023,3,102312,1197,94.6,18.7,1,CNG,Manual,3.17
1040,Kia,Baleno,2022,4,37793,1197,79.2,22.7,3,Diesel,Manual,3.01
1041,Hyundai,Astor,2022,4,150004,1598,113.2,18.3,1,Petrol,Automatic,3.87
1042,Nissan,Fortuner,2024,2,89025,1956,150.5,17.4,1,Petrol,Automatic,4.78
1043,Toyota,Brezza,2020,6,28515,998,98.7,17.1,2,Petrol,Manual,2.25
1044,Maruti Suzuki,Kushaq,2022,4,44817,1598,123.1,16.9,1,Petrol,Manual,3.31
1045,Honda,Virtus,2020,6,127396,1956,123.6,10.6,2,Diesel,Automatic,3.44
1046,Tata,Harrier,2020,6,64985,1956,145.5,21.1,1,Petrol,Manual,2.94
1047,Skoda,Alcazar,2019,7,63883,998,67.1,16.9,1,CNG,Manual,1.51
1048,Kia,Carens,2021,5,146621,1498,113.5,14.6,1,Petrol,Manual,3.16
1049,Renault,Dzire,2017,9,88276,2184,163.4,13.3,3,Petrol,Manual,1.76
1050,Kia,Baleno,2018,8,47119,1997,144.8,22.2,1,Petrol,Manual,2.96
1051,MG,Harrier,2023,3,128814,1497,126.4,11.8,2,Petrol,Manual,4.27
1052,Nissan,Tiago,2024,2,68173,1598,122.0,22.1,1,Diesel,Manual,4.22
1053,Tata,Virtus,2020,6,40042,2198,142.5,16.2,2,Diesel,Automatic,3.55
1054,Kia,Wagon R,2024,2,119231,998,81.3,23.5,1,Petrol,Automatic,3.76
1055,Maruti Suzuki,Urban Cruiser Hyryder,2024,2,68449,1598,121.0,15.4,1,CNG,Manual,4.33
1056,Maruti Suzuki,Virtus,2025,1,40487,2184,135.6,24.1,1,Petrol,Manual,5.73
1057,Volkswagen,Venue,2020,6,55474,1598,105.5,10.3,2,Petrol,Manual,2.78
1058,Volkswagen,Fortuner,2019,7,151512,1997,151.6,22.9,3,CNG,Manual,2.41
1059,Maruti Suzuki,Scorpio,2020,6,146426,1497,120.1,17.9,1,Petrol,Manual,1.96
1060,Volkswagen,Harrier,2024,2,131938,1498,119.3,17.3,1,Petrol,Manual,4.52
1061,Kia,Swift,2020,6,12204,1197,77.2,23.1,1,Diesel,Manual,2.42
1062,Jeep,Harrier,2022,4,119215,1199,100.7,15.2,1,Diesel,Manual,3.17
1063,Jeep,Fortuner,2018,8,152638,1997,135.2,11.7,1,Petrol,Manual,2.21
1064,Maruti Suzuki,Compass,2020,6,126413,998,83.9,21.0,2,Petrol,Manual,1.91
1065,Mahindra,Elevate,2020,6,137485,1497,105.3,12.2,1,Petrol,Automatic,2.82
1066,Hyundai,Kushaq,2022,4,139709,1956,146.9,21.2,1,Petrol,Manual,3.76
1067,Jeep,Alto K10,2020,6,151154,998,72.0,18.5,1,Diesel,Automatic,2.4
1068,Toyota,Amaze,2025,1,86063,1956,146.5,24.6,2,CNG,Manual,7.18
1069,Nissan,Tiago,2020,6,35616,1197,88.4,23.5,2,Petrol,Manual,1.76
1070,Tata,Thar,2019,7,158496,998,78.1,17.1,2,Diesel,Manual,1.36
1071,Tata,Safari,2019,7,55804,1199,109.1,22.5,3,Diesel,Automatic,2.72
1072,Toyota,Nexon,2018,8,103911,1598,112.1,11.7,1,Petrol,Automatic,2.52
1073,Kia,Elevate,2023,3,125399,1498,107.7,16.3,2,CNG,Manual,3.71
1074,Nissan,Aura,2021,5,80858,1497,104.9,10.1,1,Petrol,Automatic,2.81
1075,Kia,Grand i10 Nios,2025,1,18019,1197,86.1,17.7,2,Petrol,Manual,4.59
1076,Renault,S-Presso,2018,8,42746,1956,119.1,22.4,1,Petrol,Automatic,2.36
1077,Honda,Tiago,2021,5,41672,1997,143.4,15.4,3,Petrol,Manual,3.44
1078,Jeep,XUV700,2023,3,84955,1199,89.4,19.5,1,Petrol,Manual,3.62
1079,Tata,Polo,2018,8,44615,1199,111.5,21.2,2,CNG,Manual,2.14
1080,Renault,Brezza,2022,4,95817,1498,107.1,17.7,1,Petrol,Automatic,3.19
1081,Mahindra,Slavia,2022,4,7768,1956,146.7,13.5,1,Petrol,Manual,5.08
1082,Mahindra,Urban Cruiser Hyryder,2023,3,126583,1199,77.3,23.2,1,Diesel,Manual,3.76
1083,Maruti Suzuki,Fortuner,2023,3,24046,1997,143.3,11.8,1,Petrol,Manual,4.56
1084,Mahindra,Wagon R,2025,1,66161,1498,109.4,16.3,1,Petrol,Manual,5.72
1085,Maruti Suzuki,Sonet,2024,2,84388,1956,139.6,13.7,1,Petrol,Manual,4.49
1086,Hyundai,Kwid,2025,1,85319,1598,127.6,23.6,1,Petrol,Automatic,5.51
1087,Nissan,Compass,2025,1,156773,1197,108.8,21.7,1,Diesel,Manual,3.39
1088,Skoda,Bolero,2019,7,16896,1956,138.9,21.5,1,Petrol,Manual,2.92
1089,Skoda,Verna,2017,9,133900,1199,105.5,22.1,1,Petrol,Manual,1.33
1090,Volkswagen,Scorpio,2025,1,93546,1497,96.4,12.2,2,Petrol,Manual,4.81
1091,MG,Hector,2022,4,129043,998,75.6,21.7,3,Petrol,Manual,2.53
1092,MG,Slavia,2017,9,58925,2198,155.4,13.4,3,Petrol,Manual,2.25
1093,Renault,Verna,2025,1,32550,1197,92.9,16.1,1,Petrol,Manual,3.49
1094,Maruti Suzuki,Swift,2018,8,116004,1498,106.7,20.6,1,CNG,Manual,1.6
1095,Toyota,Astor,2019,7,98759,1956,121.8,21.9,2,Diesel,Manual,3.14
1096,Mahindra,Celerio,2025,1,48999,1956,141.4,15.3,2,Petrol,Manual,6.5
1097,Toyota,Alcazar,2023,3,30797,1997,144.3,15.8,2,Petrol,Manual,5.55
1098,Skoda,Scorpio,2025,1,6489,1497,123.6,20.5,1,Petrol,Automatic,6.13
1099,Jeep,Punch,2022,4,132152,1956,136.7,10.1,2,CNG,Manual,4.3
1100,Renault,Slavia,2018,8,145726,1497,93.5,24.2,2,Petrol,Manual,1.3
1101,Renault,Harrier,2018,8,151347,1997,129.3,14.2,1,Petrol,Manual,1.73
1102,Maruti Suzuki,Sonet,2018,8,82916,1497,117.0,21.7,1,Petrol,Automatic,2.49
1103,Jeep,Punch,2024,2,22789,1997,128.6,22.0,2,Petrol,Automatic,6.86
1104,Skoda,Scorpio,2024,2,101701,1598,110.9,19.7,1,Petrol,Manual,4.54
1105,Volkswagen,Verna,2017,9,17191,1197,83.7,11.8,1,CNG,Manual,1.73
1106,Skoda,Brezza,2020,6,144167,2184,165.6,14.2,1,Petrol,Manual,3.46
1107,Kia,Punch,2022,4,34717,1199,107.7,16.3,1,Petrol,Automatic,3.84
1108,Hyundai,Venue,2021,5,118679,1497,115.0,13.8,2,Diesel,Manual,2.83
1109,Kia,Nexon,2024,2,77945,1997,148.0,19.5,1,Petrol,Automatic,6.08
1110,Skoda,Hector,2019,7,77792,1498,95.3,11.2,2,Petrol,Automatic,2.7
1111,Honda,Safari,2018,8,115460,1956,142.2,24.6,1,Diesel,Manual,2.56
1112,Nissan,Glanza,2023,3,76738,1498,125.3,14.2,1,CNG,Manual,3.74
1113,Volkswagen,Nexon,2021,5,106550,1199,82.4,10.2,1,Petrol,Manual,2.05
1114,Volkswagen,Scorpio,2025,1,112484,2198,155.7,24.9,1,Petrol,Manual,6.68
1115,Skoda,Alto K10,2021,5,43226,1956,144.8,16.7,2,Diesel,Manual,4.06
1116,Honda,Elevate,2024,2,62576,1497,116.1,21.3,1,Diesel,Manual,4.89
1117,Renault,Compass,2023,3,59214,998,71.9,10.0,2,Diesel,Automatic,2.68
1118,Renault,Swift,2024,2,105026,1497,108.1,16.1,1,Petrol,Automatic,4.15
1119,Kia,Virtus,2021,5,14779,1199,85.7,21.9,2,Diesel,Manual,2.66
1120,Mahindra,Baleno,2021,5,51295,2184,166.0,16.5,1,Diesel,Automatic,5.5
1121,Jeep,Kwid,2021,5,33130,1997,150.6,23.3,2,Diesel,Manual,4.37
1122,Toyota,Sonet,2017,9,68142,1199,87.0,13.9,1,Petrol,Manual,1.95
1123,Honda,Fortuner,2017,9,82021,2198,141.6,13.7,1,Diesel,Manual,2.5
1124,Hyundai,Carens,2023,3,45198,1497,104.3,14.5,1,Petrol,Manual,4.09
1125,Toyota,Compass,2020,6,76336,1956,150.7,24.1,3,Petrol,Automatic,4.11
1126,Toyota,Altroz,2023,3,65408,1598,115.3,12.7,2,Petrol,Manual,4.22
1127,Renault,Innova Crysta,2022,4,102077,998,88.8,13.7,1,Petrol,Manual,2.06
1128,Renault,XUV 3XO,2023,3,55386,1598,122.9,19.5,1,Diesel,Manual,3.95
1129,Maruti Suzuki,Sonet,2021,5,31891,1956,124.4,16.8,1,Petrol,Manual,3.07
1130,Volkswagen,City,2024,2,22649,1598,106.8,22.2,2,Diesel,Automatic,5.34
1131,Hyundai,Kushaq,2022,4,114401,2198,164.4,17.7,1,Diesel,Manual,4.27
1132,Maruti Suzuki,Nexon,2020,6,11349,2184,164.6,10.9,3,Petrol,Manual,2.89
1133,Jeep,Nexon,2019,7,98463,1199,104.9,16.1,1,Petrol,Automatic,2.55
1134,Hyundai,Baleno,2018,8,7106,1197,101.5,17.4,2,Petrol,Manual,1.64
1135,Maruti Suzuki,City,2023,3,62216,1956,152.4,10.9,1,CNG,Automatic,5.27
1136,Toyota,Hector,2021,5,129658,998,92.3,19.8,1,Petrol,Manual,2.65
1137,Jeep,Elevate,2023,3,91212,1497,111.4,22.3,1,CNG,Manual,4.4
1138,Renault,Altroz,2018,8,99611,2198,137.2,10.7,1,Diesel,Manual,1.96
1139,Toyota,XUV 3XO,2023,3,134216,998,81.0,17.4,2,Petrol,Automatic,3.66
1140,Hyundai,Thar,2018,8,77029,1956,135.4,24.9,2,Diesel,Manual,2.75
1141,Renault,Kwid,2018,8,124492,1498,123.1,20.7,1,CNG,Automatic,2.08
1142,Mahindra,Amaze,2021,5,35644,2198,164.4,21.6,1,Diesel,Manual,4.89
1143,Maruti Suzuki,Magnite,2022,4,101225,1956,123.8,18.3,1,Diesel,Automatic,4.1
1144,Maruti Suzuki,Sonet,2017,9,61034,1956,129.4,21.5,1,Petrol,Manual,2.03
1145,Toyota,i20,2018,8,119501,1497,118.9,10.3,1,Petrol,Manual,2.03
1146,Tata,Safari,2022,4,99230,1598,117.3,12.4,1,Diesel,Automatic,4.16
1147,Kia,Taigun,2017,9,91152,998,71.3,17.8,2,Petrol,Manual,1.25
1148,Volkswagen,Alto K10,2024,2,16461,1997,154.1,22.3,2,CNG,Manual,5.71
1149,Kia,Grand i10 Nios,2025,1,84615,1997,141.8,11.3,2,Petrol,Automatic,6.85
1150,Nissan,XUV 3XO,2019,7,26640,1199,100.8,19.5,2,Petrol,Manual,1.75
1151,MG,Compass,2024,2,12464,1956,148.1,16.4,1,Diesel,Manual,6.5
1152,MG,Dzire,2023,3,96478,1956,134.4,10.9,2,Petrol,Manual,4.98
1153,Tata,Bolero,2018,8,159935,1598,108.3,20.1,1,Petrol,Manual,1.6
1154,Volkswagen,Kwid,2022,4,57439,1197,92.7,21.3,1,Diesel,Manual,3.18
1155,MG,S-Presso,2022,4,93924,1199,103.5,20.8,1,Diesel,Manual,3.56
1156,Mahindra,Scorpio,2024,2,98064,1497,113.3,22.1,1,Petrol,Automatic,4.88
1157,MG,Kwid,2025,1,103927,2198,156.3,16.1,1,Diesel,Manual,7.41
1158,Kia,Polo,2021,5,19584,2198,138.9,23.7,2,Diesel,Automatic,4.88
1159,Volkswagen,Polo,2020,6,123911,1199,78.4,15.4,1,Petrol,Automatic,2.31
1160,Honda,Venue,2025,1,36614,1498,96.8,24.0,1,Petrol,Manual,4.74
1161,Mahindra,Nexon,2018,8,95039,1197,83.9,12.7,1,Petrol,Automatic,1.88
1162,Jeep,Baleno,2020,6,99204,2198,142.7,13.9,1,Diesel,Manual,3.66
1163,MG,Bolero,2019,7,49973,1997,153.7,12.1,3,CNG,Automatic,3.71
1164,Honda,Carens,2022,4,41286,1498,111.4,13.1,2,Petrol,Manual,3.08
1165,Toyota,Dzire,2021,5,44878,1197,101.1,21.5,1,CNG,Manual,3.14
1166,Jeep,Alto K10,2024,2,111359,998,83.3,24.4,1,Petrol,Manual,3.96
1167,Kia,Amaze,2025,1,132940,2198,133.1,12.1,1,Petrol,Automatic,7.19
1168,Nissan,S-Presso,2018,8,88370,998,93.7,10.7,1,CNG,Manual,1.56
1169,Honda,Venue,2025,1,110701,1199,110.1,11.1,2,Diesel,Manual,4.8
1170,MG,Kiger,2021,5,119070,1197,88.5,21.5,1,Diesel,Manual,2.81
1171,Maruti Suzuki,Verna,2019,7,51468,1956,152.6,24.7,1,Diesel,Manual,3.02
1172,Tata,Elevate,2025,1,116512,1197,104.5,23.6,1,Diesel,Manual,4.62
1173,Hyundai,XUV700,2017,9,152063,998,74.0,11.3,1,Diesel,Automatic,1.5
1174,Honda,Hector,2025,1,134424,1197,86.1,24.8,1,Diesel,Manual,4.46
1175,Skoda,Kiger,2021,5,139044,1199,80.8,20.1,1,Diesel,Manual,2.28
1176,Nissan,Kushaq,2018,8,24387,1598,105.4,14.0,1,Diesel,Automatic,2.39
1177,Toyota,S-Presso,2022,4,10593,2198,157.9,22.8,1,Petrol,Automatic,6.1
1178,Toyota,Baleno,2020,6,118290,1199,83.8,20.8,2,Petrol,Manual,2.32
1179,MG,Compass,2021,5,50444,1497,119.4,20.2,2,CNG,Manual,3.14
1180,Skoda,Virtus,2018,8,93369,2184,146.5,12.1,2,Petrol,Manual,2.8
1181,Kia,City,2019,7,153569,1197,77.6,17.1,1,Petrol,Manual,2.02
1182,MG,Fortuner,2020,6,111904,1497,105.0,13.3,2,Diesel,Automatic,3.46
1183,Honda,Thar,2025,1,98224,1497,121.0,22.0,1,Petrol,Manual,5.32
1184,Honda,i20,2023,3,95293,1199,86.9,20.1,2,Diesel,Manual,3.45
1185,Renault,Dzire,2025,1,119526,1197,79.8,24.1,1,Petrol,Manual,3.42
1186,Maruti Suzuki,Sonet,2017,9,10263,1497,100.7,21.5,1,Petrol,Manual,1.5
1187,Honda,Venue,2024,2,78911,1956,149.6,11.2,1,Petrol,Manual,5.43
1188,Honda,Magnite,2025,1,151951,2198,142.7,14.3,1,Petrol,Manual,6.14
1189,Renault,Safari,2019,7,75559,1497,101.8,12.5,1,CNG,Automatic,2.4
1190,Volkswagen,Taigun,2020,6,122136,1498,109.0,20.0,1,Petrol,Manual,2.41
1191,Nissan,Amaze,2025,1,48786,1598,128.9,14.8,1,Diesel,Manual,4.79
1192,Tata,Hector,2023,3,136052,1956,143.5,14.5,1,Petrol,Automatic,4.92
1193,MG,Hector,2025,1,22663,1197,85.3,15.8,1,Diesel,Automatic,5.67
1194,Skoda,Aura,2019,7,80494,2184,161.0,19.8,1,Petrol,Manual,3.11
1195,MG,XUV 3XO,2023,3,8082,2198,147.3,23.1,1,Diesel,Manual,6.27
1196,Hyundai,Glanza,2023,3,12559,2198,152.2,20.0,1,Diesel,Manual,5.77
1197,Nissan,Celerio,2024,2,137194,1197,95.3,20.4,1,Petrol,Manual,3.13
1198,Honda,XUV700,2020,6,13883,1197,87.4,12.7,1,CNG,Manual,2.79
1199,Toyota,Hector,2019,7,35867,1956,118.7,22.2,1,Diesel,Automatic,3.6
1200,Renault,Altroz,2024,2,31124,1956,147.8,22.5,2,Petrol,Manual,4.76
1201,Hyundai,Glanza,2023,3,72590,2198,141.8,20.5,2,CNG,Manual,5.01
1202,Toyota,Bolero,2022,4,26580,998,79.0,10.0,1,Diesel,Manual,3.09
1203,Volkswagen,Carens,2025,1,11669,1598,117.6,13.3,2,Petrol,Automatic,6.11
1204,Jeep,City,2017,9,7496,2184,163.9,15.5,2,CNG,Manual,2.86
1205,Nissan,Taigun,2023,3,140054,2198,147.2,17.6,1,Petrol,Manual,3.75
1206,Hyundai,Scorpio,2023,3,142628,1997,138.8,20.0,1,Petrol,Manual,4.5
1207,Toyota,Compass,2025,1,103748,2184,152.1,14.4,1,Petrol,Manual,7.29
1208,Jeep,Tiago,2020,6,73055,1197,82.4,23.1,1,Petrol,Automatic,2.96
1209,Tata,Venue,2024,2,50018,1497,95.6,10.8,3,Petrol,Manual,3.82
1210,Tata,S-Presso,2020,6,14027,2184,144.2,13.9,2,Petrol,Manual,3.42
1211,Skoda,Kwid,2025,1,74764,998,85.2,20.1,2,Diesel,Manual,4.13
1212,Honda,Sonet,2018,8,75342,1199,95.4,22.3,2,Petrol,Manual,1.87
1213,Volkswagen,Bolero,2024,2,69003,1497,96.5,12.8,2,Diesel,Automatic,5.15
1214,MG,Verna,2020,6,99944,1197,94.1,19.4,1,Petrol,Automatic,2.61
1215,Toyota,Magnite,2021,5,31379,1498,128.1,11.3,3,Petrol,Manual,3.63
1216,Maruti Suzuki,Amaze,2018,8,117279,1498,117.1,24.1,1,Diesel,Automatic,2.15
1217,Jeep,Alcazar,2020,6,18217,1197,89.9,20.6,1,Diesel,Manual,3.09
1218,Honda,Astor,2023,3,18025,1956,143.9,17.4,2,Diesel,Manual,5.29
1219,Tata,Kwid,2022,4,56295,1598,109.5,14.0,1,Petrol,Manual,3.3
1220,Toyota,i20,2021,5,16002,1498,125.2,23.0,1,Petrol,Manual,4.0
1221,Jeep,Magnite,2020,6,84115,1997,130.4,16.8,2,Petrol,Automatic,4.04
1222,Volkswagen,Brezza,2018,8,93031,1956,142.9,21.0,1,Diesel,Manual,2.57
1223,Jeep,Sonet,2020,6,54906,2184,165.8,10.9,1,Diesel,Manual,4.17
1224,MG,Alcazar,2017,9,47744,2184,165.0,21.1,1,Petrol,Automatic,3.24
1225,Maruti Suzuki,Thar,2023,3,76100,1956,149.5,17.9,1,Petrol,Manual,4.66
1226,MG,Wagon R,2021,5,151042,1598,105.5,23.4,1,Diesel,Manual,3.02
1227,Hyundai,Triber,2018,8,32766,1199,93.3,21.0,1,Diesel,Automatic,2.19
1228,Renault,Slavia,2022,4,79058,1598,101.9,15.3,1,Petrol,Automatic,3.15
1229,Skoda,Elevate,2022,4,143396,998,73.6,18.6,2,Diesel,Manual,2.85
1230,Renault,Harrier,2021,5,152924,2184,155.9,15.4,1,Diesel,Manual,3.11
1231,Nissan,Magnite,2022,4,49060,998,94.1,22.7,3,Diesel,Manual,2.22
1232,Maruti Suzuki,Triber,2024,2,20327,2184,137.7,11.1,3,Diesel,Automatic,5.88
1233,Jeep,Venue,2019,7,41736,1497,127.7,23.7,1,Petrol,Automatic,3.07
1234,Jeep,Venue,2017,9,115178,2184,155.1,13.0,1,Petrol,Manual,2.19
1235,Maruti Suzuki,Triber,2022,4,102627,1956,140.0,19.7,1,Petrol,Manual,3.56
1236,Jeep,Astor,2020,6,56739,1956,124.7,13.7,1,CNG,Manual,3.89
1237,Tata,Seltos,2019,7,126074,1197,88.5,21.2,2,Petrol,Manual,1.77
1238,Hyundai,Compass,2021,5,47363,1598,113.8,23.7,1,Diesel,Manual,3.04
1239,Honda,Safari,2020,6,146212,1199,80.9,17.5,1,Diesel,Manual,2.09
1240,Tata,Tiago,2023,3,81201,1956,133.3,24.7,1,Petrol,Manual,4.38
1241,Renault,Kushaq,2024,2,20167,1997,151.1,14.7,1,Diesel,Manual,4.8
1242,Volkswagen,Virtus,2024,2,21486,998,96.1,14.4,1,Petrol,Automatic,4.58
1243,Volkswagen,Compass,2017,9,78851,1598,105.6,24.5,1,Petrol,Manual,1.61
1244,Volkswagen,Kwid,2025,1,147010,1497,105.2,10.4,1,Diesel,Manual,5.15
1245,Honda,Sonet,2023,3,157419,998,73.6,20.0,2,Petrol,Manual,2.77
1246,Tata,Compass,2020,6,85692,1598,106.0,14.0,1,Diesel,Manual,2.63
1247,MG,Grand i10 Nios,2019,7,31663,1199,97.1,15.0,1,CNG,Manual,2.4
1248,Skoda,Fortuner,2025,1,144467,1498,100.7,16.5,2,Diesel,Automatic,5.54
1249,Jeep,Carens,2024,2,37192,1199,89.5,13.5,1,Petrol,Manual,4.36
1250,Honda,Venue,2024,2,33031,2198,146.1,10.6,1,Diesel,Manual,6.24
1251,Nissan,Scorpio,2023,3,74392,1199,98.4,24.3,2,Petrol,Manual,2.59
1252,MG,XUV 3XO,2025,1,90253,1497,125.5,16.2,2,Petrol,Automatic,5.97
1253,MG,Creta,2018,8,99326,1997,133.4,17.3,1,Petrol,Automatic,3.06
1254,Tata,Carens,2024,2,76933,998,69.5,21.1,1,Petrol,Manual,3.22
1255,Toyota,Compass,2022,4,70869,1956,123.5,13.4,1,Petrol,Manual,4.25
1256,Nissan,Harrier,2023,3,58643,1997,146.9,23.7,1,Petrol,Automatic,4.37
1257,Tata,Aura,2021,5,45754,1598,130.4,20.2,2,Petrol,Manual,3.32
1258,Kia,Slavia,2021,5,135787,1498,100.2,22.8,1,Petrol,Automatic,3.04
1259,Honda,Alcazar,2021,5,71241,998,93.4,16.1,3,Petrol,Automatic,2.77
1260,Jeep,Virtus,2024,2,64443,1956,136.3,19.2,1,Petrol,Manual,6.21
1261,Jeep,Safari,2018,8,21336,1498,115.3,21.2,1,Petrol,Manual,2.27
1262,Hyundai,Celerio,2020,6,5388,1498,106.3,16.0,3,Diesel,Automatic,3.07
1263,Renault,Baleno,2022,4,89640,998,81.4,12.2,2,Petrol,Manual,2.24
1264,Skoda,Urban Cruiser Hyryder,2023,3,18902,1997,136.1,10.6,1,Petrol,Automatic,5.47
1265,Tata,Venue,2018,8,97392,1997,143.1,23.7,1,Petrol,Manual,2.02
1266,Kia,Wagon R,2021,5,77656,1598,121.7,10.3,2,Petrol,Manual,3.46
1267,Renault,Slavia,2023,3,112850,2198,147.5,23.0,1,Petrol,Manual,4.06
1268,Toyota,Aura,2024,2,105240,2198,136.0,17.9,1,Petrol,Manual,6.32
1269,Volkswagen,Baleno,2022,4,26067,1199,91.0,16.2,2,Petrol,Manual,2.73
1270,Renault,Safari,2021,5,158546,2198,159.0,21.6,1,Petrol,Automatic,3.16
1271,Honda,Alcazar,2024,2,44830,1997,154.2,24.6,1,Petrol,Automatic,6.59
1272,Tata,Brezza,2025,1,76277,1199,76.8,21.1,1,Petrol,Automatic,4.15
1273,Toyota,Taigun,2017,9,84976,1956,129.3,21.9,1,Petrol,Automatic,3.05
1274,Honda,XUV700,2018,8,12068,2184,131.4,23.9,1,Petrol,Manual,2.55
1275,Jeep,Magnite,2020,6,32912,2198,147.8,16.7,1,Diesel,Automatic,4.57
1276,Volkswagen,Verna,2022,4,137738,1497,96.7,23.7,2,Petrol,Manual,3.2
1277,Nissan,Thar,2024,2,59588,1497,117.3,16.8,3,Petrol,Manual,3.76
1278,Toyota,Triber,2023,3,44756,1598,110.0,14.7,2,Diesel,Automatic,4.98
1279,Kia,Carens,2022,4,156386,1997,138.8,14.2,1,Petrol,Manual,4.3
1280,Toyota,Magnite,2017,9,44646,998,94.3,23.1,1,Petrol,Manual,1.34
1281,Renault,Urban Cruiser Hyryder,2020,6,128951,1956,130.9,19.6,3,Petrol,Manual,2.03
1282,MG,Aura,2020,6,114487,1598,108.9,23.6,1,Petrol,Manual,2.64
1283,Jeep,Amaze,2022,4,45763,1956,124.2,22.9,1,Diesel,Manual,4.65
1284,Tata,Elevate,2020,6,119513,1997,152.2,14.1,1,Petrol,Automatic,3.11
1285,Hyundai,Alcazar,2022,4,73853,1498,120.9,16.6,1,Petrol,Manual,3.62
1286,Honda,Kiger,2019,7,55152,998,77.7,13.9,1,Diesel,Manual,2.31
1287,Skoda,Sonet,2023,3,149312,1598,112.9,19.7,1,Petrol,Manual,4.08
1288,Skoda,Alto K10,2018,8,80504,1199,96.5,12.1,1,CNG,Manual,1.57
1289,Mahindra,XUV 3XO,2024,2,70375,2198,139.1,16.2,1,Petrol,Automatic,6.58
1290,Nissan,Magnite,2022,4,157955,1598,115.6,16.8,1,Petrol,Manual,2.68
1291,Mahindra,Alcazar,2021,5,156806,1199,100.0,21.0,2,Petrol,Manual,2.79
1292,Jeep,Dzire,2019,7,96291,998,92.8,17.7,1,Petrol,Automatic,2.61
1293,Mahindra,Verna,2023,3,158323,1498,125.5,13.1,1,Petrol,Automatic,4.75
1294,Skoda,Alcazar,2023,3,150501,998,86.3,11.2,2,Petrol,Automatic,3.52
1295,Maruti Suzuki,Seltos,2019,7,127033,1199,109.5,11.7,2,Petrol,Automatic,2.2
1296,Maruti Suzuki,City,2017,9,102072,1497,102.1,24.3,2,Petrol,Manual,1.69
1297,Nissan,Kushaq,2019,7,146161,2184,158.4,18.5,1,Petrol,Automatic,2.44
1298,Hyundai,Elevate,2017,9,72478,1498,127.5,12.4,1,Petrol,Manual,1.59
1299,Renault,Amaze,2017,9,115206,1498,113.3,24.1,1,Petrol,Manual,1.25
1300,Tata,i20,2023,3,44495,1197,109.5,13.9,1,Petrol,Manual,3.48
1301,Volkswagen,Wagon R,2019,7,141991,1956,146.5,11.8,2,Petrol,Automatic,3.04
1302,Jeep,Virtus,2021,5,70124,1956,143.3,16.1,1,Petrol,Automatic,4.53
1303,Renault,Triber,2022,4,145378,2184,156.8,11.3,1,Diesel,Automatic,4.24
1304,Nissan,Baleno,2023,3,85904,1498,96.7,15.3,1,CNG,Manual,3.35
1305,Jeep,Kushaq,2025,1,96444,1199,86.0,22.7,1,Petrol,Manual,4.91
1306,MG,Seltos,2022,4,148806,2184,159.5,11.5,3,Petrol,Automatic,4.83
1307,Jeep,Celerio,2018,8,107952,1956,127.1,21.2,1,Diesel,Manual,2.44
1308,MG,Aura,2025,1,139224,998,77.2,14.8,2,Petrol,Manual,4.0
1309,Jeep,Tiago,2019,7,159830,2198,148.6,18.9,1,Diesel,Automatic,3.74
1310,Kia,Alcazar,2023,3,137718,2198,142.6,18.3,1,Petrol,Automatic,5.71
1311,Hyundai,Slavia,2018,8,136770,1956,124.1,12.5,3,Petrol,Automatic,2.26
1312,Kia,Harrier,2025,1,12829,1498,127.2,18.0,1,Diesel,Manual,6.06
1313,Renault,Alto K10,2022,4,96463,2198,154.6,21.7,1,Petrol,Manual,3.81
1314,Maruti Suzuki,Seltos,2018,8,136298,1197,87.3,18.2,2,Petrol,Manual,1.44
1315,Tata,Venue,2018,8,33208,2184,131.6,13.6,2,Petrol,Automatic,2.99
1316,Skoda,Virtus,2023,3,114136,1498,99.7,21.5,1,Diesel,Manual,3.98
1317,Skoda,Fortuner,2018,8,90267,2184,156.6,15.9,2,Petrol,Manual,2.27
1318,Toyota,City,2022,4,70219,1498,98.6,14.2,3,CNG,Manual,3.73
1319,Jeep,Seltos,2018,8,125830,1197,79.9,19.5,1,Petrol,Manual,1.69
1320,Mahindra,Fortuner,2017,9,61263,1498,104.8,14.6,1,Petrol,Manual,1.76
1321,Nissan,Bolero,2017,9,126546,1997,133.1,11.2,1,Petrol,Manual,1.65
1322,Toyota,Kiger,2024,2,78551,2198,161.2,11.5,1,Diesel,Manual,7.54
1323,Honda,Altroz,2021,5,83370,1497,111.5,24.9,1,Petrol,Automatic,3.45
1324,Toyota,Dzire,2020,6,98311,2184,132.0,12.9,1,Diesel,Automatic,4.52
1325,Mahindra,Triber,2019,7,30553,1997,137.0,13.2,2,Petrol,Automatic,3.76
1326,Honda,Brezza,2019,7,118833,1199,87.3,10.5,3,Petrol,Manual,1.37
1327,Nissan,Dzire,2020,6,15923,1498,125.4,10.5,1,Petrol,Manual,2.46
1328,Honda,Seltos,2025,1,11604,1598,111.7,13.5,1,Diesel,Manual,6.18
1329,Hyundai,Fortuner,2024,2,94048,998,81.6,18.4,1,Diesel,Manual,3.28
1330,MG,Tiago,2020,6,8926,2184,150.7,13.2,2,Diesel,Automatic,4.75
1331,Volkswagen,Brezza,2022,4,101549,1997,147.9,22.7,1,Petrol,Manual,4.17
1332,Skoda,Kiger,2018,8,112069,1598,102.6,13.0,2,Petrol,Manual,1.6
1333,Mahindra,Kwid,2022,4,132546,2184,153.4,20.5,1,Diesel,Manual,5.15
1334,MG,Slavia,2023,3,99114,998,99.1,16.3,2,Diesel,Manual,3.26
1335,Nissan,Seltos,2023,3,131781,1997,142.5,19.2,3,Diesel,Automatic,4.05
1336,Jeep,Scorpio,2020,6,159801,998,68.4,13.3,1,CNG,Automatic,2.85
1337,Kia,Harrier,2022,4,75695,1997,136.1,13.7,3,CNG,Manual,4.47
1338,Hyundai,Fortuner,2022,4,73646,1956,138.0,21.8,1,Petrol,Manual,4.02
1339,Jeep,Aura,2021,5,133403,1598,120.9,12.9,1,Petrol,Manual,3.26
1340,Nissan,Aura,2023,3,77795,1199,90.1,19.3,1,Petrol,Automatic,2.98
1341,Skoda,Punch,2019,7,93424,2198,157.2,11.3,1,Petrol,Manual,2.92
1342,Renault,Grand i10 Nios,2021,5,149567,1598,118.8,11.6,2,Diesel,Manual,2.81
1343,Toyota,Urban Cruiser Hyryder,2021,5,46353,1197,103.5,18.9,1,Petrol,Manual,3.11
1344,MG,Slavia,2024,2,129453,998,87.1,21.2,3,Petrol,Manual,3.32
1345,Jeep,XUV 3XO,2018,8,13506,1598,99.7,13.2,1,Petrol,Manual,2.1
1346,Tata,i20,2022,4,87360,2198,158.3,12.0,1,CNG,Manual,4.68
1347,Mahindra,Elevate,2020,6,124801,1956,130.5,17.7,1,Diesel,Manual,3.24
1348,Mahindra,Brezza,2020,6,71162,1598,112.3,20.7,2,Petrol,Manual,2.8
1349,Maruti Suzuki,XUV700,2021,5,21803,1956,145.2,13.0,1,Diesel,Manual,3.9
1350,Toyota,Virtus,2022,4,18164,1199,78.0,16.6,1,Diesel,Automatic,3.71
1351,Toyota,Kushaq,2021,5,22951,2198,163.5,19.3,2,Petrol,Manual,4.86
1352,Nissan,Punch,2025,1,68636,1956,130.3,20.0,1,Petrol,Automatic,5.68
1353,Toyota,Sonet,2022,4,119193,1956,125.4,12.4,1,Petrol,Manual,4.56
1354,Volkswagen,Kiger,2023,3,80382,1197,109.4,13.5,2,Petrol,Manual,3.22
1355,Toyota,Celerio,2019,7,40912,1497,96.6,24.8,1,Petrol,Manual,2.43
1356,Renault,Seltos,2023,3,156301,1197,95.3,23.3,2,Diesel,Manual,2.37
1357,Maruti Suzuki,Sonet,2018,8,52260,2198,138.3,20.9,2,Petrol,Manual,2.4
1358,Maruti Suzuki,Carens,2019,7,88039,2184,149.3,10.3,1,Petrol,Manual,2.38
1359,Kia,Punch,2024,2,95221,998,96.9,13.2,1,Diesel,Manual,3.94
1360,Nissan,Wagon R,2020,6,100553,1498,114.8,13.6,2,Petrol,Automatic,2.11
1361,MG,Magnite,2018,8,18586,998,78.8,18.5,1,Diesel,Manual,1.78
1362,Skoda,Triber,2022,4,64886,998,75.9,16.3,2,CNG,Automatic,3.46
1363,Nissan,Taigun,2019,7,40128,2184,157.2,22.1,1,Petrol,Manual,2.56
1364,Renault,Carens,2019,7,5813,1197,77.6,14.7,1,Petrol,Manual,1.86
1365,Toyota,Creta,2024,2,139553,998,84.2,13.8,1,CNG,Manual,4.05
1366,Volkswagen,XUV 3XO,2019,7,155200,998,71.2,17.1,1,Petrol,Automatic,2.03
1367,Toyota,Compass,2023,3,78561,1497,126.8,22.8,2,Petrol,Manual,4.4
1368,Jeep,Brezza,2018,8,41038,1956,143.4,22.0,1,Petrol,Manual,2.52
1369,MG,Urban Cruiser Hyryder,2025,1,24277,1598,118.5,19.9,1,Petrol,Automatic,6.58
1370,Tata,Kwid,2022,4,42609,1498,103.2,22.5,2,Petrol,Manual,3.0
1371,Hyundai,Creta,2019,7,102677,1498,124.4,18.5,1,Petrol,Automatic,2.71
1372,Maruti Suzuki,i20,2024,2,68625,1598,130.2,15.5,2,Petrol,Manual,4.32
1373,Renault,XUV 3XO,2025,1,122837,1956,145.0,20.7,1,CNG,Manual,5.22
1374,Kia,Tiago,2020,6,26405,1956,151.6,14.0,2,Petrol,Automatic,3.69
1375,Tata,Carens,2024,2,96358,1197,77.6,13.6,1,Petrol,Automatic,3.45
1376,Renault,i20,2021,5,79309,2198,143.8,16.4,1,Diesel,Manual,3.32
1377,Nissan,XUV700,2021,5,73265,1956,128.3,23.5,2,Diesel,Manual,3.19
1378,Tata,Aura,2017,9,12080,2198,137.5,21.5,3,Petrol,Manual,1.95
1379,Toyota,Kushaq,2017,9,134448,1197,90.6,12.6,1,Petrol,Manual,1.79
1380,Toyota,Safari,2023,3,93898,998,69.7,11.1,1,Petrol,Automatic,3.48
1381,Nissan,Astor,2020,6,41880,1598,108.2,11.5,1,CNG,Automatic,2.56
1382,MG,Wagon R,2020,6,125142,1497,121.8,20.9,1,Petrol,Manual,2.56
1383,Honda,Thar,2017,9,78509,1956,121.3,11.3,2,Petrol,Manual,1.59
1384,Maruti Suzuki,i20,2018,8,46956,1997,146.3,22.4,1,Petrol,Automatic,2.59
1385,Honda,Sonet,2025,1,35909,2184,138.6,14.8,1,Petrol,Manual,7.07
1386,Jeep,Kwid,2024,2,36013,1956,132.6,22.0,1,Diesel,Manual,6.66
1387,Maruti Suzuki,Harrier,2025,1,149319,1598,122.5,12.1,2,Diesel,Manual,4.71
1388,Tata,Taigun,2022,4,116945,1199,97.8,19.2,1,Petrol,Manual,2.48
1389,Toyota,Sonet,2021,5,44924,998,85.7,12.2,2,Diesel,Automatic,3.61
1390,Hyundai,Tiago,2023,3,48906,1598,114.7,21.8,1,Petrol,Automatic,4.49
1391,Maruti Suzuki,Thar,2025,1,26208,1997,145.7,17.9,1,CNG,Manual,6.46
1392,Jeep,Elevate,2019,7,120128,1956,129.4,24.0,2,Petrol,Manual,2.91
1393,Tata,Urban Cruiser Hyryder,2017,9,91715,1498,96.4,13.8,1,Petrol,Manual,1.39
1394,Jeep,Amaze,2022,4,18478,1956,130.3,21.1,1,Petrol,Manual,4.45
1395,Nissan,Alto K10,2019,7,30628,1956,135.8,11.1,1,Petrol,Manual,2.38
1396,Hyundai,Carens,2020,6,26880,2198,141.8,14.8,1,Petrol,Manual,3.01
1397,Kia,Amaze,2017,9,47167,1197,89.2,15.7,2,Diesel,Manual,1.55
1398,Honda,Urban Cruiser Hyryder,2024,2,97902,1598,105.4,14.6,1,Diesel,Automatic,5.47
1399,Mahindra,Alcazar,2018,8,41736,1497,109.2,10.1,1,Petrol,Automatic,2.35
1400,Honda,Urban Cruiser Hyryder,2021,5,30430,2184,138.5,11.5,2,Petrol,Manual,3.85
1401,Renault,Amaze,2025,1,89040,1956,135.4,13.3,1,CNG,Manual,5.42
1402,Honda,Swift,2025,1,129168,2184,164.8,23.7,2,Petrol,Manual,6.67
1403,MG,Seltos,2017,9,110604,2184,139.6,24.9,1,Petrol,Manual,1.9
1404,Hyundai,Bolero,2020,6,152369,1997,125.7,24.4,1,Diesel,Manual,3.0
1405,Nissan,Brezza,2025,1,100739,1598,106.8,23.1,2,Petrol,Manual,3.59
1406,Volkswagen,Astor,2018,8,55017,1197,96.9,13.6,1,Petrol,Manual,2.01
1407,Toyota,Slavia,2024,2,73842,998,94.7,17.3,1,Diesel,Manual,4.62
1408,Honda,Slavia,2019,7,133156,1199,102.9,11.8,2,CNG,Manual,1.91
1409,Skoda,Seltos,2023,3,61866,1598,104.6,24.0,1,Petrol,Manual,4.16
1410,Mahindra,Wagon R,2021,5,48721,2198,157.0,12.0,2,Petrol,Manual,4.15
1411,Maruti Suzuki,Hector,2024,2,149003,2198,162.6,21.0,1,Petrol,Automatic,5.75
1412,Skoda,Kwid,2024,2,153508,1497,108.1,18.8,1,Petrol,Automatic,4.34
1413,Nissan,Wagon R,2024,2,74642,998,86.4,20.4,1,Diesel,Automatic,3.81
1414,Jeep,Astor,2023,3,95725,1498,127.4,24.1,2,Petrol,Manual,4.37
1415,Renault,Alcazar,2018,8,6178,1956,136.4,11.9,2,CNG,Manual,2.26
1416,Nissan,Alto K10,2023,3,131845,1956,145.2,11.3,2,CNG,Manual,3.86
1417,Skoda,Kwid,2023,3,116485,1598,126.0,22.6,1,CNG,Manual,3.95
1418,Volkswagen,Polo,2025,1,143694,1598,99.7,24.5,2,Petrol,Automatic,5.18
1419,Renault,XUV 3XO,2019,7,84989,1199,104.4,12.7,1,Diesel,Manual,1.97
1420,Renault,Scorpio,2017,9,87941,1497,105.0,16.5,1,Petrol,Manual,1.35
1421,Hyundai,Slavia,2023,3,144406,998,72.0,18.0,1,Petrol,Manual,2.33
1422,Toyota,Kiger,2022,4,117159,1199,82.0,10.7,1,Diesel,Automatic,3.83
1423,Honda,Taigun,2020,6,130964,1956,133.6,22.0,1,Petrol,Manual,2.83
1424,Toyota,Kiger,2019,7,66052,1956,146.0,12.7,1,Petrol,Manual,2.92
1425,Skoda,Fortuner,2025,1,26729,1956,125.8,22.5,1,Petrol,Automatic,6.9
1426,Maruti Suzuki,Carens,2022,4,71644,998,89.2,24.4,1,Diesel,Manual,2.99
1427,Honda,Kushaq,2024,2,17285,1197,86.7,20.1,1,Petrol,Automatic,4.12
1428,Kia,Kiger,2024,2,26759,1199,92.3,14.5,1,Petrol,Automatic,4.31
1429,Maruti Suzuki,Bolero,2020,6,98100,998,88.6,17.3,1,Petrol,Automatic,1.86
1430,Mahindra,Brezza,2024,2,7794,1199,103.3,11.8,1,Petrol,Automatic,4.75
1431,MG,Triber,2018,8,43947,1497,120.3,12.0,2,Petrol,Manual,2.39
1432,Nissan,Grand i10 Nios,2021,5,12792,2184,159.8,23.1,1,Petrol,Manual,3.68
1433,Mahindra,Kwid,2025,1,24536,1498,94.4,16.5,1,Petrol,Automatic,6.2
1434,Volkswagen,Brezza,2018,8,106646,1997,146.5,12.0,1,Petrol,Manual,2.46
1435,Toyota,Astor,2020,6,46186,2184,140.1,12.5,2,Petrol,Manual,4.01
1436,Volkswagen,Urban Cruiser Hyryder,2020,6,17268,1497,118.3,22.9,2,CNG,Manual,2.54
1437,Kia,Dzire,2021,5,33147,1497,103.2,17.2,2,Petrol,Manual,2.75
1438,Renault,Slavia,2023,3,125579,998,82.2,16.4,3,Diesel,Automatic,3.05
1439,MG,Verna,2025,1,69023,1199,91.0,24.8,1,Petrol,Automatic,5.41
1440,Renault,Taigun,2019,7,124933,1997,125.0,18.9,2,Petrol,Manual,1.82
1441,Kia,City,2019,7,45290,1997,127.2,19.8,2,Petrol,Automatic,3.33
1442,Volkswagen,XUV700,2025,1,5390,1497,125.0,19.6,2,Petrol,Manual,5.88
1443,Hyundai,Innova Crysta,2023,3,17230,1498,102.8,13.4,1,CNG,Manual,4.29
1444,Tata,City,2018,8,83637,1997,145.2,20.0,1,Petrol,Automatic,2.4
1445,Hyundai,Brezza,2017,9,59529,1199,86.8,24.8,1,Diesel,Automatic,2.42
1446,Nissan,Compass,2018,8,37534,1197,78.8,23.4,2,Petrol,Manual,1.53
1447,Honda,Compass,2024,2,5194,1997,144.5,16.7,1,Diesel,Manual,6.04
1448,Kia,Verna,2017,9,101150,998,86.5,22.5,1,Diesel,Manual,1.55
1449,MG,Carens,2021,5,48001,2198,149.8,22.8,1,Petrol,Automatic,4.72
1450,Kia,Slavia,2022,4,133014,1997,130.9,23.4,1,Diesel,Automatic,4.48
1451,Toyota,Venue,2018,8,96414,1956,125.2,14.1,1,Petrol,Manual,2.53
1452,Maruti Suzuki,Grand i10 Nios,2021,5,128493,1498,114.2,21.3,1,Diesel,Manual,2.8
1453,Volkswagen,Bolero,2017,9,26037,2198,162.2,13.9,2,Diesel,Manual,2.28
1454,Kia,Aura,2025,1,57452,1997,155.8,19.0,1,Petrol,Manual,7.05
1455,Mahindra,Dzire,2017,9,86695,1598,109.0,13.3,3,Petrol,Automatic,2.05
1456,Nissan,Taigun,2019,7,9396,998,83.8,20.6,1,Petrol,Manual,1.35
1457,Toyota,Wagon R,2018,8,85901,1997,143.3,14.1,1,Diesel,Manual,3.16
1458,Renault,City,2017,9,135736,1497,123.5,11.1,2,Petrol,Manual,1.25
1459,Hyundai,Taigun,2019,7,149340,1598,110.7,14.4,1,CNG,Manual,2.27
1460,Toyota,S-Presso,2022,4,99540,2184,138.3,15.7,1,Diesel,Automatic,5.75
1461,Tata,Tiago,2022,4,157898,2184,140.5,14.5,1,Diesel,Manual,4.25
1462,Mahindra,Compass,2020,6,151734,998,82.6,24.3,1,Petrol,Manual,2.06
1463,Honda,Fortuner,2017,9,23969,2198,164.7,20.3,2,Petrol,Automatic,3.04
1464,Nissan,Amaze,2021,5,6595,2198,144.9,20.9,2,Petrol,Manual,3.45
1465,Skoda,Grand i10 Nios,2021,5,73634,998,66.1,10.8,1,Petrol,Manual,2.17
1466,Renault,Slavia,2024,2,156044,2184,157.5,17.6,2,Petrol,Automatic,5.0
1467,Kia,Amaze,2020,6,134315,1598,122.9,15.5,1,Diesel,Automatic,3.11
1468,Volkswagen,Altroz,2022,4,108270,2184,132.9,20.1,2,Petrol,Automatic,4.14
1469,Nissan,Swift,2025,1,119314,998,87.0,12.5,2,Diesel,Manual,3.24
1470,Volkswagen,Slavia,2023,3,54227,1956,145.2,22.8,1,Petrol,Manual,4.92
1471,Kia,Taigun,2017,9,17871,1956,148.8,10.6,1,Petrol,Manual,2.56
1472,MG,i20,2018,8,153923,1197,110.2,14.5,2,Petrol,Manual,1.5
1473,Maruti Suzuki,Slavia,2025,1,57693,1997,125.5,11.8,2,Petrol,Manual,5.38
1474,Maruti Suzuki,Urban Cruiser Hyryder,2024,2,149172,998,88.1,24.0,1,CNG,Automatic,3.65
1475,Maruti Suzuki,Astor,2024,2,13562,1497,119.0,14.8,1,Diesel,Manual,4.52
1476,Tata,Innova Crysta,2017,9,54352,1497,119.7,24.5,1,Petrol,Automatic,1.95
1477,Hyundai,Magnite,2025,1,138673,1498,101.0,14.8,2,Petrol,Automatic,4.71
1478,Toyota,Swift,2019,7,33677,1199,107.3,22.7,2,Petrol,Automatic,2.58
1479,Hyundai,Harrier,2023,3,116715,2184,151.1,23.4,1,Petrol,Automatic,5.04
1480,Jeep,i20,2019,7,60777,1197,77.2,16.2,2,Diesel,Automatic,2.41
1481,Skoda,Carens,2023,3,59152,1498,106.2,18.4,1,CNG,Manual,4.24
1482,Maruti Suzuki,Thar,2021,5,22032,1598,101.2,11.7,1,Petrol,Manual,2.87
1483,Mahindra,Venue,2024,2,143384,1598,113.1,20.4,2,Petrol,Manual,4.19
1484,Toyota,Harrier,2017,9,147608,2184,151.9,24.4,2,Petrol,Manual,2.1
1485,Tata,S-Presso,2017,9,41417,2198,145.6,11.4,1,Petrol,Automatic,2.69
1486,Skoda,Amaze,2025,1,33574,1497,112.8,19.3,1,Diesel,Manual,5.52
1487,Skoda,Sonet,2018,8,109284,2184,147.9,20.8,3,Petrol,Manual,2.66
1488,Kia,Innova Crysta,2018,8,75678,2184,147.9,16.9,1,Petrol,Manual,2.83
1489,Toyota,Baleno,2025,1,60454,1997,132.5,15.3,1,Petrol,Manual,6.99
1490,MG,Alcazar,2017,9,8287,1956,122.5,12.1,1,Diesel,Manual,2.5
1491,Maruti Suzuki,Seltos,2025,1,145995,1498,114.0,18.0,2,Petrol,Automatic,4.31
1492,Hyundai,Dzire,2018,8,111989,2198,162.6,22.8,1,Petrol,Automatic,2.99
1493,Skoda,Grand i10 Nios,2022,4,35823,1199,108.4,19.2,2,Petrol,Manual,2.88
1494,Jeep,Harrier,2025,1,67684,1199,98.3,23.3,1,Petrol,Automatic,5.19
1495,Renault,Safari,2019,7,41537,1598,113.7,21.2,3,Petrol,Automatic,2.35
1496,Kia,Aura,2022,4,51613,1497,116.5,20.3,1,Petrol,Manual,3.76
1497,Volkswagen,Seltos,2019,7,129511,1197,100.0,21.9,1,Petrol,Manual,1.63
1498,Maruti Suzuki,Fortuner,2025,1,61699,1598,114.3,15.6,1,Petrol,Manual,5.0
1499,Skoda,XUV 3XO,2024,2,142768,1997,134.0,20.8,1,Diesel,Automatic,5.78
1500,Renault,XUV 3XO,2025,1,62887,1199,79.6,19.3,1,Petrol,Manual,3.22
1501,Honda,Seltos,2023,3,121738,2184,157.8,14.7,1,CNG,Manual,5.34
1502,Honda,Baleno,2023,3,94178,1497,95.5,12.5,1,CNG,Manual,3.54
1503,Jeep,Alcazar,2022,4,98738,2198,157.5,20.4,3,Diesel,Manual,4.76
1504,Kia,Triber,2024,2,95810,2198,150.7,23.4,2,Petrol,Automatic,6.03
1505,Skoda,Bolero,2020,6,143356,2198,150.0,19.2,1,Petrol,Manual,3.07
1506,Nissan,Compass,2023,3,146378,1199,99.2,11.1,3,Petrol,Automatic,2.89
1507,Tata,Nexon,2024,2,125362,1997,129.6,17.9,1,Diesel,Automatic,5.28
1508,Skoda,Virtus,2019,7,103260,1497,117.5,18.1,2,Diesel,Manual,2.79
1509,Kia,Fortuner,2025,1,157374,2198,143.2,19.8,1,Petrol,Manual,6.72
1510,Nissan,Compass,2019,7,21621,1498,100.7,16.8,1,Petrol,Automatic,2.3
1511,Kia,Magnite,2018,8,93766,998,71.7,10.4,1,Petrol,Manual,1.52
1512,Maruti Suzuki,Alcazar,2017,9,117567,1197,80.9,23.4,1,Diesel,Manual,1.25
1513,Renault,Carens,2024,2,148617,1497,98.3,13.7,1,Petrol,Automatic,3.76
1514,Kia,Kiger,2025,1,35295,1598,128.5,13.9,2,Petrol,Automatic,6.11
1515,Nissan,Hector,2019,7,16748,1497,124.2,22.9,1,Diesel,Manual,2.05
1516,Renault,Kwid,2023,3,100475,2184,140.5,19.5,1,CNG,Automatic,4.66
1517,Hyundai,XUV700,2023,3,6228,1598,123.9,14.2,1,Diesel,Manual,4.26
1518,Nissan,Altroz,2018,8,108739,1997,133.7,23.0,1,CNG,Automatic,2.65
1519,Jeep,Polo,2024,2,20012,1497,101.8,23.6,1,Petrol,Manual,4.99
1520,Toyota,Celerio,2021,5,80352,1997,151.4,20.4,1,Petrol,Automatic,4.86
1521,Nissan,Celerio,2017,9,131539,1197,88.7,15.6,1,CNG,Manual,1.34
1522,Tata,Venue,2021,5,112518,1197,87.0,19.2,2,Petrol,Manual,2.17
1523,Tata,Punch,2023,3,138637,998,84.5,22.3,1,Diesel,Manual,3.15
1524,Toyota,Baleno,2019,7,7362,1199,91.1,23.1,2,Diesel,Manual,2.37
1525,Jeep,Slavia,2020,6,152726,2184,132.5,13.7,2,Petrol,Manual,3.52
1526,Kia,Tiago,2018,8,8857,1956,140.7,19.0,1,CNG,Automatic,3.31
1527,Honda,Elevate,2024,2,158746,1497,109.9,16.4,2,Petrol,Automatic,4.06
1528,Toyota,Brezza,2024,2,146712,1498,99.9,23.7,1,Petrol,Automatic,4.84
1529,Volkswagen,City,2019,7,90019,1598,119.6,23.2,1,CNG,Automatic,2.96
1530,Tata,Astor,2017,9,27397,1956,123.0,17.7,2,CNG,Manual,2.19
1531,Kia,Brezza,2022,4,39861,2184,154.7,23.1,2,Diesel,Automatic,5.63
1532,Hyundai,i20,2020,6,88477,1598,119.0,17.5,1,Diesel,Manual,3.0
1533,Volkswagen,Urban Cruiser Hyryder,2018,8,106218,2184,153.6,15.0,2,Petrol,Automatic,2.76
1534,Honda,Creta,2017,9,135556,2198,134.8,12.9,2,Petrol,Automatic,2.1
1535,Tata,Wagon R,2020,6,139452,1498,114.9,18.0,1,Petrol,Manual,2.41
1536,Volkswagen,Nexon,2022,4,6478,998,94.9,22.8,1,CNG,Manual,2.83
1537,Hyundai,Kushaq,2019,7,51973,1997,145.1,12.4,1,Petrol,Manual,2.75
1538,Volkswagen,Venue,2018,8,21866,1997,152.2,19.9,1,Petrol,Manual,2.7
1539,MG,Urban Cruiser Hyryder,2017,9,43893,998,77.7,23.0,1,Diesel,Manual,1.37
1540,Mahindra,Seltos,2021,5,35259,1498,117.0,24.2,1,Petrol,Manual,3.14
1541,Skoda,City,2022,4,55910,998,77.8,22.2,1,Diesel,Manual,3.21
1542,Volkswagen,Nexon,2017,9,98695,2184,133.3,22.0,2,Petrol,Manual,2.12
1543,Toyota,XUV700,2022,4,104702,1956,152.4,10.6,2,Petrol,Automatic,4.92
1544,Jeep,Alcazar,2025,1,49901,1498,105.6,15.8,2,CNG,Manual,5.96
1545,Hyundai,Compass,2018,8,60570,1199,97.0,21.8,2,Petrol,Manual,1.27
1546,Tata,City,2020,6,52338,2184,152.6,25.0,3,Petrol,Manual,3.28
1547,Jeep,Bolero,2025,1,66589,1956,133.7,11.3,1,Diesel,Manual,7.0
1548,Kia,Baleno,2021,5,22028,1997,150.5,16.5,3,Diesel,Manual,4.04
1549,Toyota,Aura,2023,3,152640,2184,158.8,17.2,1,Petrol,Manual,5.67
1550,Toyota,Grand i10 Nios,2018,8,111271,1997,138.0,24.8,1,Diesel,Automatic,3.31
1551,Hyundai,Dzire,2025,1,118356,1497,101.5,16.0,2,Petrol,Manual,4.2
1552,Tata,Polo,2022,4,44211,1199,83.8,15.1,2,CNG,Manual,3.15
1553,Maruti Suzuki,Amaze,2021,5,46480,2198,148.4,12.7,2,Petrol,Manual,3.71
1554,Hyundai,Carens,2018,8,113873,1199,109.0,13.0,2,Diesel,Manual,1.52
1555,Kia,City,2025,1,69144,998,69.4,21.3,2,Petrol,Automatic,4.5
1556,Toyota,Brezza,2019,7,116041,2184,159.6,13.4,1,Diesel,Manual,3.4
1557,Tata,Aura,2024,2,54895,2198,150.6,23.3,1,Petrol,Manual,5.9
1558,Tata,City,2019,7,54502,2198,143.1,10.1,3,Petrol,Manual,2.28
1559,Jeep,Baleno,2025,1,71884,2184,137.5,24.7,1,Diesel,Manual,7.81
1560,Kia,Glanza,2021,5,22754,1199,104.2,11.5,1,Petrol,Manual,2.82
1561,Jeep,Verna,2025,1,22482,998,79.5,22.3,1,Petrol,Automatic,5.1
1562,Skoda,Slavia,2020,6,53010,1997,123.7,10.6,2,Petrol,Manual,3.23
1563,Skoda,Glanza,2020,6,16226,2198,161.1,19.8,1,Petrol,Manual,3.63
1564,MG,Bolero,2018,8,116942,1197,102.8,18.9,1,Petrol,Manual,1.88
1565,Mahindra,Innova Crysta,2020,6,34873,1498,104.1,12.7,2,Petrol,Manual,3.02
1566,Tata,Elevate,2025,1,36241,1956,149.6,16.6,2,Petrol,Automatic,6.7
1567,Tata,Safari,2017,9,83372,1197,92.6,24.6,1,Petrol,Manual,1.52
1568,Skoda,Glanza,2023,3,124248,1997,132.8,13.2,2,Diesel,Manual,4.76
1569,Toyota,Virtus,2019,7,98219,1199,99.1,12.8,1,Diesel,Manual,2.66
1570,Honda,Innova Crysta,2020,6,81887,1199,101.0,11.9,2,Petrol,Manual,2.45
1571,Toyota,Swift,2022,4,123455,1956,130.1,15.7,2,Diesel,Manual,4.46
1572,Honda,Carens,2018,8,115480,1997,144.8,17.4,2,CNG,Automatic,3.14
1573,MG,XUV700,2022,4,83280,1956,128.6,18.9,1,Petrol,Automatic,5.01
1574,Mahindra,S-Presso,2018,8,90710,1498,126.8,19.8,3,Diesel,Automatic,2.51
1575,Renault,Verna,2020,6,15674,1197,88.6,20.5,1,Diesel,Manual,1.96
1576,Nissan,Fortuner,2024,2,44722,1598,100.7,16.9,3,Petrol,Manual,3.26
1577,Hyundai,Elevate,2025,1,125006,1197,80.8,19.3,1,Petrol,Automatic,4.14
1578,Volkswagen,Kwid,2025,1,15186,1199,92.2,21.7,1,Diesel,Automatic,5.73
1579,Hyundai,Wagon R,2020,6,122598,1197,83.0,15.5,1,Petrol,Manual,1.58
1580,Maruti Suzuki,Compass,2024,2,102023,1199,76.7,18.8,1,Petrol,Automatic,3.43
1581,Renault,Taigun,2019,7,15476,1199,109.3,23.2,3,Petrol,Manual,1.87
1582,Skoda,Wagon R,2023,3,101092,1197,95.1,24.0,3,Petrol,Manual,3.04
1583,Toyota,Scorpio,2017,9,19224,1956,139.8,17.7,1,Diesel,Automatic,3.11
1584,Kia,Tiago,2024,2,29777,1956,140.2,10.4,2,Petrol,Manual,5.7
1585,Honda,Glanza,2019,7,112486,1997,143.4,22.7,2,Petrol,Manual,2.68
1586,Volkswagen,Compass,2024,2,101406,1199,99.5,16.8,1,Diesel,Manual,4.1
1587,Maruti Suzuki,Polo,2017,9,49195,2198,166.6,21.3,1,Petrol,Automatic,2.57
1588,Maruti Suzuki,Nexon,2019,7,63320,1498,96.6,23.2,1,Petrol,Automatic,2.56
1589,Maruti Suzuki,Glanza,2024,2,112670,1956,135.3,24.8,2,Petrol,Manual,4.52
1590,Hyundai,Scorpio,2020,6,25500,1197,102.8,19.0,3,Diesel,Manual,2.38
1591,Honda,Brezza,2021,5,62241,1997,149.0,16.5,1,Petrol,Manual,3.84
1592,Honda,Magnite,2023,3,64295,1498,115.7,14.3,1,Petrol,Manual,4.0
1593,Maruti Suzuki,Nexon,2023,3,94391,2198,161.8,13.5,1,Petrol,Manual,4.71
1594,Skoda,Brezza,2025,1,98958,2198,163.6,19.8,2,Petrol,Manual,6.46
1595,Honda,Wagon R,2021,5,91971,1497,96.4,13.5,1,Petrol,Manual,3.08
1596,Renault,Brezza,2019,7,32284,1956,119.2,10.6,2,Diesel,Automatic,2.58
1597,MG,Magnite,2024,2,94758,998,79.2,22.3,1,Petrol,Manual,3.33
1598,Nissan,Innova Crysta,2022,4,131651,1956,134.6,11.4,2,Diesel,Manual,3.33
1599,Hyundai,Creta,2017,9,139630,2198,165.0,20.3,2,Petrol,Manual,2.16
1600,Mahindra,Amaze,2017,9,70126,2198,163.2,11.2,1,Diesel,Manual,2.72
1601,Nissan,Innova Crysta,2017,9,42590,1498,120.5,20.9,1,Diesel,Manual,1.72
1602,MG,Elevate,2020,6,85165,1497,108.7,19.9,2,Petrol,Manual,2.4
1603,Volkswagen,Alto K10,2018,8,12815,2184,138.3,10.1,2,Diesel,Automatic,3.07
1604,Honda,Polo,2022,4,106123,998,86.7,17.4,1,Diesel,Manual,2.54
1605,Maruti Suzuki,Urban Cruiser Hyryder,2017,9,95597,1956,126.0,11.4,1,Petrol,Manual,1.48
1606,Tata,Seltos,2025,1,18766,2198,148.5,20.9,1,Petrol,Manual,6.92
1607,Maruti Suzuki,Safari,2021,5,152176,1956,130.5,16.5,1,Petrol,Automatic,3.2
1608,MG,Taigun,2024,2,131613,2184,133.6,16.0,1,Petrol,Automatic,6.0
1609,Kia,XUV 3XO,2019,7,146196,998,70.7,23.9,2,Petrol,Manual,1.64
1610,Renault,Innova Crysta,2021,5,31466,1497,119.6,23.0,3,Petrol,Manual,2.31
1611,MG,Elevate,2023,3,154393,2184,164.3,12.5,3,Petrol,Automatic,5.26
1612,Maruti Suzuki,Wagon R,2019,7,66984,2198,148.2,13.9,3,Petrol,Manual,2.29
1613,Honda,Swift,2024,2,56367,2184,153.6,20.7,2,Petrol,Manual,6.03
1614,Jeep,Kwid,2025,1,132909,2184,132.9,19.1,1,Petrol,Automatic,7.08
1615,Jeep,Verna,2017,9,63048,1956,121.5,18.5,1,Petrol,Manual,2.5
1616,Maruti Suzuki,Creta,2019,7,45659,1598,111.1,14.9,1,Diesel,Manual,2.31
1617,Maruti Suzuki,Slavia,2022,4,99367,998,75.3,12.4,1,Diesel,Manual,2.3
1618,Volkswagen,Nexon,2020,6,91732,998,74.7,14.8,1,Diesel,Automatic,2.49
1619,Toyota,XUV700,2025,1,109100,1197,107.6,17.5,2,Diesel,Automatic,5.48
1620,Hyundai,Hector,2018,8,149469,1199,100.0,18.3,3,Petrol,Manual,1.66
1621,Kia,Astor,2019,7,35001,1956,126.4,11.5,2,Diesel,Automatic,3.67
1622,Nissan,Venue,2020,6,65727,1598,123.5,12.6,3,Petrol,Manual,2.32
1623,Toyota,Thar,2025,1,78676,1197,97.8,18.7,1,Diesel,Manual,5.3
1624,Honda,Elevate,2021,5,13614,1598,108.4,14.8,1,Diesel,Automatic,4.21
1625,Skoda,Astor,2025,1,146562,1956,141.3,22.4,1,Diesel,Automatic,6.7
1626,Jeep,Taigun,2025,1,23607,1497,120.7,12.0,1,Petrol,Automatic,6.77
1627,Nissan,Triber,2017,9,84446,1956,133.5,14.4,2,Petrol,Manual,1.5
1628,Volkswagen,Swift,2023,3,11990,1956,133.6,12.6,2,Petrol,Manual,5.07
1629,Renault,Safari,2022,4,119601,998,66.8,16.7,2,Petrol,Manual,1.79
1630,Tata,Dzire,2019,7,66054,1197,84.1,23.7,2,Diesel,Manual,1.77
1631,Toyota,Innova Crysta,2020,6,95926,2198,161.9,22.5,2,Petrol,Manual,3.55
1632,MG,Carens,2020,6,141175,1997,154.9,21.3,1,Petrol,Manual,3.35
1633,Toyota,Dzire,2024,2,11518,1199,97.4,24.5,1,Diesel,Manual,4.88
1634,Renault,Altroz,2020,6,37580,2184,135.3,11.2,1,Petrol,Manual,2.67
1635,MG,Bolero,2017,9,155021,998,87.2,18.3,2,Diesel,Manual,1.46
1636,Nissan,Glanza,2017,9,143001,1199,105.5,21.5,1,Petrol,Manual,1.31
1637,Maruti Suzuki,Punch,2021,5,152793,1199,81.4,11.9,3,Petrol,Manual,1.99
1638,Honda,Kwid,2024,2,48206,2198,145.5,20.5,1,CNG,Automatic,6.87
1639,Mahindra,Seltos,2024,2,147506,1956,146.2,18.2,1,Petrol,Manual,5.26
1640,Renault,Kushaq,2017,9,19719,1498,124.0,20.2,1,Petrol,Manual,1.38
1641,Skoda,Slavia,2019,7,48765,2184,134.0,15.1,1,Petrol,Manual,3.28
1642,Skoda,i20,2022,4,6106,1498,116.0,17.9,1,CNG,Automatic,4.24
1643,Toyota,Scorpio,2025,1,59640,1197,98.5,18.9,1,Petrol,Manual,4.87
1644,Renault,Polo,2021,5,64054,1199,88.1,20.1,1,Petrol,Manual,2.09
1645,Honda,Tiago,2023,3,61731,2184,140.7,18.3,1,Petrol,Automatic,5.18
1646,Skoda,Altroz,2019,7,123917,1956,152.9,13.8,2,Petrol,Manual,2.45
1647,Nissan,XUV700,2024,2,94969,2184,158.0,20.3,1,Diesel,Manual,4.72
1648,Hyundai,City,2023,3,92960,1997,143.2,20.4,1,Petrol,Automatic,5.32
1649,Tata,Scorpio,2023,3,90685,998,95.0,10.8,1,Petrol,Manual,2.63
1650,Nissan,Kwid,2025,1,30638,2184,151.1,22.4,3,CNG,Manual,5.41
1651,Hyundai,Creta,2017,9,10206,2198,156.5,24.8,1,Petrol,Manual,2.33
1652,Kia,Virtus,2021,5,62687,1956,145.1,20.0,1,Diesel,Manual,4.17
1653,Volkswagen,Altroz,2022,4,82099,1199,103.2,14.6,3,CNG,Manual,2.73
1654,Hyundai,Harrier,2024,2,52831,1199,79.4,18.5,2,Diesel,Manual,3.85
1655,Renault,Scorpio,2018,8,121026,1598,103.9,23.3,1,Diesel,Automatic,2.13
1656,Maruti Suzuki,Slavia,2017,9,65614,1498,115.5,24.6,1,Diesel,Automatic,2.28
1657,Renault,Harrier,2021,5,104100,1598,114.1,21.6,2,Petrol,Manual,2.16
1658,Kia,S-Presso,2017,9,81615,1956,139.7,13.9,1,Petrol,Automatic,2.87
1659,Maruti Suzuki,Seltos,2019,7,141444,2198,164.2,15.1,1,Petrol,Automatic,2.81
1660,MG,Verna,2023,3,43742,1997,153.2,21.6,1,Diesel,Manual,5.79
1661,Renault,Seltos,2019,7,153552,1997,130.9,13.4,1,Diesel,Manual,2.1
1662,Jeep,Verna,2017,9,130045,2198,161.3,21.9,1,Diesel,Manual,2.71
1663,Kia,Aura,2019,7,11917,1598,112.9,15.1,2,Petrol,Manual,2.2
1664,Renault,Alto K10,2020,6,124591,1199,81.8,17.6,1,Diesel,Manual,1.85
1665,Mahindra,Kiger,2023,3,133587,2198,166.3,12.6,1,CNG,Manual,5.8
1666,Toyota,Bolero,2019,7,151544,1197,102.7,21.8,1,Petrol,Manual,2.35
1667,Mahindra,Kushaq,2023,3,15140,1497,100.4,13.5,2,Petrol,Manual,4.08
1668,Maruti Suzuki,Elevate,2017,9,85768,1598,125.0,15.2,1,Petrol,Manual,1.37
1669,Tata,Carens,2024,2,157845,1956,129.7,14.2,1,Petrol,Automatic,5.32
1670,Skoda,Seltos,2019,7,113128,1598,123.3,10.9,1,Petrol,Manual,2.18
1671,Volkswagen,Taigun,2023,3,66741,2184,139.5,20.7,2,Diesel,Manual,4.92
1672,Tata,Brezza,2023,3,91852,1598,121.7,18.3,1,Diesel,Manual,3.74
1673,Volkswagen,Safari,2022,4,80108,1598,118.1,17.9,1,Petrol,Automatic,3.91
1674,Nissan,Punch,2024,2,50087,1199,94.9,17.6,1,Petrol,Manual,2.88
1675,Jeep,Swift,2021,5,105552,1497,121.8,15.1,2,Diesel,Automatic,3.64
1676,Jeep,Venue,2022,4,120405,1497,117.3,24.9,1,Petrol,Automatic,4.05
1677,Hyundai,Magnite,2022,4,113245,2184,135.6,20.0,1,CNG,Automatic,4.91
1678,Renault,Slavia,2021,5,8876,2198,147.8,12.3,1,CNG,Manual,3.56
1679,Renault,Triber,2017,9,85653,1199,107.5,22.2,2,Petrol,Manual,1.25
1680,Honda,XUV 3XO,2025,1,18487,1197,107.3,20.0,2,Petrol,Manual,4.97
1681,Nissan,Scorpio,2024,2,45100,1497,104.6,12.2,2,Petrol,Automatic,3.64
1682,Skoda,Dzire,2019,7,122447,1497,127.8,19.1,1,Diesel,Automatic,3.18
1683,Hyundai,Harrier,2022,4,149387,1997,151.3,13.7,2,Petrol,Automatic,4.13
1684,Mahindra,Kwid,2019,7,94723,2198,146.7,11.9,2,Petrol,Manual,2.78
1685,Volkswagen,Alto K10,2019,7,46961,1197,88.5,19.5,2,Petrol,Manual,1.56
1686,MG,Thar,2025,1,89410,2184,144.8,10.3,1,Petrol,Automatic,7.45
1687,Tata,Kwid,2021,5,45544,1197,84.5,19.5,1,CNG,Manual,2.3
1688,Mahindra,Polo,2020,6,102373,1498,128.2,14.5,1,Diesel,Manual,3.33
1689,Tata,Celerio,2020,6,137209,1199,95.1,17.5,2,Petrol,Manual,2.08
1690,Hyundai,Alcazar,2017,9,43915,1197,95.4,17.8,2,CNG,Manual,1.34
1691,Maruti Suzuki,Taigun,2018,8,68560,1498,122.3,11.8,1,Petrol,Manual,1.56
1692,Tata,Sonet,2020,6,8874,1197,88.4,23.8,1,Petrol,Manual,2.09
1693,Mahindra,Magnite,2022,4,31293,998,98.5,14.7,2,CNG,Manual,3.11
1694,Renault,Astor,2024,2,135239,2198,134.0,17.4,1,Petrol,Manual,4.35
1695,Honda,Urban Cruiser Hyryder,2019,7,106180,1956,150.0,22.6,1,Petrol,Manual,2.85
1696,Renault,Safari,2024,2,150735,998,81.5,17.4,1,Petrol,Manual,2.32
1697,Skoda,City,2023,3,25153,1997,124.2,18.5,1,Petrol,Manual,4.95
1698,Nissan,XUV700,2017,9,13121,1497,98.5,15.1,1,Diesel,Automatic,2.06
1699,MG,Carens,2025,1,17291,1997,125.0,23.9,1,Diesel,Manual,7.05
1700,Renault,Kiger,2022,4,11133,2184,137.6,16.2,1,Petrol,Manual,3.64
1701,Toyota,Innova Crysta,2023,3,43615,1956,146.7,18.2,1,Petrol,Manual,5.74
1702,Skoda,Sonet,2020,6,128446,2184,142.4,22.5,1,Petrol,Manual,3.04
1703,Honda,Bolero,2025,1,22938,2198,163.7,11.2,1,Diesel,Manual,7.9
1704,Honda,Dzire,2021,5,11680,1498,109.8,24.7,1,Diesel,Automatic,3.99
1705,Toyota,Carens,2019,7,106032,1598,117.2,14.7,1,Petrol,Manual,2.7
1706,Mahindra,Scorpio,2021,5,102473,998,75.0,15.6,2,Petrol,Manual,2.24
1707,Renault,Baleno,2017,9,135612,1598,111.4,10.9,1,Diesel,Manual,1.91
1708,Kia,Nexon,2023,3,111988,1497,98.3,18.3,1,Petrol,Manual,3.54
1709,Honda,Astor,2018,8,76642,1197,93.0,13.1,1,Diesel,Manual,2.24
1710,Honda,Magnite,2022,4,96917,2198,136.9,13.0,1,Petrol,Automatic,4.51
1711,Nissan,Polo,2017,9,73285,1498,117.8,10.7,2,Petrol,Manual,1.55
1712,Skoda,Tiago,2019,7,7483,998,89.4,11.4,1,Petrol,Automatic,2.62
1713,Kia,Kushaq,2022,4,47774,1199,89.5,14.9,1,Petrol,Manual,3.09
1714,Jeep,Magnite,2017,9,80693,1997,124.6,18.2,1,Diesel,Manual,2.8
1715,Maruti Suzuki,Dzire,2021,5,111023,1598,103.7,21.2,2,Petrol,Automatic,3.22
1716,Renault,Tiago,2023,3,19904,1197,100.9,16.8,1,Diesel,Automatic,3.38
1717,Volkswagen,XUV700,2017,9,133028,1199,88.6,19.5,1,Petrol,Automatic,1.94
1718,Nissan,Hector,2021,5,108127,1199,105.3,19.7,2,Diesel,Automatic,2.41
1719,Renault,Seltos,2021,5,49730,2198,133.0,10.5,1,Petrol,Automatic,3.29
1720,Maruti Suzuki,Bolero,2024,2,109917,2184,137.0,13.2,2,Petrol,Automatic,4.97
1721,Nissan,Compass,2025,1,72159,998,78.3,15.6,3,Petrol,Manual,2.83
1722,MG,Fortuner,2018,8,109751,1956,132.1,13.6,1,Petrol,Manual,2.35
1723,Hyundai,Amaze,2023,3,130531,2198,136.0,15.0,2,Diesel,Manual,4.51
1724,Honda,XUV 3XO,2019,7,39633,1199,89.2,18.0,3,Petrol,Automatic,1.97
1725,Nissan,Safari,2019,7,142811,1199,83.4,11.4,1,Petrol,Manual,1.25
1726,Honda,Venue,2024,2,158969,1498,118.3,24.8,1,Petrol,Automatic,4.78
1727,Skoda,Seltos,2019,7,52003,1197,87.5,14.5,1,Petrol,Manual,2.03
1728,Nissan,Tiago,2019,7,158998,1498,98.7,13.6,1,CNG,Manual,1.63
1729,Kia,Thar,2021,5,56150,1497,106.0,15.7,1,CNG,Manual,3.33
1730,Hyundai,Carens,2025,1,141977,1497,126.6,15.7,3,Petrol,Manual,4.29
1731,Mahindra,S-Presso,2024,2,47305,1199,110.7,13.0,1,Petrol,Automatic,5.15
1732,Nissan,Kushaq,2022,4,102219,1199,95.6,21.4,2,CNG,Manual,2.39
1733,Mahindra,Swift,2024,2,46138,1997,148.7,10.8,1,Petrol,Manual,6.3
1734,Mahindra,City,2023,3,32745,1197,92.1,19.2,1,Petrol,Manual,3.8
1735,Honda,Bolero,2020,6,87273,1956,142.9,19.8,1,CNG,Manual,3.52
1736,Skoda,S-Presso,2025,1,153568,1498,100.7,14.0,1,Petrol,Manual,4.52
1737,Volkswagen,Polo,2023,3,55077,1199,103.3,14.7,2,Diesel,Manual,3.53
1738,Skoda,S-Presso,2022,4,104571,998,68.0,18.7,2,Diesel,Manual,2.68
1739,Kia,Kushaq,2022,4,60823,1997,131.1,21.9,2,Diesel,Manual,4.55
1740,Kia,Baleno,2022,4,122233,1956,145.2,16.3,2,Diesel,Automatic,4.71
1741,Hyundai,Verna,2023,3,126564,1498,120.5,21.5,2,Petrol,Manual,3.7
1742,Kia,S-Presso,2019,7,104690,1498,116.4,18.8,1,Petrol,Manual,2.46
1743,Honda,Tiago,2023,3,150802,1498,107.4,22.2,1,Petrol,Automatic,3.74
1744,Hyundai,Amaze,2021,5,17945,1199,105.7,20.5,1,CNG,Manual,2.93
1745,Skoda,Venue,2022,4,121591,1997,126.3,16.5,2,Petrol,Manual,4.09
1746,MG,Venue,2024,2,134803,1497,109.0,21.8,1,Diesel,Manual,4.73
1747,Kia,Baleno,2018,8,95872,1197,90.5,19.4,1,Diesel,Manual,2.22
1748,Mahindra,Taigun,2023,3,76389,1497,107.1,24.0,1,Diesel,Manual,4.77
1749,Honda,Tiago,2018,8,97895,1956,128.6,17.0,2,Diesel,Manual,2.16
1750,Jeep,Kiger,2018,8,63226,1497,96.1,15.6,1,Diesel,Manual,2.68
1751,Skoda,Kiger,2022,4,133133,2198,146.6,24.0,1,Diesel,Manual,4.54
1752,Volkswagen,Polo,2023,3,134563,998,97.2,10.2,2,Diesel,Manual,3.13
1753,Honda,Verna,2020,6,128120,1197,100.2,16.9,1,Petrol,Manual,2.31
1754,Tata,Glanza,2020,6,27966,1199,90.7,17.6,1,Diesel,Automatic,3.18
1755,Renault,Compass,2020,6,59319,1598,115.9,23.0,1,Petrol,Automatic,2.73
1756,MG,Kushaq,2022,4,120852,1997,145.2,14.5,1,Petrol,Manual,3.98
1757,Skoda,Taigun,2017,9,39056,1956,150.9,13.6,2,Petrol,Manual,2.34
1758,Maruti Suzuki,Altroz,2024,2,65603,998,71.0,17.1,2,Petrol,Automatic,3.36
1759,Mahindra,Urban Cruiser Hyryder,2020,6,45280,1498,111.7,24.8,1,Petrol,Manual,3.21
1760,Volkswagen,Kushaq,2018,8,110840,1956,136.6,11.1,2,CNG,Manual,2.48
1761,Mahindra,Verna,2020,6,62621,1997,129.4,21.1,1,Diesel,Automatic,4.21
1762,Skoda,Urban Cruiser Hyryder,2020,6,56079,1497,126.3,19.2,2,CNG,Automatic,3.43
1763,Volkswagen,Polo,2019,7,151635,1598,116.2,19.5,1,CNG,Manual,2.37
1764,Maruti Suzuki,Harrier,2018,8,25953,2198,155.6,11.9,1,Diesel,Automatic,3.23
1765,Kia,Nexon,2020,6,65439,1498,95.9,14.0,1,Diesel,Manual,2.86
1766,Honda,City,2019,7,135605,1197,100.0,17.8,1,Diesel,Manual,2.21
1767,Volkswagen,Scorpio,2018,8,64796,1197,90.7,19.1,1,Petrol,Automatic,2.23
1768,Jeep,Elevate,2019,7,130983,1197,78.7,16.2,2,Petrol,Manual,2.02
1769,Volkswagen,Magnite,2020,6,55552,1199,77.0,22.0,1,Petrol,Manual,1.96
1770,Honda,Virtus,2024,2,121903,1598,100.2,10.9,1,Diesel,Manual,4.54
1771,MG,Innova Crysta,2021,5,98462,2198,135.1,21.8,2,Diesel,Automatic,4.76
1772,Renault,Innova Crysta,2022,4,9819,1997,151.7,16.2,1,Diesel,Manual,4.1
1773,Honda,Virtus,2021,5,47634,1598,126.8,24.8,2,Petrol,Manual,3.46
1774,Maruti Suzuki,Kwid,2025,1,54049,1498,121.5,23.1,1,Diesel,Automatic,5.77
1775,Honda,Venue,2025,1,53658,1598,114.1,22.7,2,CNG,Automatic,5.74
1776,Renault,Taigun,2017,9,67233,998,66.0,22.1,1,Petrol,Manual,1.25
1777,Kia,Astor,2022,4,104067,2198,136.2,16.8,1,Petrol,Manual,4.21
1778,MG,Glanza,2024,2,56775,1199,103.4,13.4,1,Diesel,Manual,4.46
1779,Hyundai,XUV 3XO,2020,6,57567,998,93.9,18.1,2,Petrol,Manual,2.21
1780,MG,Urban Cruiser Hyryder,2020,6,63540,1497,100.8,21.2,1,Diesel,Manual,2.97
1781,Hyundai,Compass,2023,3,153107,1197,80.1,21.6,1,Petrol,Manual,3.02
1782,Skoda,Nexon,2024,2,53282,2184,158.2,10.3,1,Petrol,Automatic,7.04
1783,MG,Amaze,2023,3,48392,2184,150.3,23.5,1,Diesel,Manual,5.9
1784,Jeep,Grand i10 Nios,2018,8,139088,2184,158.7,17.3,1,Diesel,Manual,2.74
1785,Maruti Suzuki,Grand i10 Nios,2020,6,39632,1598,128.9,23.7,1,Petrol,Manual,2.45
1786,Kia,Swift,2019,7,100633,1199,79.6,21.6,3,Diesel,Manual,1.86
1787,Renault,Kiger,2025,1,103039,2198,141.3,17.5,1,Petrol,Automatic,5.6
1788,Hyundai,Hector,2020,6,48808,2198,150.1,21.9,1,Petrol,Automatic,3.5
1789,Hyundai,Baleno,2018,8,125841,1997,123.4,17.6,2,CNG,Manual,2.39
1790,MG,XUV 3XO,2019,7,102036,1197,86.8,24.2,3,Petrol,Manual,1.5
1791,Hyundai,Hector,2021,5,153205,1498,111.4,19.5,1,Petrol,Manual,2.35
1792,Nissan,Polo,2019,7,158941,1598,129.5,22.1,1,Petrol,Manual,1.64
1793,Tata,Dzire,2017,9,156927,1498,95.2,10.6,2,Diesel,Automatic,1.96
1794,MG,Virtus,2020,6,68204,1498,106.8,20.9,1,Petrol,Manual,2.65
1795,Maruti Suzuki,Innova Crysta,2024,2,94750,1199,81.6,19.8,1,Petrol,Manual,3.51
1796,Nissan,Wagon R,2019,7,70922,1199,77.4,20.7,1,Petrol,Automatic,2.15
1797,Maruti Suzuki,Astor,2021,5,71202,1997,136.2,14.2,2,Petrol,Automatic,3.71
1798,Kia,i20,2023,3,90441,1598,131.6,14.4,1,Petrol,Manual,4.16
1799,Kia,Tiago,2018,8,33139,1598,128.0,14.7,1,Petrol,Manual,2.16
1800,Volkswagen,Alcazar,2020,6,157766,1956,132.5,16.2,1,Diesel,Automatic,3.59
1801,Maruti Suzuki,Thar,2024,2,88821,1498,119.0,18.9,1,Diesel,Manual,4.59
1802,Kia,Kiger,2024,2,78097,1956,144.9,17.9,2,Petrol,Automatic,5.99
1803,Skoda,Glanza,2022,4,47381,1956,142.7,22.6,2,Diesel,Manual,4.76
1804,Renault,i20,2025,1,90220,1199,79.5,21.2,2,Petrol,Manual,3.36
1805,MG,Innova Crysta,2018,8,47976,1598,101.7,15.4,1,Petrol,Manual,1.95
1806,Skoda,XUV 3XO,2017,9,48259,1199,85.2,14.5,1,CNG,Automatic,2.21
1807,Nissan,XUV700,2020,6,134808,1598,119.5,20.7,1,Petrol,Automatic,2.48
1808,Nissan,S-Presso,2019,7,78647,1199,88.2,18.4,1,Petrol,Automatic,2.2
1809,Jeep,Triber,2021,5,43102,1197,102.8,24.0,1,Petrol,Automatic,3.36
1810,Volkswagen,Alto K10,2023,3,53916,2198,134.5,17.5,3,Diesel,Manual,4.73
1811,Renault,Kushaq,2020,6,147890,1199,91.4,20.5,1,Petrol,Manual,1.28
1812,Tata,XUV 3XO,2024,2,107598,1197,105.8,16.2,1,Diesel,Manual,3.83
1813,Mahindra,Amaze,2023,3,16469,1199,89.5,14.1,2,Petrol,Manual,3.61
1814,Renault,Hector,2021,5,104418,1497,127.6,10.3,2,Petrol,Automatic,2.48
1815,Toyota,Aura,2017,9,116522,1956,144.3,19.8,1,Petrol,Manual,2.58
1816,Renault,Slavia,2021,5,18433,2184,156.0,20.0,1,Diesel,Automatic,4.3
1817,Kia,XUV700,2023,3,96359,2184,158.0,14.4,1,CNG,Manual,5.65
1818,Honda,i20,2019,7,11349,1498,100.4,14.3,2,Petrol,Automatic,2.38
1819,Kia,Scorpio,2023,3,132940,2198,139.1,12.7,1,Petrol,Manual,4.64
1820,Skoda,City,2022,4,15138,1498,101.4,24.8,1,Diesel,Automatic,4.46
1821,Jeep,XUV700,2024,2,30499,1199,89.3,17.1,1,CNG,Automatic,5.1
1822,Nissan,Astor,2024,2,67975,1197,104.8,18.5,1,Petrol,Automatic,3.63
1823,Nissan,Elevate,2019,7,128015,2184,155.8,10.8,1,Petrol,Manual,1.91
1824,Kia,Innova Crysta,2019,7,111994,1997,151.8,17.1,2,CNG,Manual,3.22
1825,Honda,XUV700,2020,6,131063,998,72.3,17.5,3,Diesel,Manual,2.0
1826,Hyundai,Innova Crysta,2024,2,97860,1956,121.9,11.3,1,CNG,Automatic,5.37
1827,Volkswagen,Amaze,2020,6,6939,2184,133.4,17.4,1,Petrol,Automatic,4.15
1828,Nissan,Polo,2018,8,48544,1997,137.0,11.2,1,Petrol,Manual,2.2
1829,Jeep,Scorpio,2017,9,129083,1197,98.6,14.4,3,Petrol,Automatic,1.89
1830,Volkswagen,Celerio,2022,4,84436,2184,141.1,21.3,3,Diesel,Manual,4.4
1831,Nissan,Kwid,2024,2,147508,1956,125.6,16.3,1,Diesel,Manual,4.42
1832,MG,City,2023,3,39687,2198,141.8,11.0,1,Petrol,Manual,5.31
1833,Jeep,Taigun,2018,8,135405,1199,101.0,19.1,1,Petrol,Manual,1.94
1834,Honda,i20,2025,1,7253,1956,129.8,24.7,1,Diesel,Manual,7.16
1835,Toyota,S-Presso,2022,4,142857,2198,161.1,15.4,1,CNG,Automatic,5.49
1836,Volkswagen,Kushaq,2023,3,115071,1997,135.9,11.8,1,Petrol,Automatic,5.3
1837,Tata,Polo,2017,9,58603,998,82.9,22.2,1,Diesel,Manual,1.48
1838,Volkswagen,Thar,2017,9,21078,1497,125.4,12.4,1,CNG,Automatic,2.28
1839,Tata,Kiger,2017,9,75383,1956,138.4,15.4,2,Petrol,Manual,1.83
1840,Tata,Sonet,2024,2,39920,1197,106.0,13.5,1,Petrol,Manual,4.06
1841,Hyundai,Taigun,2019,7,33656,1956,139.3,23.4,1,Petrol,Automatic,2.95
1842,Kia,Creta,2024,2,28368,1497,103.1,16.1,1,Diesel,Manual,5.29
1843,Jeep,Kiger,2025,1,92754,1498,100.3,15.3,1,Diesel,Manual,5.82
1844,Maruti Suzuki,Taigun,2025,1,16819,1497,120.0,23.4,1,Petrol,Manual,5.08
1845,Volkswagen,XUV700,2025,1,86541,998,79.7,12.2,2,Petrol,Manual,3.34
1846,Renault,Urban Cruiser Hyryder,2019,7,62240,1997,143.5,17.8,2,Petrol,Manual,2.41
1847,Toyota,Glanza,2024,2,108672,998,87.7,12.7,2,Diesel,Automatic,4.63
1848,Nissan,Kushaq,2021,5,136547,2184,163.5,11.8,1,Diesel,Manual,3.35
1849,Jeep,Tiago,2020,6,104367,1598,120.5,24.8,1,Diesel,Manual,3.25
1850,Skoda,Magnite,2019,7,93580,998,75.6,23.3,1,Diesel,Manual,1.82
1851,Hyundai,Slavia,2019,7,14443,998,84.5,14.5,2,Petrol,Automatic,1.9
1852,Volkswagen,Magnite,2017,9,68067,1498,96.8,14.8,1,Petrol,Manual,1.27
1853,Renault,Venue,2020,6,48258,2198,136.5,17.5,1,Petrol,Automatic,3.29
1854,Kia,Innova Crysta,2023,3,80137,1997,141.8,14.5,3,Petrol,Automatic,4.92
1855,Maruti Suzuki,Astor,2017,9,107023,1197,77.8,23.6,1,Diesel,Automatic,1.72
1856,Kia,Urban Cruiser Hyryder,2023,3,134201,1197,81.3,18.3,1,Petrol,Manual,3.31
1857,MG,Urban Cruiser Hyryder,2025,1,124358,1498,112.6,17.3,2,CNG,Automatic,5.75
1858,Honda,Verna,2020,6,111788,998,88.8,20.1,2,Petrol,Automatic,2.46
1859,Toyota,Dzire,2023,3,13080,1997,134.4,13.8,1,Petrol,Manual,6.08
1860,Tata,Sonet,2021,5,77233,1199,98.1,13.9,1,CNG,Manual,2.37
1861,Tata,i20,2024,2,154656,1997,125.2,11.9,1,Petrol,Manual,4.54
1862,Honda,Brezza,2020,6,11086,1199,110.5,20.8,2,Petrol,Manual,2.7
1863,Tata,Nexon,2023,3,109878,1497,109.9,10.2,1,Petrol,Manual,3.58
1864,Kia,City,2021,5,60633,1497,123.2,13.5,1,CNG,Manual,3.7
1865,Nissan,City,2022,4,79488,1498,111.4,15.1,1,Petrol,Automatic,3.45
1866,Mahindra,Harrier,2023,3,78764,1199,77.3,23.6,1,CNG,Automatic,3.76
1867,Skoda,Amaze,2023,3,152425,2184,152.6,13.5,2,Petrol,Automatic,5.04
1868,Kia,Venue,2017,9,71689,998,70.1,24.8,1,Diesel,Manual,1.71
1869,Renault,Hector,2023,3,34203,998,77.8,20.9,2,Petrol,Manual,2.19
1870,Maruti Suzuki,Taigun,2019,7,12899,1598,125.2,16.3,3,Diesel,Manual,2.21
1871,Jeep,Elevate,2023,3,29514,1197,92.5,16.5,1,Diesel,Manual,3.96
1872,Tata,Taigun,2023,3,88757,1598,113.7,16.7,1,Diesel,Manual,3.81
1873,Tata,Dzire,2021,5,41757,2184,162.4,17.4,1,Petrol,Manual,3.79
1874,Nissan,Verna,2022,4,109585,1199,82.5,17.2,1,Petrol,Manual,2.42
1875,Skoda,Dzire,2019,7,58721,2198,135.0,24.5,1,Diesel,Manual,2.97
1876,Jeep,Kiger,2019,7,76000,1497,122.8,15.1,2,Petrol,Manual,2.67
1877,Toyota,Kiger,2018,8,149785,1197,87.7,16.9,3,Petrol,Manual,1.63
1878,Tata,Scorpio,2021,5,15901,1598,113.0,20.2,1,Diesel,Manual,2.98
1879,Volkswagen,Compass,2022,4,103581,2184,155.7,24.8,2,Petrol,Manual,4.28
1880,Toyota,Elevate,2018,8,113292,2184,147.4,10.6,1,Diesel,Automatic,3.28
1881,Maruti Suzuki,Creta,2020,6,130609,2184,134.8,20.3,1,CNG,Manual,2.65
1882,Maruti Suzuki,XUV700,2021,5,111766,1997,127.9,20.7,1,Petrol,Manual,2.91
1883,Tata,Dzire,2022,4,159333,2198,145.6,12.4,1,Diesel,Manual,3.73
1884,MG,Alto K10,2018,8,156306,1199,87.8,11.8,1,Petrol,Manual,1.81
1885,Skoda,Glanza,2025,1,111824,2184,138.0,17.3,3,Petrol,Manual,5.81
1886,Honda,Kiger,2025,1,156479,1498,126.0,10.7,2,Diesel,Manual,5.17
1887,Tata,Celerio,2020,6,72549,1956,137.4,19.3,1,Petrol,Manual,3.15
1888,Hyundai,Slavia,2023,3,81518,1956,123.2,18.5,2,Petrol,Automatic,4.46
1889,Renault,S-Presso,2017,9,106674,2198,135.4,12.6,1,Diesel,Manual,2.05
1890,Skoda,Celerio,2023,3,139597,1498,122.4,13.5,1,Diesel,Manual,4.47
1891,Jeep,Brezza,2022,4,77286,2184,137.9,20.2,1,Petrol,Manual,4.75
1892,Skoda,XUV 3XO,2021,5,78302,1956,149.9,24.5,1,Diesel,Manual,4.21
1893,Maruti Suzuki,Urban Cruiser Hyryder,2018,8,38474,1997,141.4,10.6,1,Petrol,Automatic,2.7
1894,Renault,Creta,2018,8,119363,2198,136.7,20.2,3,Diesel,Manual,1.83
1895,Maruti Suzuki,Nexon,2022,4,51530,2198,147.1,17.6,2,Petrol,Manual,3.61
1896,Skoda,Thar,2022,4,105140,1199,91.4,19.6,3,Petrol,Automatic,3.15
1897,Honda,Dzire,2020,6,158613,1197,90.3,22.1,3,Petrol,Automatic,2.07
1898,Nissan,XUV700,2017,9,155429,1497,112.7,14.9,2,Diesel,Automatic,2.14
1899,Jeep,Amaze,2019,7,64327,1199,102.7,21.3,1,Petrol,Automatic,2.99
1900,Honda,i20,2021,5,36710,1956,123.3,23.5,2,Petrol,Automatic,4.25
1901,Honda,Grand i10 Nios,2021,5,9160,1498,110.3,16.0,2,Petrol,Manual,2.8
1902,Nissan,Alcazar,2021,5,34212,1197,108.1,18.1,1,Petrol,Manual,2.1
1903,Nissan,Punch,2017,9,107826,1598,108.3,11.9,1,Diesel,Automatic,2.31
1904,Skoda,Dzire,2024,2,154386,1199,92.9,24.6,1,Petrol,Manual,3.51
1905,Tata,Sonet,2024,2,88416,1498,95.3,20.3,1,Petrol,Manual,3.98
1906,Toyota,Thar,2022,4,69462,2198,152.3,13.4,2,Petrol,Manual,5.22
1907,Skoda,Harrier,2018,8,36352,1197,95.2,10.7,1,Diesel,Manual,2.2
1908,Toyota,Astor,2021,5,86355,1598,121.7,16.0,1,Petrol,Automatic,3.67
1909,Volkswagen,Innova Crysta,2024,2,34230,1498,113.3,16.7,2,Petrol,Manual,4.6
1910,Kia,i20,2019,7,151905,1498,121.6,13.6,1,Diesel,Automatic,2.98
1911,MG,Punch,2022,4,155147,1497,114.7,12.9,2,Petrol,Manual,3.1
1912,Skoda,Triber,2024,2,159286,998,78.1,17.2,1,Petrol,Manual,2.91
1913,Renault,Altroz,2017,9,81888,998,92.2,22.8,1,Diesel,Manual,1.39
1914,Volkswagen,Taigun,2023,3,61631,1199,79.3,23.3,1,Petrol,Automatic,3.41
1915,Mahindra,Aura,2022,4,13880,1199,104.3,11.2,2,Petrol,Automatic,3.73
1916,Maruti Suzuki,S-Presso,2017,9,57353,1997,146.1,14.0,1,Petrol,Manual,2.18
1917,Renault,Creta,2025,1,73978,1497,122.2,19.8,1,Diesel,Manual,4.23
1918,Volkswagen,Kushaq,2023,3,95977,1197,81.9,21.4,2,Petrol,Manual,3.03
1919,Mahindra,Creta,2022,4,91517,998,70.4,14.7,1,Petrol,Manual,2.91
1920,Nissan,XUV 3XO,2023,3,91900,1199,88.4,14.6,1,Petrol,Manual,2.82
1921,Tata,Hector,2020,6,56470,998,93.5,14.9,1,Petrol,Manual,1.83
1922,Maruti Suzuki,Swift,2025,1,67769,1497,118.2,21.2,2,Petrol,Manual,4.39
1923,Maruti Suzuki,Carens,2023,3,24567,1497,94.8,20.8,1,CNG,Manual,3.95
1924,Nissan,Triber,2024,2,43214,1498,116.6,11.4,2,Petrol,Automatic,4.3
1925,Kia,Grand i10 Nios,2021,5,93434,1199,92.9,11.5,1,Petrol,Manual,2.67
1926,Toyota,Triber,2025,1,78414,2198,164.0,21.3,2,Petrol,Manual,7.87
1927,Renault,Kwid,2020,6,143429,2198,152.9,10.1,1,CNG,Manual,3.01
1928,Nissan,Magnite,2021,5,88738,1497,121.3,13.1,1,Petrol,Manual,2.24
1929,Kia,Bolero,2024,2,65611,998,78.5,17.3,1,Petrol,Automatic,3.75
1930,Tata,Tiago,2021,5,137421,1199,78.4,11.6,1,Diesel,Manual,2.09
1931,Volkswagen,Safari,2017,9,12161,2184,134.9,10.7,2,Diesel,Manual,2.81
1932,Skoda,Hector,2021,5,138308,1197,86.2,19.6,3,Diesel,Automatic,2.94
1933,Kia,Verna,2022,4,154401,1956,122.7,20.0,2,CNG,Automatic,4.3
1934,Toyota,Hector,2022,4,58333,1598,128.0,21.1,2,Petrol,Manual,3.96
1935,Hyundai,Urban Cruiser Hyryder,2018,8,76672,2184,155.1,23.0,2,Petrol,Manual,2.08
1936,Tata,Alcazar,2024,2,79844,1598,118.0,15.2,2,Petrol,Automatic,4.47
1937,Maruti Suzuki,XUV 3XO,2017,9,137787,1598,113.1,15.3,1,Petrol,Automatic,2.09
1938,Maruti Suzuki,Alto K10,2025,1,34425,1497,101.5,21.0,1,Petrol,Manual,4.62
1939,Volkswagen,Verna,2025,1,34529,1997,153.3,23.9,1,CNG,Automatic,7.33
1940,Tata,Aura,2019,7,33567,2198,139.2,22.0,1,Petrol,Automatic,3.13
1941,MG,Carens,2018,8,150541,2198,148.6,17.9,1,Petrol,Automatic,3.3
1942,Maruti Suzuki,Kiger,2025,1,153133,2198,151.1,22.5,1,Diesel,Manual,5.96
1943,Volkswagen,Polo,2023,3,106953,1997,131.1,16.6,1,Diesel,Automatic,5.23
1944,Jeep,Thar,2017,9,23274,1497,110.5,15.4,1,Diesel,Manual,2.47
1945,MG,Innova Crysta,2021,5,151104,2184,147.4,24.6,2,Diesel,Manual,4.01
1946,Toyota,Glanza,2017,9,59712,1498,101.0,18.4,2,Diesel,Automatic,2.74
1947,Skoda,Tiago,2021,5,62704,1197,86.6,11.1,1,Diesel,Manual,2.76
1948,Volkswagen,Wagon R,2022,4,21189,1956,145.0,18.3,2,Petrol,Automatic,5.05
1949,Hyundai,Punch,2020,6,97272,1997,121.6,10.4,3,Petrol,Manual,2.91
1950,Kia,Carens,2021,5,154677,1497,124.6,10.4,2,Petrol,Automatic,3.4
1951,Honda,Aura,2023,3,30226,1498,126.0,20.2,1,Petrol,Manual,4.35
1952,Renault,Safari,2024,2,121282,1956,130.7,20.3,1,Diesel,Manual,4.08
1953,Renault,Celerio,2018,8,34754,2198,133.0,21.3,1,Diesel,Manual,2.31
1954,Toyota,XUV700,2021,5,130121,1497,120.0,12.7,1,Petrol,Manual,2.91
1955,Jeep,Bolero,2022,4,38913,1598,115.3,22.4,2,Petrol,Manual,4.16
1956,Renault,Triber,2024,2,93236,1997,122.7,14.8,1,Petrol,Manual,4.09
1957,Nissan,Baleno,2025,1,48358,1199,97.3,21.5,1,Diesel,Manual,3.64
1958,MG,Kwid,2019,7,110741,1199,82.5,14.9,1,Petrol,Manual,2.07
1959,Tata,Creta,2019,7,133311,1197,88.8,13.6,1,CNG,Manual,1.9
1960,Skoda,i20,2021,5,138494,2198,140.8,24.3,1,Diesel,Automatic,4.28
1961,Maruti Suzuki,Kushaq,2017,9,19832,2198,142.2,20.3,1,Diesel,Manual,2.46
1962,Toyota,Alto K10,2019,7,99573,1956,136.8,21.7,2,Diesel,Manual,3.15
1963,Tata,Kushaq,2024,2,147622,1197,83.1,12.3,1,Petrol,Automatic,3.36
1964,Jeep,Bolero,2017,9,154245,2198,155.5,14.5,1,Petrol,Manual,1.98
1965,Maruti Suzuki,City,2023,3,124480,1598,113.6,17.5,1,Petrol,Manual,3.66
1966,MG,Magnite,2019,7,130703,1498,95.1,20.2,3,Diesel,Manual,2.61
1967,Volkswagen,Magnite,2022,4,130408,2184,140.3,15.6,2,Petrol,Automatic,4.22
1968,Toyota,Baleno,2024,2,119972,1598,111.1,12.3,1,CNG,Manual,5.05
1969,Volkswagen,Grand i10 Nios,2021,5,101658,1598,119.8,17.6,3,Petrol,Manual,2.54
1970,Maruti Suzuki,Compass,2025,1,104473,1956,134.5,20.2,1,Petrol,Manual,5.19
1971,Nissan,Glanza,2023,3,100702,1197,103.4,22.4,1,Petrol,Manual,2.92
1972,Tata,Dzire,2023,3,143445,1498,107.2,14.7,2,Petrol,Automatic,3.56
1973,Nissan,Amaze,2018,8,114098,1997,155.5,22.2,2,Petrol,Manual,1.98
1974,Skoda,Triber,2019,7,8785,1199,79.4,11.1,1,Diesel,Manual,2.55
1975,Jeep,Kwid,2024,2,85079,2198,141.6,21.1,2,Petrol,Automatic,6.3
1976,Skoda,Creta,2018,8,116713,1497,112.6,16.4,1,Petrol,Automatic,2.28
1977,Honda,Tiago,2022,4,48488,998,85.9,11.9,1,Petrol,Manual,2.51
1978,MG,Polo,2023,3,134040,1997,154.8,23.3,2,Petrol,Automatic,5.28
1979,Jeep,Kushaq,2025,1,91837,1498,97.2,17.5,2,Petrol,Manual,5.16
1980,Renault,Glanza,2020,6,83428,1997,150.6,12.3,2,Petrol,Manual,2.53
1981,Skoda,Virtus,2020,6,152807,998,77.7,16.0,3,Petrol,Manual,1.4
1982,Mahindra,Slavia,2017,9,114324,1199,103.4,18.0,1,Petrol,Manual,1.66
1983,Renault,Punch,2024,2,139077,2184,158.4,10.5,1,Petrol,Manual,4.8
1984,Nissan,Slavia,2019,7,130923,1199,99.6,24.3,2,Petrol,Manual,1.68
1985,Toyota,Baleno,2020,6,143747,1498,117.8,23.0,1,Petrol,Manual,3.0
1986,Jeep,Taigun,2018,8,15481,1497,95.6,20.5,1,Petrol,Manual,2.23
1987,Mahindra,Elevate,2018,8,42096,1197,90.0,14.2,1,Petrol,Automatic,2.52
1988,Tata,Alcazar,2022,4,124251,998,93.0,22.9,1,Petrol,Manual,2.16
1989,Renault,XUV 3XO,2024,2,43711,1956,146.0,16.7,2,Petrol,Automatic,4.64
1990,Honda,XUV 3XO,2021,5,40641,998,75.2,19.1,1,Diesel,Manual,2.76
1991,Kia,Kiger,2017,9,128510,1598,101.3,17.7,1,Petrol,Automatic,1.84
1992,Honda,Kushaq,2017,9,68008,1197,96.4,22.7,2,CNG,Manual,1.47
1993,Renault,Nexon,2023,3,63887,2198,151.2,18.3,1,Diesel,Automatic,5.24
1994,Mahindra,Grand i10 Nios,2021,5,20051,1598,122.4,22.9,3,Petrol,Manual,3.52
1995,Kia,Wagon R,2020,6,95103,1197,100.1,18.4,2,Petrol,Manual,1.92
1996,Maruti Suzuki,Taigun,2024,2,154105,1498,100.7,21.2,1,Diesel,Manual,3.95
1997,Nissan,Virtus,2025,1,32010,1598,112.6,18.7,1,Diesel,Manual,4.98
1998,Toyota,Creta,2025,1,11695,1598,131.8,14.3,1,Petrol,Manual,6.84
1999,Honda,Seltos,2022,4,73285,1497,93.5,10.1,1,Petrol,Automatic,3.32
2000,Hyundai,Wagon R,2025,1,64138,998,98.9,17.9,1,Petrol,Manual,4.38
2001,Honda,Compass,2020,6,30560,2184,143.6,23.7,1,Petrol,Automatic,4.25
2002,Nissan,Urban Cruiser Hyryder,2021,5,94782,1498,105.1,16.0,1,CNG,Manual,2.53
2003,Hyundai,Triber,2022,4,155036,1498,107.1,23.1,1,Petrol,Manual,2.67
2004,Maruti Suzuki,XUV 3XO,2025,1,130703,1199,111.2,24.2,1,Diesel,Automatic,4.68
2005,Honda,Innova Crysta,2024,2,74188,2184,141.8,22.3,2,Diesel,Manual,6.09
2006,Jeep,Sonet,2025,1,110756,2198,147.3,19.4,1,Diesel,Manual,7.49
2007,Renault,Harrier,2017,9,114239,1497,110.2,22.9,2,Petrol,Manual,1.25
2008,Renault,Punch,2022,4,102970,1199,97.9,11.1,1,Petrol,Manual,2.52
2009,Renault,Amaze,2019,7,38693,1997,145.3,22.9,1,Diesel,Automatic,3.37
2010,MG,Compass,2020,6,61497,1199,78.6,10.1,1,Petrol,Manual,2.16
2011,Nissan,Alto K10,2022,4,154277,1598,101.9,14.3,1,Petrol,Manual,2.77
2012,Honda,Swift,2025,1,9388,998,88.1,18.4,1,Petrol,Automatic,4.82
2013,Maruti Suzuki,Alto K10,2018,8,89837,998,88.5,19.6,1,Diesel,Manual,1.82
2014,Tata,Baleno,2017,9,124938,1197,94.9,12.7,1,Diesel,Manual,1.75
2015,MG,Kwid,2021,5,81838,1498,93.9,19.6,2,Petrol,Manual,3.16
2016,Renault,Seltos,2023,3,62463,1199,80.5,24.2,1,Petrol,Manual,2.58
2017,Hyundai,XUV700,2025,1,72218,1199,86.9,20.8,1,Diesel,Manual,4.78
2018,Toyota,Polo,2018,8,148118,998,94.3,14.2,2,Petrol,Automatic,2.3
2019,Skoda,Punch,2020,6,62250,1497,94.8,17.2,1,Petrol,Manual,2.55
2020,Hyundai,Safari,2019,7,76545,1497,108.1,18.3,2,Petrol,Manual,2.04
2021,Volkswagen,Tiago,2025,1,80295,1497,98.1,14.9,1,Diesel,Automatic,5.64
2022,MG,S-Presso,2017,9,57357,1598,131.0,10.0,1,Petrol,Automatic,2.66
2023,Skoda,City,2018,8,144293,1498,99.5,20.9,1,Diesel,Automatic,2.66
2024,Volkswagen,Grand i10 Nios,2024,2,17027,1497,113.4,19.7,1,CNG,Automatic,5.19
2025,Toyota,Dzire,2022,4,97981,1498,124.6,16.9,2,Petrol,Automatic,4.41
2026,Nissan,Scorpio,2018,8,10822,1497,119.7,11.5,3,Diesel,Manual,2.16
2027,Nissan,Urban Cruiser Hyryder,2020,6,83498,1197,85.6,17.4,2,Petrol,Manual,1.91
2028,Volkswagen,Brezza,2019,7,153185,1199,89.2,16.7,1,Diesel,Manual,1.96
2029,Nissan,Kushaq,2021,5,109685,1197,110.2,11.4,3,CNG,Automatic,2.66
2030,Renault,Swift,2022,4,7335,1497,105.5,22.2,2,Petrol,Manual,3.0
2031,Jeep,Urban Cruiser Hyryder,2024,2,125391,1497,114.0,24.0,1,Diesel,Automatic,5.42
2032,Skoda,Celerio,2024,2,122165,2184,158.6,13.6,1,Petrol,Manual,6.13
2033,Volkswagen,Brezza,2023,3,88580,1598,133.5,22.2,1,Petrol,Manual,4.39
2034,Toyota,City,2024,2,82030,2198,138.6,12.4,2,CNG,Manual,6.21
2035,Kia,Wagon R,2025,1,106855,1199,98.2,13.1,3,Petrol,Manual,3.99
2036,Volkswagen,Fortuner,2022,4,132794,1199,96.7,19.2,1,Petrol,Manual,2.52
2037,Mahindra,XUV700,2017,9,29524,1197,100.8,20.8,1,Diesel,Manual,2.2
2038,Nissan,Amaze,2025,1,48440,2184,155.5,18.8,1,Petrol,Automatic,6.37
2039,Renault,Kushaq,2023,3,110671,998,85.8,10.1,1,Petrol,Automatic,2.9
2040,Nissan,Nexon,2024,2,23816,1997,130.1,17.2,1,Petrol,Manual,4.27
2041,Volkswagen,Sonet,2025,1,16092,998,85.4,18.4,3,Diesel,Manual,4.18
2042,Jeep,XUV 3XO,2017,9,125595,2198,141.1,11.2,1,Petrol,Automatic,2.8
2043,Jeep,Polo,2023,3,98838,1997,121.7,17.5,1,Petrol,Manual,5.22
2044,Hyundai,Tiago,2020,6,77512,1997,125.0,24.1,1,Diesel,Automatic,3.5
2045,Nissan,Seltos,2024,2,76329,1497,107.3,22.0,1,Petrol,Manual,3.41
2046,Nissan,Kiger,2025,1,89856,2198,161.2,15.6,1,Diesel,Manual,5.76
2047,Honda,Seltos,2022,4,91199,2198,144.3,12.7,2,Diesel,Manual,4.38
2048,Toyota,Slavia,2025,1,68386,1497,115.7,23.6,1,CNG,Manual,6.22
2049,Toyota,XUV 3XO,2018,8,53708,998,97.9,14.8,3,Petrol,Automatic,2.45
2050,Renault,XUV700,2019,7,148386,1598,126.5,13.3,1,Petrol,Automatic,2.37
2051,Honda,Glanza,2024,2,142098,1498,97.0,22.2,1,CNG,Automatic,4.37
2052,Kia,Verna,2023,3,71582,2198,140.3,15.0,2,Petrol,Automatic,5.26
2053,MG,Scorpio,2017,9,145110,2198,150.9,18.8,2,Diesel,Manual,2.36
2054,Toyota,Innova Crysta,2024,2,98146,998,81.9,12.6,1,Petrol,Automatic,4.54
2055,Renault,Aura,2023,3,121110,1199,105.0,17.7,1,Diesel,Manual,3.26
2056,Maruti Suzuki,Fortuner,2023,3,67332,1498,105.6,19.6,2,Petrol,Manual,3.51
2057,Toyota,Altroz,2018,8,98859,1498,96.5,18.5,3,Petrol,Manual,2.2
2058,Kia,Nexon,2017,9,111331,2198,157.4,19.4,1,Diesel,Manual,2.48
2059,Hyundai,Harrier,2024,2,57895,1997,147.9,16.6,1,CNG,Automatic,6.31
2060,Honda,Taigun,2020,6,64496,2184,133.1,10.1,1,Petrol,Automatic,3.89
2061,MG,Venue,2017,9,129546,1598,120.7,17.3,1,Petrol,Automatic,1.9
2062,Nissan,Harrier,2018,8,31391,1197,93.2,24.4,1,Petrol,Manual,1.25
2063,Nissan,Kiger,2022,4,24097,2198,155.5,22.4,1,Petrol,Automatic,4.41
2064,Kia,i20,2018,8,107426,1199,106.2,22.0,1,CNG,Manual,1.7
2065,Jeep,Brezza,2022,4,18568,998,68.8,17.8,1,Petrol,Manual,2.75
2066,Kia,Kwid,2023,3,149488,2184,166.0,24.7,2,Diesel,Manual,5.53
2067,Hyundai,Aura,2020,6,99217,1498,125.5,20.0,2,Petrol,Manual,2.34
2068,Kia,Altroz,2024,2,97841,2184,164.7,23.6,1,Diesel,Automatic,6.91
2069,Jeep,Bolero,2018,8,122752,1497,111.1,13.8,2,Petrol,Manual,2.1
2070,Tata,Dzire,2019,7,28049,998,74.2,10.3,1,CNG,Manual,1.78
2071,Jeep,Magnite,2019,7,128679,1199,77.7,10.7,1,Petrol,Manual,1.89
2072,Tata,Alto K10,2019,7,150022,1199,85.4,17.3,1,CNG,Manual,2.12
2073,MG,Alto K10,2019,7,17079,1497,95.0,16.3,1,CNG,Automatic,3.28
2074,Renault,Aura,2021,5,103416,2198,152.6,23.2,2,Petrol,Manual,3.23
2075,Skoda,Urban Cruiser Hyryder,2019,7,20523,1598,108.4,22.0,2,Petrol,Manual,2.4
2076,Toyota,Safari,2018,8,116450,998,71.5,18.1,1,CNG,Manual,1.65
2077,Nissan,Tiago,2020,6,145120,1197,96.3,16.0,2,Petrol,Automatic,2.15
2078,Toyota,Grand i10 Nios,2025,1,66727,1598,126.1,18.0,1,Petrol,Automatic,7.05
2079,Hyundai,XUV700,2020,6,118475,1598,133.0,15.2,2,Petrol,Manual,2.33
2080,Maruti Suzuki,Punch,2021,5,78074,1997,143.4,11.5,2,Petrol,Manual,2.9
2081,Hyundai,Swift,2025,1,13102,1956,125.5,17.7,1,Petrol,Automatic,6.55
2082,Volkswagen,XUV700,2025,1,52924,1598,125.9,18.2,1,Petrol,Manual,5.93
2083,Renault,Kiger,2022,4,137545,1598,100.8,22.4,2,Petrol,Manual,2.68
2084,MG,Punch,2017,9,112111,1497,118.0,18.5,2,Petrol,Automatic,2.34
2085,Maruti Suzuki,Swift,2023,3,24909,1956,145.2,20.3,1,Diesel,Automatic,5.54
2086,Skoda,Amaze,2025,1,49268,1199,80.1,17.9,1,Diesel,Automatic,5.37
2087,MG,i20,2022,4,135995,2198,143.3,10.8,1,Petrol,Automatic,4.57
2088,Renault,Elevate,2019,7,144818,2184,135.0,11.6,1,Petrol,Manual,2.33
2089,MG,XUV 3XO,2024,2,43689,1199,110.4,14.7,2,Diesel,Manual,4.35
2090,Nissan,Seltos,2023,3,148601,1199,81.8,11.1,1,Petrol,Manual,2.65
2091,Mahindra,Alcazar,2025,1,19557,2198,137.5,20.1,1,Petrol,Manual,7.44
2092,Hyundai,Safari,2017,9,147634,2198,144.5,23.3,1,Diesel,Manual,2.57
2093,Kia,Kwid,2025,1,110521,1498,109.2,23.3,1,Petrol,Manual,4.84
2094,Kia,Wagon R,2023,3,93993,1497,102.3,18.0,2,Petrol,Manual,3.51
2095,Honda,Kiger,2017,9,146276,2198,149.6,13.7,1,Petrol,Manual,2.05
2096,Toyota,XUV700,2017,9,147925,2184,137.6,20.5,1,Petrol,Manual,2.06
2097,Volkswagen,XUV 3XO,2023,3,156537,2198,155.8,16.4,2,Diesel,Automatic,5.14
2098,Hyundai,XUV 3XO,2018,8,73707,1197,82.7,12.0,1,CNG,Manual,2.07
2099,Kia,XUV700,2021,5,7419,1199,99.4,19.8,2,Diesel,Manual,3.18
2100,Kia,Safari,2020,6,97918,998,82.1,10.8,1,Diesel,Manual,2.33
2101,Skoda,Triber,2025,1,13904,1197,87.9,21.2,3,Petrol,Manual,4.29
2102,Nissan,Alcazar,2019,7,95307,1956,136.2,22.1,2,Petrol,Manual,1.69
2103,Skoda,Kushaq,2019,7,22003,1199,95.4,18.2,2,Petrol,Manual,2.33
2104,Toyota,Harrier,2019,7,56236,1197,96.8,23.2,1,Petrol,Automatic,2.91
2105,Renault,Magnite,2018,8,60138,1956,141.2,23.4,1,Petrol,Manual,2.22
2106,Honda,Grand i10 Nios,2020,6,131655,1197,87.7,18.7,2,Petrol,Manual,1.78
2107,Volkswagen,Dzire,2018,8,155955,1498,126.1,24.9,2,Petrol,Manual,2.03
2108,Tata,Taigun,2019,7,72965,1199,82.6,14.6,1,Petrol,Automatic,2.42
2109,Nissan,Alto K10,2024,2,86369,2198,134.8,20.1,2,CNG,Automatic,4.88
2110,Mahindra,Grand i10 Nios,2021,5,98684,1199,77.8,19.0,1,Petrol,Manual,2.63
2111,Mahindra,Thar,2024,2,63856,1197,107.0,24.2,1,Diesel,Manual,4.95
2112,Jeep,Magnite,2021,5,54580,2184,137.5,15.7,2,Diesel,Manual,4.57
2113,Mahindra,Hector,2020,6,125297,1197,107.6,17.2,2,Diesel,Manual,2.51
2114,Mahindra,i20,2024,2,86117,1598,124.1,11.5,2,Petrol,Manual,4.9
2115,Nissan,Hector,2017,9,94663,1997,153.9,21.0,1,Petrol,Manual,1.86
2116,Tata,i20,2020,6,86851,1199,105.2,17.3,1,Petrol,Manual,1.95
2117,MG,Safari,2021,5,69068,2198,162.7,21.1,2,Diesel,Automatic,5.01
2118,Hyundai,Bolero,2022,4,73045,1598,106.9,21.3,1,Petrol,Automatic,3.93
2119,Kia,Amaze,2018,8,25234,1497,116.1,10.5,1,Petrol,Manual,2.52
2120,Renault,Swift,2017,9,8924,1197,109.3,18.2,1,Petrol,Automatic,1.92
2121,Tata,Glanza,2025,1,23608,1498,119.7,14.6,1,Diesel,Automatic,6.04
2122,Kia,Slavia,2021,5,22810,1498,112.8,18.8,1,Diesel,Manual,3.74
2123,Nissan,Alto K10,2017,9,87643,1498,111.8,20.7,1,Diesel,Manual,1.92
2124,Kia,Swift,2023,3,141463,2184,133.5,23.4,2,CNG,Automatic,5.18
2125,Skoda,XUV700,2021,5,154333,2184,135.1,20.6,2,Petrol,Manual,3.14
2126,Nissan,Carens,2017,9,18891,2198,137.6,24.1,3,Petrol,Manual,1.53
2127,Kia,Polo,2017,9,10003,2198,141.0,21.9,1,Diesel,Manual,2.64
2128,Kia,Hector,2020,6,136573,2184,140.2,12.9,1,Diesel,Manual,3.2
2129,Toyota,Safari,2021,5,82092,998,90.6,21.3,1,Diesel,Automatic,3.4
2130,Toyota,XUV 3XO,2020,6,87481,1199,104.1,17.7,1,CNG,Manual,2.52
2131,Volkswagen,Verna,2021,5,134916,1199,101.4,24.0,1,Petrol,Automatic,2.78
2132,Volkswagen,XUV700,2021,5,132602,1199,99.3,15.9,1,Petrol,Automatic,2.78
2133,Skoda,S-Presso,2018,8,110167,1598,120.2,20.8,1,Diesel,Automatic,2.7
2134,Hyundai,Compass,2018,8,143916,2184,132.4,18.9,1,Petrol,Automatic,2.41
2135,Honda,Taigun,2017,9,11678,1497,127.4,11.7,3,Petrol,Manual,1.91
2136,Skoda,Altroz,2020,6,153877,1997,134.4,14.5,2,Petrol,Manual,2.81
2137,Kia,Thar,2022,4,143296,1199,80.8,12.4,2,Petrol,Manual,2.78
2138,Hyundai,Urban Cruiser Hyryder,2018,8,64532,1197,88.6,15.0,1,Petrol,Manual,1.47
2139,Maruti Suzuki,Urban Cruiser Hyryder,2020,6,112028,1199,104.5,13.6,2,Petrol,Manual,2.17
2140,Toyota,Baleno,2025,1,22737,2184,143.6,22.6,2,Diesel,Manual,8.11
2141,Tata,Seltos,2020,6,140919,1199,94.4,23.9,1,Diesel,Manual,2.0
2142,Kia,Grand i10 Nios,2017,9,70195,2184,157.6,17.3,2,Diesel,Manual,2.9
2143,Hyundai,S-Presso,2021,5,156092,1956,133.9,18.2,2,Diesel,Automatic,3.56
2144,MG,Compass,2020,6,95826,2184,159.1,16.2,1,Petrol,Manual,3.91
2145,Maruti Suzuki,Celerio,2023,3,31060,998,67.6,18.5,1,Diesel,Manual,3.06
2146,Nissan,Tiago,2020,6,98124,1956,134.8,21.8,1,Petrol,Automatic,2.7
2147,Tata,Virtus,2018,8,51371,1598,101.8,23.5,1,Diesel,Manual,2.25
2148,Mahindra,Wagon R,2020,6,94998,1956,149.4,19.4,2,Petrol,Manual,3.33
2149,Hyundai,Nexon,2021,5,55428,1997,132.5,10.3,2,Diesel,Automatic,3.8
2150,Jeep,Elevate,2020,6,91768,2198,146.5,14.5,2,CNG,Automatic,3.99
2151,Skoda,Seltos,2017,9,90257,2184,163.7,19.5,1,Petrol,Manual,2.19
2152,Toyota,Punch,2019,7,138928,1199,91.0,12.2,2,Diesel,Manual,2.01
2153,Kia,Swift,2022,4,10595,998,91.5,17.0,2,Diesel,Manual,3.08
2154,Kia,Baleno,2019,7,41542,1498,115.3,23.2,1,Petrol,Manual,2.35
2155,Nissan,Baleno,2017,9,94528,1498,103.9,24.5,2,Petrol,Automatic,1.43
2156,Hyundai,Sonet,2019,7,52263,2198,156.4,15.7,2,Petrol,Manual,2.99
2157,Jeep,Brezza,2018,8,62209,1956,148.5,11.5,2,Diesel,Manual,3.17
2158,Mahindra,Creta,2023,3,145591,1497,96.6,24.5,1,Petrol,Manual,3.65
2159,Skoda,Kushaq,2023,3,148633,1497,105.6,22.3,1,Petrol,Manual,3.91
2160,Jeep,XUV 3XO,2019,7,20793,1498,99.6,18.0,1,Petrol,Manual,2.79
2161,Jeep,Altroz,2025,1,90894,998,89.0,23.9,1,Diesel,Automatic,5.44
2162,Honda,Safari,2021,5,140844,1497,114.3,12.4,2,Diesel,Manual,2.7
2163,Kia,Harrier,2025,1,71706,2184,143.7,12.2,2,Petrol,Manual,6.62
2164,Toyota,Hector,2022,4,89284,2184,137.3,12.8,2,Diesel,Manual,5.25
2165,Nissan,Creta,2017,9,53931,1956,134.2,14.2,1,Petrol,Manual,1.66
2166,Renault,Venue,2017,9,56539,1199,107.4,24.7,2,Petrol,Manual,1.25
2167,Nissan,Bolero,2017,9,76564,1199,104.1,17.7,2,Diesel,Manual,1.25
2168,Jeep,Carens,2022,4,82815,1498,101.5,11.7,1,Petrol,Manual,3.8
2169,Nissan,Innova Crysta,2021,5,31022,2184,156.1,14.1,2,Petrol,Automatic,3.64
2170,Renault,Celerio,2023,3,119756,1197,92.4,11.3,2,CNG,Manual,2.98
2171,Skoda,Polo,2024,2,98667,1497,93.4,21.7,1,Petrol,Manual,4.5
2172,Mahindra,XUV 3XO,2021,5,48098,998,72.9,10.5,1,Petrol,Manual,2.15
2173,Mahindra,Hector,2023,3,55662,2198,137.9,22.2,1,Petrol,Manual,5.42
2174,Toyota,Elevate,2023,3,26933,1956,153.4,10.3,1,Petrol,Automatic,6.54
2175,Kia,Celerio,2021,5,98167,1498,101.9,19.8,1,Petrol,Manual,2.77
2176,Renault,Dzire,2021,5,96086,1997,135.5,11.0,1,Diesel,Manual,3.22
2177,Tata,Astor,2017,9,9312,1197,105.2,10.9,2,Diesel,Manual,1.55
2178,Honda,Safari,2018,8,78418,1498,119.4,19.5,2,Diesel,Manual,2.1
2179,Hyundai,Kiger,2025,1,123392,2184,151.7,24.0,3,Diesel,Manual,6.28
2180,Tata,S-Presso,2020,6,143234,1997,134.4,17.3,3,Petrol,Manual,2.35
2181,Skoda,Venue,2022,4,117925,1197,78.0,20.4,1,Diesel,Automatic,3.53
2182,Mahindra,Seltos,2023,3,49440,1197,88.4,14.8,1,Petrol,Automatic,4.11
2183,Renault,Astor,2017,9,96470,1197,80.2,15.1,1,Petrol,Manual,1.25
2184,Mahindra,XUV 3XO,2018,8,102433,1199,98.4,11.7,2,Petrol,Manual,1.79
2185,MG,Altroz,2018,8,30378,1197,80.6,12.0,1,Petrol,Automatic,2.44
2186,Honda,Triber,2021,5,119376,2184,165.8,13.8,1,Petrol,Manual,3.76
2187,Mahindra,XUV700,2022,4,10091,998,84.7,23.1,1,Petrol,Manual,3.02
2188,Renault,Kiger,2018,8,140421,1956,142.5,16.8,1,Petrol,Manual,2.01
2189,Toyota,Alcazar,2022,4,140967,1197,110.6,21.3,1,Petrol,Automatic,3.78
2190,Nissan,Sonet,2019,7,102380,2198,157.8,13.5,1,Petrol,Manual,2.58
2191,Jeep,Kushaq,2023,3,125815,1497,120.7,23.7,2,Petrol,Manual,3.82
2192,Kia,Dzire,2018,8,93703,1497,122.7,15.9,1,Diesel,Automatic,3.01
2193,Maruti Suzuki,i20,2024,2,81134,2198,145.5,23.3,1,Diesel,Manual,5.29
2194,Mahindra,Bolero,2024,2,158352,1199,99.7,17.9,2,Petrol,Manual,3.92
2195,Tata,Creta,2021,5,10038,1997,136.4,18.8,1,Diesel,Automatic,4.6
2196,Nissan,Scorpio,2020,6,153968,2198,164.9,10.6,3,Petrol,Manual,2.47
2197,Honda,Verna,2019,7,145751,1498,116.4,19.4,2,CNG,Manual,2.47
2198,Mahindra,Magnite,2019,7,54719,1997,125.5,10.8,1,Petrol,Manual,2.89
2199,Kia,Altroz,2021,5,134179,1199,88.0,16.7,3,Diesel,Automatic,3.2
2200,Mahindra,XUV 3XO,2022,4,58562,1197,106.0,19.3,1,Petrol,Manual,3.26
2201,Hyundai,Glanza,2017,9,80490,1498,119.9,23.0,1,CNG,Manual,1.69
2202,Volkswagen,Nexon,2020,6,71178,1199,105.3,18.4,1,Petrol,Manual,2.48
2203,Tata,Elevate,2018,8,58060,1956,129.2,24.1,1,Diesel,Automatic,3.02
2204,Renault,Wagon R,2019,7,141143,1199,78.9,12.6,2,Petrol,Manual,1.25
2205,Toyota,Polo,2019,7,106107,1497,97.8,20.4,2,Petrol,Manual,2.3
2206,Jeep,Fortuner,2025,1,9979,2184,161.0,14.0,1,Diesel,Automatic,8.77
2207,Volkswagen,Amaze,2017,9,11553,2198,162.0,17.4,1,Petrol,Manual,2.73
2208,Volkswagen,Aura,2021,5,151949,2198,145.3,16.6,2,Diesel,Manual,3.55
2209,Jeep,Polo,2018,8,79323,998,78.9,12.9,2,Diesel,Manual,1.89
2210,Honda,Alcazar,2023,3,145542,1497,95.6,11.9,1,Petrol,Automatic,3.82
2211,Skoda,Thar,2019,7,145064,2184,161.0,21.7,1,Petrol,Manual,2.75
2212,Mahindra,Swift,2023,3,111550,2198,136.1,23.6,1,Petrol,Automatic,5.82
2213,Maruti Suzuki,Dzire,2022,4,145515,1199,80.0,17.1,1,Diesel,Manual,2.22
2214,MG,i20,2025,1,36385,1498,103.8,15.4,1,Diesel,Manual,6.21
2215,Toyota,Astor,2020,6,116125,2184,155.8,10.4,1,Diesel,Automatic,4.23
2216,Hyundai,Amaze,2025,1,77549,998,82.8,24.6,1,Petrol,Manual,4.0
2217,Tata,Compass,2018,8,61617,1199,110.3,20.8,1,Petrol,Manual,1.65
2218,Nissan,Venue,2020,6,107938,1498,104.6,18.6,2,Petrol,Manual,2.14
2219,MG,Alcazar,2023,3,132946,1197,89.5,23.2,1,Petrol,Manual,3.12
2220,Jeep,Safari,2018,8,21361,1197,101.9,13.7,1,Diesel,Manual,2.39
2221,Maruti Suzuki,Triber,2021,5,139127,1956,140.5,24.8,1,Petrol,Manual,2.67
2222,Jeep,Innova Crysta,2024,2,41181,2184,158.1,21.7,3,Petrol,Manual,6.54
2223,Honda,Harrier,2020,6,7004,2184,154.3,18.9,2,Diesel,Manual,3.9
2224,Hyundai,Compass,2024,2,79325,1497,122.4,12.5,2,Diesel,Automatic,4.73
2225,Jeep,Triber,2017,9,96874,1197,83.0,11.7,1,Petrol,Automatic,2.17
2226,Toyota,City,2020,6,17863,1199,95.2,18.7,1,Petrol,Manual,2.57
2227,Skoda,Fortuner,2024,2,58265,1498,102.6,14.6,2,Diesel,Manual,4.96
2228,Volkswagen,i20,2020,6,95062,1956,146.8,11.6,1,CNG,Manual,3.36
2229,Skoda,Alto K10,2024,2,154621,1598,114.9,19.6,1,CNG,Automatic,4.76
2230,MG,Urban Cruiser Hyryder,2018,8,24794,2198,138.1,25.0,1,CNG,Manual,2.75
2231,Mahindra,XUV700,2022,4,120569,1497,99.1,24.4,1,Petrol,Manual,3.42
2232,Toyota,Urban Cruiser Hyryder,2022,4,10858,1997,130.7,14.2,2,Petrol,Manual,5.04
2233,Nissan,Astor,2022,4,138433,1197,94.8,22.7,1,Diesel,Manual,2.37
2234,Maruti Suzuki,Swift,2017,9,94598,1956,151.1,11.6,2,Petrol,Manual,2.1
2235,Skoda,Brezza,2024,2,149025,1598,113.8,20.0,1,Petrol,Manual,4.57
2236,Nissan,Magnite,2020,6,100980,998,86.8,12.8,2,Diesel,Manual,1.53
2237,Renault,Dzire,2020,6,35441,1997,146.2,12.8,1,Diesel,Manual,2.67
2238,Toyota,Sonet,2017,9,120779,1497,107.0,17.8,2,CNG,Manual,1.96
2239,Tata,Amaze,2019,7,85989,1598,126.8,18.0,2,Diesel,Manual,2.41
2240,Toyota,Polo,2021,5,134619,1497,104.9,10.3,2,Petrol,Manual,3.09
2241,Kia,Thar,2023,3,59895,1497,114.7,23.9,1,Petrol,Manual,4.46
2242,Renault,Alcazar,2024,2,31810,2198,140.3,22.9,1,Petrol,Manual,5.2
2243,Mahindra,Amaze,2024,2,116193,1997,132.4,20.2,3,Petrol,Automatic,5.58
2244,Tata,Venue,2019,7,110702,1199,109.2,14.6,1,Petrol,Manual,1.53
2245,Hyundai,S-Presso,2019,7,136703,1497,120.0,11.8,1,Diesel,Automatic,2.9
2246,MG,Dzire,2024,2,83479,1997,125.5,19.3,1,Petrol,Manual,5.55
2247,Hyundai,Seltos,2022,4,46712,2184,139.4,19.6,3,Diesel,Manual,4.0
2248,Tata,Swift,2023,3,134343,2184,132.6,14.6,1,Petrol,Automatic,4.68
2249,Jeep,City,2024,2,156953,1997,150.1,22.5,1,Petrol,Manual,5.95
2250,Tata,XUV 3XO,2019,7,65259,1598,103.3,20.1,2,Diesel,Automatic,2.71
2251,Skoda,Kushaq,2022,4,134081,1498,111.7,24.3,2,Petrol,Automatic,3.89
2252,MG,Alto K10,2021,5,106817,1197,101.5,13.9,1,Diesel,Manual,3.25
2253,Volkswagen,XUV 3XO,2019,7,104063,1199,88.3,11.5,3,CNG,Manual,1.96
2254,Jeep,Wagon R,2021,5,132557,2184,164.6,18.6,3,Diesel,Manual,4.07
2255,Nissan,Bolero,2024,2,122806,1956,146.2,13.4,1,Petrol,Manual,4.46
2256,Honda,City,2017,9,16252,1497,125.9,22.9,1,Diesel,Automatic,2.57
2257,MG,Wagon R,2025,1,60231,2184,164.5,21.2,1,Diesel,Manual,8.05
2258,Honda,Aura,2018,8,150725,998,79.5,14.9,1,Diesel,Manual,1.32
2259,Maruti Suzuki,Slavia,2024,2,84675,1997,130.5,18.7,2,CNG,Automatic,5.48
2260,Kia,Sonet,2025,1,5114,1598,129.7,24.7,3,Petrol,Automatic,6.34
2261,Renault,Fortuner,2020,6,137699,1497,103.8,11.7,1,Petrol,Manual,1.93
2262,Jeep,XUV 3XO,2019,7,144744,1598,110.5,19.8,2,Petrol,Manual,2.19
2263,Skoda,Bolero,2025,1,53729,2198,166.9,15.7,1,Petrol,Automatic,7.86
2264,Kia,Fortuner,2019,7,63461,1498,114.5,22.1,1,Petrol,Automatic,3.03
2265,Renault,Urban Cruiser Hyryder,2022,4,75548,2198,158.0,12.7,2,Petrol,Manual,3.46
2266,Kia,Magnite,2020,6,58135,998,94.7,10.1,1,Diesel,Manual,2.4
2267,Mahindra,Tiago,2019,7,122448,1956,143.2,11.2,1,Petrol,Automatic,3.12
2268,Maruti Suzuki,Dzire,2017,9,93507,1498,125.3,20.3,2,Diesel,Manual,1.61
2269,Volkswagen,Hector,2024,2,40144,1497,96.9,19.0,1,Petrol,Automatic,4.58
2270,Volkswagen,Amaze,2021,5,114427,1498,117.1,18.3,1,Petrol,Automatic,3.19
2271,Renault,Tiago,2020,6,121031,1497,121.2,12.4,2,Diesel,Manual,2.4
2272,Honda,i20,2020,6,118609,1497,120.2,19.9,1,Petrol,Manual,2.73
2273,Kia,Elevate,2019,7,23629,1199,90.0,15.3,1,Diesel,Manual,2.5
2274,Nissan,Kushaq,2017,9,24178,1997,124.3,13.7,2,CNG,Manual,2.07
2275,Skoda,Venue,2021,5,47164,1498,125.4,12.8,1,Diesel,Automatic,3.86
2276,Nissan,Aura,2021,5,14610,1956,137.7,12.5,3,Petrol,Manual,2.95
2277,Jeep,Celerio,2025,1,44772,1497,95.4,24.4,1,Petrol,Automatic,6.1
2278,Skoda,Punch,2023,3,124520,998,96.6,14.6,1,Diesel,Manual,3.01
2279,Mahindra,Nexon,2022,4,60304,1199,83.5,18.9,3,Petrol,Automatic,3.16
2280,Toyota,Tiago,2019,7,56633,2184,160.6,19.5,1,Petrol,Manual,3.45
2281,Kia,Safari,2019,7,146059,1497,103.2,23.2,1,Petrol,Manual,2.01
2282,Mahindra,Verna,2024,2,68042,1997,151.0,16.0,1,CNG,Automatic,7.17
2283,MG,Scorpio,2023,3,62074,1197,96.0,17.1,1,CNG,Automatic,4.01
2284,Renault,Polo,2019,7,125969,1598,131.7,17.4,2,Petrol,Automatic,2.3
2285,Honda,Punch,2023,3,23235,1197,96.0,21.4,1,Diesel,Manual,3.97
2286,Kia,Grand i10 Nios,2023,3,98884,1199,108.1,11.2,1,Petrol,Manual,3.59
2287,Tata,Tiago,2021,5,157001,1956,152.4,24.5,1,Diesel,Manual,3.33
2288,Volkswagen,Kushaq,2017,9,60718,998,90.0,13.7,1,Diesel,Automatic,1.99
2289,Tata,Creta,2025,1,13869,1997,132.6,10.6,2,CNG,Automatic,6.8
2290,Volkswagen,Elevate,2022,4,95160,1997,136.8,19.4,2,CNG,Automatic,4.88
2291,Toyota,Thar,2024,2,47133,998,71.6,19.9,2,Petrol,Automatic,4.03
2292,Renault,Urban Cruiser Hyryder,2017,9,124758,1197,85.8,16.8,3,Diesel,Manual,1.38
2293,Toyota,i20,2022,4,142965,1497,126.7,13.8,1,Petrol,Manual,3.45
2294,Hyundai,Astor,2020,6,46987,1197,82.2,23.0,1,Petrol,Automatic,2.18
2295,Renault,Harrier,2020,6,13503,1197,90.7,19.5,2,Diesel,Manual,2.2
2296,Tata,Urban Cruiser Hyryder,2017,9,62550,1997,129.2,11.2,1,Petrol,Manual,1.82
2297,Toyota,Creta,2020,6,114122,2198,164.0,15.3,2,Petrol,Manual,3.54
2298,Honda,Compass,2017,9,13500,1997,132.1,22.9,1,Petrol,Manual,2.49
2299,MG,Seltos,2020,6,11288,1598,107.2,12.5,1,Petrol,Manual,3.19
2300,Skoda,Creta,2019,7,105911,1997,142.4,24.9,1,Diesel,Automatic,3.25
2301,Tata,Glanza,2024,2,98393,1498,120.2,12.3,2,Petrol,Manual,4.09
2302,Hyundai,Tiago,2017,9,31093,1497,119.9,13.7,1,Petrol,Manual,1.77
2303,Kia,Nexon,2023,3,132785,1497,119.5,15.2,1,Petrol,Manual,4.19
2304,Toyota,Nexon,2018,8,9229,998,96.6,19.3,1,Petrol,Manual,2.22
2305,Maruti Suzuki,Safari,2024,2,41950,1498,124.7,21.8,1,Petrol,Manual,4.12
2306,Tata,Venue,2017,9,74248,2184,137.9,11.5,1,Petrol,Manual,2.15
2307,Skoda,Verna,2020,6,139900,998,66.5,19.3,1,Diesel,Automatic,2.63
2308,Honda,Baleno,2022,4,134428,2198,141.5,19.3,1,Petrol,Manual,4.07
2309,Toyota,Urban Cruiser Hyryder,2024,2,124746,1497,112.5,13.5,1,Petrol,Automatic,5.42
2310,Nissan,Urban Cruiser Hyryder,2019,7,131677,1498,125.6,18.5,2,Diesel,Manual,2.21
2311,Kia,Sonet,2023,3,75037,1199,106.8,16.0,1,Petrol,Automatic,4.22
2312,Nissan,Grand i10 Nios,2020,6,48247,2184,137.6,17.0,1,Petrol,Manual,2.95
2313,Skoda,Dzire,2023,3,32479,2184,155.3,16.3,1,Diesel,Manual,5.52
2314,Mahindra,Harrier,2022,4,146825,1598,125.9,17.7,1,CNG,Manual,3.91
2315,Skoda,Scorpio,2025,1,34084,998,87.9,10.3,1,Diesel,Manual,4.53
2316,Jeep,Aura,2021,5,8265,1956,152.4,13.0,3,Petrol,Manual,4.08
2317,MG,Magnite,2022,4,147321,1197,81.5,23.4,2,Petrol,Automatic,3.33
2318,Tata,Tiago,2025,1,31536,2184,159.7,14.6,1,Petrol,Manual,6.94
2319,Mahindra,i20,2023,3,113200,2198,134.9,16.6,3,CNG,Manual,4.82
2320,Nissan,Scorpio,2025,1,97765,1199,79.1,15.6,1,Petrol,Manual,3.23
2321,Maruti Suzuki,Wagon R,2018,8,158401,1598,117.7,14.4,1,Petrol,Manual,1.61
2322,Skoda,Punch,2020,6,17600,1498,100.3,20.7,1,Diesel,Automatic,3.48
2323,Mahindra,S-Presso,2020,6,31061,1498,117.7,19.4,2,Diesel,Automatic,3.67
2324,Jeep,Amaze,2020,6,135522,1598,128.2,23.1,1,Petrol,Automatic,3.53
2325,Jeep,Alto K10,2019,7,95638,1997,148.3,18.5,1,Petrol,Manual,3.26
2326,Hyundai,Magnite,2021,5,35244,2184,139.8,13.1,2,Petrol,Automatic,3.96
2327,Kia,Scorpio,2025,1,76500,1197,99.3,17.7,1,Petrol,Automatic,5.06
2328,Volkswagen,Urban Cruiser Hyryder,2020,6,74655,1199,97.9,21.4,1,Petrol,Manual,1.98
2329,MG,Dzire,2024,2,133424,1497,102.0,18.1,1,Diesel,Automatic,4.99
2330,Honda,Amaze,2025,1,18226,1956,127.3,16.2,1,Petrol,Manual,6.43
2331,MG,Compass,2024,2,27293,2198,136.2,20.7,1,CNG,Manual,6.58
2332,Maruti Suzuki,Kiger,2023,3,117028,1498,95.3,16.2,2,Petrol,Automatic,3.77
2333,Honda,i20,2022,4,107983,1197,93.4,13.9,2,Petrol,Manual,2.95
2334,Hyundai,Alto K10,2018,8,41567,998,80.6,20.9,1,CNG,Manual,1.39
2335,Nissan,Astor,2025,1,124055,1498,113.1,11.6,1,Petrol,Automatic,4.43
2336,Volkswagen,Thar,2022,4,28833,2198,143.0,15.6,1,Petrol,Automatic,5.32
2337,Nissan,Bolero,2023,3,14098,1498,112.8,18.3,2,Diesel,Automatic,4.3
2338,Renault,Safari,2018,8,51288,2198,150.0,16.0,1,Petrol,Automatic,2.79
2339,Mahindra,Slavia,2020,6,104689,998,94.1,14.6,1,Petrol,Manual,2.17
2340,Tata,Virtus,2023,3,89068,2198,146.2,10.8,1,Petrol,Manual,4.45
2341,Renault,Venue,2020,6,100898,998,86.2,20.4,1,Petrol,Manual,1.83
2342,Kia,Hector,2025,1,147538,2198,144.4,18.1,1,Petrol,Manual,6.57
2343,Mahindra,Tiago,2020,6,137133,1598,132.5,12.5,2,Petrol,Manual,2.8
2344,Kia,Scorpio,2024,2,137386,2198,165.2,10.2,2,Petrol,Manual,6.07
2345,Tata,Urban Cruiser Hyryder,2023,3,38464,1197,99.6,15.7,1,CNG,Manual,3.54
2346,Jeep,Seltos,2024,2,7824,1956,121.8,11.3,1,Diesel,Manual,6.46
2347,Maruti Suzuki,XUV 3XO,2020,6,57349,1497,106.5,14.1,1,CNG,Manual,2.24
2348,Jeep,i20,2017,9,142073,1956,119.2,20.3,3,Diesel,Manual,2.34
2349,Toyota,Celerio,2018,8,125516,2198,157.1,24.3,1,Petrol,Automatic,2.93
2350,Nissan,Verna,2020,6,76757,2184,146.7,10.2,2,CNG,Automatic,3.5
2351,MG,Swift,2022,4,91270,998,74.2,15.1,1,Petrol,Manual,2.84
2352,Volkswagen,Swift,2021,5,141851,2184,154.0,23.4,1,Petrol,Manual,3.46
2353,Kia,i20,2023,3,106553,1956,152.1,19.0,2,Petrol,Automatic,4.98
2354,Mahindra,i20,2023,3,72749,1498,111.9,19.8,2,Diesel,Manual,4.5
2355,Nissan,Verna,2021,5,17092,2184,140.3,23.4,1,Petrol,Manual,2.93
2356,Hyundai,Celerio,2018,8,109474,1498,127.8,13.7,1,Diesel,Automatic,2.91
2357,Kia,Triber,2021,5,138284,1498,100.0,15.8,2,Petrol,Manual,2.8
2358,Hyundai,Wagon R,2017,9,72035,1997,124.5,18.6,1,Petrol,Manual,2.01
2359,Jeep,Hector,2017,9,99986,1197,77.3,12.0,3,Petrol,Manual,1.39
2360,Toyota,Nexon,2021,5,31206,2184,147.5,23.5,2,Petrol,Automatic,4.7
2361,Maruti Suzuki,Seltos,2017,9,51872,1956,141.4,13.3,1,Petrol,Automatic,2.32
2362,Renault,Grand i10 Nios,2021,5,103257,1497,114.9,10.7,2,Petrol,Manual,2.04
2363,Volkswagen,Punch,2019,7,34182,1199,84.8,15.5,1,Petrol,Manual,2.16
2364,Renault,S-Presso,2021,5,64388,1498,111.8,21.9,1,CNG,Manual,2.79
2365,Mahindra,Kiger,2020,6,128997,2184,165.7,12.5,1,Petrol,Manual,3.65
2366,Kia,Fortuner,2017,9,8782,2198,145.8,22.5,1,Petrol,Manual,2.61
2367,Renault,Thar,2018,8,83927,1598,110.4,17.8,1,CNG,Manual,1.87
2368,Renault,Venue,2020,6,62630,1197,88.2,16.3,1,Petrol,Automatic,2.49
2369,Mahindra,Brezza,2019,7,14336,2184,153.0,19.9,1,Diesel,Automatic,4.21
2370,Tata,XUV 3XO,2024,2,128778,1956,120.6,10.1,2,Diesel,Manual,4.78
2371,Skoda,Urban Cruiser Hyryder,2017,9,128542,1598,108.7,18.4,1,Petrol,Manual,1.54
2372,Honda,Wagon R,2023,3,114447,1497,102.0,10.4,2,Petrol,Manual,3.26
2373,Tata,Grand i10 Nios,2018,8,42097,1497,104.2,24.2,1,Petrol,Automatic,2.23
2374,Maruti Suzuki,Creta,2018,8,71531,1199,91.7,11.4,2,Petrol,Automatic,1.93
2375,MG,i20,2018,8,146580,2198,157.3,24.7,1,Petrol,Automatic,2.87
2376,Nissan,Magnite,2017,9,150423,1997,150.9,22.8,1,Petrol,Automatic,1.91
2377,Hyundai,Triber,2021,5,33765,1199,108.1,22.5,1,Petrol,Automatic,3.17
2378,Hyundai,Fortuner,2024,2,14113,2198,145.4,24.6,3,Diesel,Automatic,6.12
2379,Kia,Bolero,2017,9,131381,2198,135.1,11.3,1,CNG,Manual,2.46
2380,Nissan,Astor,2021,5,108614,2184,140.3,10.4,2,Diesel,Automatic,3.37
2381,Jeep,Alcazar,2019,7,58410,1497,96.0,19.6,1,Diesel,Manual,2.8
2382,Renault,Slavia,2018,8,14227,1497,112.1,10.5,1,CNG,Manual,1.74
2383,Kia,Brezza,2023,3,31309,2184,147.0,14.5,1,Petrol,Automatic,6.16
2384,Jeep,Taigun,2023,3,63849,2198,146.4,16.2,1,Petrol,Automatic,6.37
2385,MG,Glanza,2019,7,159705,1197,111.3,14.8,1,Petrol,Manual,1.63
2386,Toyota,Wagon R,2020,6,50277,2198,166.8,13.1,1,Diesel,Manual,4.49
2387,Hyundai,Polo,2021,5,122982,1956,123.4,11.4,2,Diesel,Manual,3.19
2388,Tata,Punch,2025,1,46098,1199,83.8,23.6,1,Diesel,Manual,4.07
2389,Nissan,Virtus,2025,1,19390,2184,136.8,24.4,1,Diesel,Manual,5.75
2390,Hyundai,Altroz,2020,6,106591,1497,124.2,14.4,1,Petrol,Manual,2.28
2391,Jeep,Nexon,2020,6,149225,1598,123.7,18.9,2,Petrol,Manual,3.02
2392,Skoda,Venue,2024,2,159822,998,71.1,16.9,1,Diesel,Manual,3.67
2393,Hyundai,City,2025,1,138905,2184,134.2,22.4,1,Petrol,Manual,5.61
2394,Skoda,Safari,2025,1,27766,998,89.4,11.8,1,Petrol,Automatic,4.57
2395,MG,Wagon R,2019,7,151543,1197,89.6,20.9,1,Petrol,Automatic,2.11
2396,Renault,City,2018,8,143157,1956,140.1,20.1,2,Petrol,Manual,2.02
2397,Hyundai,Polo,2023,3,25613,2184,131.8,11.7,2,Petrol,Automatic,5.18
2398,Kia,Venue,2018,8,71941,2198,158.8,15.9,1,Petrol,Manual,2.86
2399,Honda,Urban Cruiser Hyryder,2024,2,64858,1497,124.2,11.2,2,CNG,Manual,4.76
2400,Nissan,Brezza,2018,8,57095,1997,121.1,23.5,1,Petrol,Automatic,2.53
2401,Jeep,Altroz,2020,6,37943,2184,150.0,24.4,1,Petrol,Manual,3.6
2402,Nissan,City,2025,1,41533,1498,118.2,24.1,2,Petrol,Automatic,4.64
2403,Hyundai,Taigun,2018,8,151496,1997,153.5,18.5,2,Petrol,Automatic,2.85
2404,Mahindra,Kiger,2018,8,121709,1598,102.1,19.1,1,Petrol,Manual,1.79
2405,Renault,Wagon R,2017,9,128433,2184,139.7,20.7,1,Petrol,Automatic,2.02
2406,Honda,Dzire,2024,2,147716,2198,148.6,18.7,1,Petrol,Manual,5.11
2407,Maruti Suzuki,Triber,2021,5,59994,2198,165.6,12.7,1,Petrol,Automatic,4.38
2408,Volkswagen,Glanza,2017,9,15365,1997,122.3,24.2,1,Petrol,Manual,1.92
2409,Honda,Celerio,2023,3,96306,1199,96.8,24.9,1,Petrol,Automatic,4.0
2410,Skoda,Glanza,2025,1,79369,1956,149.6,10.3,1,Petrol,Manual,6.73
2411,Nissan,Tiago,2023,3,78155,1498,126.5,19.4,2,Petrol,Automatic,3.67
2412,MG,Amaze,2025,1,105245,1199,103.3,23.6,1,Diesel,Manual,4.94
2413,Tata,Verna,2019,7,62900,998,86.8,24.8,1,CNG,Manual,2.15
2414,Volkswagen,Aura,2020,6,34600,2198,132.8,22.8,1,Petrol,Automatic,3.99
2415,Maruti Suzuki,Scorpio,2024,2,90928,1498,104.1,13.5,1,CNG,Manual,3.68
2416,Honda,Punch,2021,5,57808,1199,111.3,21.0,1,Petrol,Manual,2.59
2417,Nissan,Astor,2024,2,67970,2184,150.2,10.3,1,Diesel,Manual,5.38
2418,Skoda,Aura,2025,1,22927,2184,148.4,13.2,1,Petrol,Manual,7.08
2419,Mahindra,XUV 3XO,2021,5,9223,1498,121.3,24.2,1,CNG,Manual,3.98
2420,Honda,Carens,2025,1,94225,1199,101.0,21.0,2,Petrol,Manual,4.1
2421,Jeep,Creta,2017,9,14259,1199,98.5,24.4,2,Diesel,Manual,1.92
2422,Skoda,Sonet,2020,6,86070,1997,137.9,15.1,1,Petrol,Automatic,3.93
2423,Kia,Urban Cruiser Hyryder,2018,8,46706,2198,142.0,10.4,1,Petrol,Automatic,3.52
2424,Mahindra,Seltos,2023,3,154515,1497,122.0,11.0,1,Diesel,Manual,4.15
2425,Skoda,Wagon R,2023,3,21419,1956,123.6,17.1,1,Petrol,Automatic,5.62
2426,Skoda,Alcazar,2019,7,97328,1598,101.4,17.1,2,Petrol,Manual,1.96
2427,Maruti Suzuki,Taigun,2023,3,115668,1997,151.3,17.6,1,CNG,Automatic,5.0
2428,Honda,Dzire,2022,4,42760,1497,104.5,15.0,1,Diesel,Automatic,4.44
2429,Honda,Glanza,2025,1,32753,998,84.1,14.7,1,Petrol,Automatic,4.53
2430,Toyota,Tiago,2025,1,29229,1956,131.7,10.0,1,Diesel,Manual,7.53
2431,Jeep,Punch,2021,5,35458,998,94.1,11.6,1,Petrol,Manual,3.0
2432,Skoda,Taigun,2017,9,75712,1498,114.4,10.8,1,Petrol,Manual,1.62
2433,Volkswagen,Nexon,2018,8,93727,1197,91.5,22.3,1,Petrol,Manual,1.36
2434,Kia,Urban Cruiser Hyryder,2022,4,141795,2198,143.7,10.6,2,Petrol,Manual,3.95
2435,MG,City,2023,3,84453,1197,110.5,12.6,2,Diesel,Automatic,4.57
2436,Skoda,Grand i10 Nios,2017,9,120577,1997,134.9,23.8,2,Petrol,Automatic,2.72
2437,Renault,Tiago,2021,5,94679,2184,158.9,19.2,1,Diesel,Manual,3.39
2438,Toyota,Tiago,2024,2,99350,1197,97.9,21.2,1,Petrol,Manual,4.51
2439,Renault,Harrier,2021,5,143558,1598,107.8,22.3,3,CNG,Manual,2.56
2440,Honda,Magnite,2022,4,75857,1498,113.9,17.4,1,CNG,Automatic,3.9
2441,Volkswagen,Swift,2022,4,133019,1956,129.8,10.9,2,Diesel,Automatic,4.51
2442,Mahindra,Innova Crysta,2025,1,93325,1497,112.7,21.7,1,Petrol,Automatic,6.24
2443,Maruti Suzuki,XUV 3XO,2019,7,32609,1598,106.4,19.5,1,Petrol,Manual,1.89
2444,Jeep,Harrier,2025,1,159786,998,75.4,23.2,2,CNG,Manual,3.86
2445,Maruti Suzuki,Nexon,2023,3,141831,1598,127.7,19.4,1,Petrol,Automatic,4.25
2446,Tata,Kwid,2022,4,109834,1956,129.8,16.2,1,Petrol,Manual,3.76
2447,Volkswagen,Scorpio,2022,4,158809,1497,116.4,21.8,3,Petrol,Manual,2.64
2448,Mahindra,Kiger,2019,7,138766,2184,138.3,22.9,1,Petrol,Automatic,3.0
2449,Tata,Innova Crysta,2025,1,11526,2198,139.9,20.2,2,CNG,Manual,6.81
2450,Volkswagen,Kushaq,2022,4,19942,998,68.5,21.2,2,Diesel,Manual,2.93
2451,Toyota,Sonet,2017,9,108563,1197,80.7,13.4,1,Petrol,Manual,1.45
2452,Toyota,Fortuner,2023,3,116984,1997,144.0,17.0,2,Petrol,Manual,5.16
2453,Maruti Suzuki,Thar,2017,9,153169,1956,129.0,15.5,1,Diesel,Manual,2.03
2454,MG,Scorpio,2020,6,59893,1598,117.9,18.0,1,Petrol,Manual,3.14
2455,Hyundai,Harrier,2021,5,42193,1197,86.9,22.7,1,Petrol,Manual,2.45
2456,Jeep,Safari,2021,5,155477,2184,139.2,18.5,1,Diesel,Automatic,4.81
2457,Jeep,Magnite,2018,8,146804,1199,110.6,10.4,1,Diesel,Automatic,2.84
2458,MG,Carens,2025,1,122141,1997,151.5,17.0,2,Petrol,Automatic,6.91
2459,Skoda,Alcazar,2023,3,6452,1497,101.8,22.8,3,Petrol,Manual,3.95
2460,Skoda,Polo,2023,3,19574,1197,80.8,12.2,2,Petrol,Automatic,3.79
2461,Skoda,Baleno,2017,9,98755,2198,135.4,14.7,1,Petrol,Manual,2.02
2462,Toyota,Astor,2018,8,91283,2198,141.4,23.7,1,Petrol,Manual,2.59
2463,Maruti Suzuki,Seltos,2020,6,14841,2198,143.9,15.4,1,Petrol,Manual,2.92
2464,Skoda,Virtus,2025,1,36680,1199,77.3,10.0,2,Diesel,Automatic,4.89
2465,MG,Venue,2019,7,144950,1497,118.3,12.6,1,CNG,Automatic,2.61
2466,Jeep,Wagon R,2023,3,36717,2198,137.5,10.1,1,Petrol,Automatic,6.56
2467,Nissan,Elevate,2022,4,26900,2184,161.3,14.0,1,CNG,Manual,3.93
2468,Toyota,Slavia,2022,4,16370,998,86.7,20.3,1,Diesel,Automatic,4.09
2469,Tata,Safari,2018,8,55940,2198,161.8,17.6,1,Petrol,Manual,2.86
2470,Toyota,Fortuner,2021,5,33940,1997,149.8,11.1,3,Petrol,Manual,3.91
2471,Skoda,Kiger,2024,2,42780,2184,158.4,14.3,1,Petrol,Manual,6.07
2472,Renault,Grand i10 Nios,2025,1,14422,1956,137.5,14.8,2,Petrol,Manual,5.33
2473,Nissan,Thar,2022,4,122066,1956,145.2,16.1,1,Petrol,Automatic,3.97
2474,Toyota,Kwid,2017,9,134611,1498,98.5,11.0,2,Petrol,Manual,1.86
2475,Toyota,Safari,2022,4,59442,1956,134.6,14.1,1,Diesel,Manual,5.26
2476,Tata,Nexon,2017,9,126472,1497,104.6,21.1,3,Petrol,Automatic,1.45
2477,Toyota,Baleno,2024,2,71706,1598,105.5,22.4,1,Diesel,Automatic,5.8
2478,Nissan,Creta,2021,5,125172,1498,109.6,24.7,2,Petrol,Manual,2.06
2479,Skoda,Polo,2023,3,86954,2198,136.3,13.3,1,Diesel,Manual,5.07
2480,Jeep,Sonet,2019,7,11264,2184,158.6,19.5,2,Petrol,Manual,3.32
2481,Renault,Tiago,2017,9,128771,998,89.9,16.8,1,Petrol,Manual,1.25
2482,Hyundai,Nexon,2017,9,61288,1997,123.3,22.7,2,Petrol,Manual,1.9
2483,Hyundai,Scorpio,2018,8,64307,2198,154.6,10.3,2,Diesel,Automatic,3.1
2484,Skoda,Swift,2020,6,136861,1199,99.0,22.2,1,Petrol,Automatic,2.66
2485,Kia,Baleno,2020,6,102491,1197,106.5,19.2,2,Petrol,Automatic,2.49
2486,Kia,Astor,2022,4,127205,1598,126.8,22.8,2,Diesel,Manual,3.57
2487,Volkswagen,Verna,2020,6,139408,1997,124.6,20.7,3,Petrol,Manual,2.31
2488,Renault,Elevate,2019,7,75166,1197,94.5,16.6,1,CNG,Manual,1.76
2489,Mahindra,Sonet,2023,3,92147,1498,95.9,21.0,2,Petrol,Automatic,4.2
2490,MG,Carens,2025,1,143028,2198,136.8,17.4,2,Diesel,Manual,6.4
2491,Renault,Glanza,2024,2,146559,1199,94.0,19.8,1,Petrol,Manual,2.92
2492,Hyundai,Seltos,2021,5,141253,1956,126.8,12.1,1,Diesel,Manual,3.36
2493,Jeep,Innova Crysta,2023,3,51177,1598,104.6,21.0,3,Petrol,Automatic,4.37
2494,Mahindra,Verna,2021,5,112185,1598,113.7,15.5,2,Diesel,Manual,3.38
2495,Skoda,Glanza,2024,2,135805,1199,107.0,22.3,1,Petrol,Manual,3.69
2496,Tata,Carens,2018,8,85865,1498,93.3,16.5,2,Petrol,Manual,1.38
2497,Tata,Alcazar,2018,8,90578,998,98.7,17.0,3,Diesel,Automatic,2.33
2498,Volkswagen,Thar,2021,5,38764,1497,127.7,20.5,1,Petrol,Manual,3.15
2499,Mahindra,Scorpio,2020,6,6893,1498,112.2,19.7,1,Diesel,Manual,3.51
2500,Jeep,Kwid,2020,6,156406,1997,128.9,14.7,1,Petrol,Automatic,3.27
2501,Hyundai,Thar,2017,9,77293,1498,117.7,16.5,1,Petrol,Automatic,2.11
2502,Toyota,Aura,2020,6,49813,1956,127.8,10.7,1,Petrol,Manual,3.21
2503,Toyota,Nexon,2019,7,125113,1497,121.6,21.3,3,Petrol,Manual,2.46
2504,Jeep,Triber,2019,7,111542,2184,135.5,13.3,1,CNG,Manual,3.45
2505,Tata,Slavia,2019,7,36151,998,82.3,22.7,1,CNG,Automatic,2.65
2506,Hyundai,City,2019,7,122478,2184,157.0,17.0,3,Petrol,Manual,2.84
2507,Mahindra,Alto K10,2017,9,147192,2184,163.6,20.0,2,CNG,Manual,2.12
2508,Jeep,City,2022,4,33517,1997,143.5,12.2,2,Petrol,Manual,5.01
2509,Kia,Compass,2018,8,64228,2184,145.9,12.4,1,Petrol,Manual,2.55
2510,Tata,Alcazar,2020,6,89643,998,72.1,19.3,1,Diesel,Automatic,2.76
2511,Volkswagen,City,2022,4,140515,2184,147.0,23.4,1,Petrol,Automatic,4.4
2512,Skoda,Amaze,2019,7,151547,998,88.4,18.4,1,CNG,Manual,2.02
2513,Mahindra,Swift,2022,4,22684,1498,108.2,12.7,3,Diesel,Manual,3.92
2514,Honda,Slavia,2020,6,115654,1997,122.3,13.6,3,Petrol,Manual,2.82
2515,Nissan,Elevate,2018,8,67372,2184,133.3,18.2,1,Diesel,Automatic,2.43
2516,Renault,Celerio,2021,5,104142,2184,150.3,13.0,1,Diesel,Manual,3.53
2517,Mahindra,Verna,2021,5,148933,1197,83.6,12.1,2,Diesel,Manual,2.47
2518,Hyundai,Kwid,2018,8,135062,1598,125.7,14.9,1,CNG,Automatic,2.22
2519,MG,Astor,2025,1,17859,2184,147.0,20.4,1,Petrol,Manual,7.71
2520,Volkswagen,Carens,2018,8,81867,1956,135.6,19.5,1,Petrol,Manual,2.18
2521,Jeep,Kushaq,2023,3,42231,1956,130.9,16.4,2,Diesel,Manual,5.44
2522,Tata,Taigun,2017,9,155380,1956,141.0,13.1,2,Petrol,Automatic,2.36
2523,Kia,Grand i10 Nios,2019,7,86557,2198,140.7,16.7,2,Diesel,Manual,2.98
2524,Maruti Suzuki,Altroz,2022,4,157244,2184,163.9,19.0,2,Petrol,Manual,3.7
2525,Honda,Nexon,2019,7,104482,1997,133.0,17.1,1,Petrol,Manual,2.52
2526,Maruti Suzuki,Seltos,2020,6,47502,2198,141.6,14.6,1,CNG,Manual,2.96
2527,Renault,Taigun,2018,8,130916,1598,117.8,23.5,2,CNG,Manual,1.53
2528,Nissan,i20,2018,8,35868,2198,133.5,25.0,1,Petrol,Manual,1.9
2529,Mahindra,Swift,2017,9,66218,1997,125.5,24.9,1,Petrol,Manual,1.86
2530,Mahindra,Sonet,2024,2,62806,1497,96.1,19.2,1,Diesel,Manual,5.07
2531,Honda,Slavia,2021,5,84712,2184,164.3,10.0,1,Diesel,Manual,4.02
2532,Renault,Brezza,2024,2,99651,1197,77.1,22.0,1,Petrol,Manual,2.9
2533,Nissan,Amaze,2020,6,138406,1197,98.2,16.1,1,Diesel,Manual,1.86
2534,Nissan,Sonet,2018,8,135695,1598,111.9,10.3,1,Petrol,Manual,1.32
2535,Skoda,Fortuner,2025,1,51256,998,69.4,16.3,1,Petrol,Automatic,4.19
2536,Nissan,Punch,2021,5,134623,1497,101.6,21.9,1,Diesel,Manual,2.4
2537,Renault,XUV700,2018,8,65641,1997,133.4,15.9,2,Diesel,Manual,2.43
2538,Maruti Suzuki,Virtus,2023,3,54860,1197,80.6,21.2,2,Petrol,Automatic,3.33
2539,Jeep,Hector,2023,3,73542,1997,146.7,17.9,1,Petrol,Manual,5.39
2540,Maruti Suzuki,Creta,2018,8,96866,1956,119.8,22.3,3,Petrol,Manual,1.51
2541,Jeep,Sonet,2018,8,99836,2198,158.0,19.5,2,Petrol,Manual,2.72
2542,Toyota,Kushaq,2021,5,95282,1997,132.4,16.0,3,Diesel,Manual,4.19
2543,Skoda,S-Presso,2017,9,139505,1199,84.1,23.9,1,Diesel,Automatic,2.16
2544,Kia,Amaze,2025,1,67982,1598,103.9,21.2,2,Diesel,Automatic,5.71
2545,Tata,S-Presso,2019,7,14911,1997,140.9,16.5,2,Petrol,Manual,2.31
2546,Renault,Aura,2017,9,56203,1598,100.4,10.9,2,Petrol,Automatic,1.53
2547,Maruti Suzuki,Slavia,2024,2,134313,2198,133.1,20.6,1,Petrol,Manual,4.42
2548,Kia,Compass,2021,5,83523,1498,104.2,15.9,1,Petrol,Manual,3.03
2549,Honda,XUV 3XO,2025,1,114739,998,89.1,20.6,1,Petrol,Manual,3.6
2550,Honda,Grand i10 Nios,2024,2,12452,1598,132.6,19.8,1,Petrol,Automatic,5.76
2551,Mahindra,i20,2024,2,110693,1997,132.8,11.1,1,Petrol,Automatic,6.4
2552,Hyundai,Hector,2021,5,41962,2198,144.6,13.4,1,Diesel,Automatic,4.88
2553,Toyota,Brezza,2025,1,147143,1997,146.5,17.8,2,Petrol,Automatic,6.87
2554,Kia,Elevate,2025,1,142218,2184,134.2,20.2,3,Petrol,Automatic,6.01
2555,Toyota,Hector,2020,6,5474,1956,130.9,11.0,1,Petrol,Automatic,4.13
2556,Tata,Sonet,2025,1,40985,1498,111.5,24.4,1,Petrol,Manual,5.24
2557,Honda,Taigun,2017,9,16161,1997,132.0,13.4,1,Petrol,Manual,1.88
2558,MG,Innova Crysta,2021,5,89702,2198,132.5,11.2,2,CNG,Automatic,4.25
2559,MG,Amaze,2025,1,5979,1498,95.5,21.0,1,Petrol,Manual,5.85
2560,MG,Celerio,2017,9,99722,2184,135.8,17.0,1,Petrol,Manual,2.11
2561,Kia,Hector,2018,8,13514,1497,105.2,14.7,1,Petrol,Manual,1.87
2562,Tata,Creta,2025,1,106303,1956,128.3,12.6,3,CNG,Manual,5.26
2563,Nissan,Slavia,2020,6,31327,1199,77.0,10.6,2,Petrol,Automatic,2.21
2564,Mahindra,Wagon R,2025,1,55685,1199,91.1,10.1,2,Petrol,Automatic,5.1
2565,MG,Alcazar,2017,9,129278,2184,162.7,13.9,1,Diesel,Manual,2.78
2566,Volkswagen,Magnite,2023,3,24960,1598,99.0,20.2,1,Petrol,Manual,3.85
2567,Jeep,Polo,2021,5,77694,998,78.5,18.5,1,Petrol,Manual,2.12
2568,Toyota,Baleno,2021,5,83601,2198,146.9,19.8,1,CNG,Manual,4.38
2569,Tata,Seltos,2021,5,149955,1497,95.1,12.9,1,Petrol,Manual,2.74
2570,Tata,Hector,2024,2,26132,1598,121.4,11.3,1,Diesel,Automatic,5.68
2571,Kia,Nexon,2022,4,156865,1956,141.9,18.4,3,Petrol,Manual,3.6
2572,Skoda,Sonet,2018,8,41006,1497,108.1,21.5,1,Diesel,Automatic,3.09
2573,Honda,Verna,2022,4,141591,1199,92.9,14.0,2,Diesel,Manual,2.94
2574,Nissan,Seltos,2019,7,9231,1498,108.6,11.1,1,Diesel,Manual,2.52
2575,MG,Sonet,2021,5,83196,1956,151.4,14.3,2,Petrol,Manual,3.67
2576,Tata,Compass,2017,9,28041,1497,113.9,15.3,2,Petrol,Automatic,2.36
2577,Hyundai,Tiago,2025,1,50106,1498,122.1,12.0,1,Petrol,Manual,4.93
2578,Mahindra,Safari,2019,7,13219,1956,148.2,10.2,2,Diesel,Manual,3.15
2579,Mahindra,Wagon R,2018,8,64673,2198,144.4,20.3,2,Petrol,Manual,2.35
2580,Honda,Swift,2018,8,114087,2184,137.8,14.8,1,Petrol,Manual,2.35
2581,Skoda,Safari,2018,8,133640,1956,126.9,12.8,1,Petrol,Automatic,2.61
2582,Honda,i20,2020,6,136731,2198,136.4,20.3,1,Diesel,Manual,3.45
2583,Hyundai,Compass,2019,7,132739,1956,149.2,17.7,1,Petrol,Automatic,3.02
2584,Volkswagen,Amaze,2017,9,138224,1598,133.6,17.0,1,Petrol,Manual,1.92
2585,Jeep,Innova Crysta,2022,4,30554,1197,110.8,22.2,1,Petrol,Manual,3.66
2586,Kia,Venue,2021,5,99734,2184,146.4,17.1,1,Petrol,Manual,3.84
2587,Tata,Grand i10 Nios,2024,2,65540,1197,82.1,13.4,1,Petrol,Manual,3.26
2588,MG,S-Presso,2021,5,146093,1598,106.4,24.0,1,Diesel,Automatic,4.04
2589,Renault,Dzire,2022,4,14589,1197,77.9,11.1,1,Petrol,Manual,2.36
2590,MG,Kiger,2023,3,54054,1956,123.4,23.4,3,Petrol,Manual,4.51
2591,Honda,City,2018,8,17191,1956,122.6,15.4,2,Petrol,Manual,2.21
2592,Hyundai,XUV700,2022,4,135935,1997,133.4,12.1,3,Petrol,Automatic,3.56
2593,Hyundai,City,2024,2,79412,1197,77.0,16.7,2,Diesel,Automatic,4.22
2594,Maruti Suzuki,Innova Crysta,2017,9,112009,1598,112.9,24.9,1,CNG,Manual,1.47
2595,Jeep,Kwid,2017,9,118567,1997,121.2,24.7,1,Petrol,Automatic,2.21
2596,Tata,Brezza,2017,9,21466,1197,84.6,21.7,2,Petrol,Automatic,1.52
2597,Mahindra,Harrier,2021,5,67415,1199,103.5,18.0,1,Petrol,Manual,2.83
2598,Honda,Urban Cruiser Hyryder,2022,4,145217,1997,132.0,14.0,1,Petrol,Manual,4.06
2599,Skoda,Urban Cruiser Hyryder,2017,9,7905,2198,159.4,19.6,2,Petrol,Manual,2.51
2600,Volkswagen,XUV700,2025,1,144158,2198,148.0,23.3,1,Petrol,Manual,6.54
2601,Kia,Amaze,2017,9,52794,1199,105.1,14.8,1,Diesel,Manual,1.58
2602,Tata,Compass,2024,2,114746,1498,97.0,19.5,1,CNG,Automatic,4.41
2603,Nissan,Polo,2018,8,5073,1598,116.1,16.6,1,Petrol,Manual,1.87
2604,Jeep,Tiago,2021,5,119991,1997,151.7,15.9,1,Petrol,Automatic,4.69
2605,Honda,Alto K10,2020,6,140922,1199,103.0,17.8,1,Petrol,Manual,1.81
2606,Hyundai,Glanza,2021,5,9818,1497,117.5,15.6,2,Petrol,Automatic,3.13
2607,Mahindra,Taigun,2022,4,97647,2198,166.4,14.8,3,Petrol,Manual,4.38
2608,Volkswagen,S-Presso,2025,1,88398,1498,107.2,10.4,1,Diesel,Manual,5.56
2609,Honda,i20,2025,1,106132,1498,97.7,23.5,2,Diesel,Manual,4.89
2610,MG,i20,2023,3,37335,2198,153.9,19.8,1,Petrol,Automatic,6.08
2611,MG,Amaze,2020,6,49055,998,87.5,15.5,2,Diesel,Manual,2.52
2612,Mahindra,Elevate,2021,5,141411,1199,85.1,21.1,1,Diesel,Automatic,3.52
2613,Honda,Triber,2023,3,52954,2198,160.4,19.9,2,Petrol,Manual,5.43
2614,Skoda,City,2022,4,40158,1197,106.2,19.1,1,Diesel,Automatic,3.7
2615,Tata,Glanza,2024,2,21255,1956,150.1,10.4,1,Petrol,Manual,5.61
2616,Nissan,Harrier,2020,6,119778,1956,146.6,21.6,1,Petrol,Manual,2.2
2617,MG,Innova Crysta,2018,8,39775,2198,158.8,23.6,1,Diesel,Automatic,4.0
2618,Honda,Harrier,2025,1,52725,1497,120.8,13.3,2,Petrol,Manual,5.07
2619,Hyundai,Innova Crysta,2017,9,64618,1197,83.5,12.8,1,Diesel,Manual,2.0
2620,Kia,Venue,2022,4,76735,1956,137.6,22.1,1,CNG,Automatic,4.72
2621,Kia,Verna,2017,9,25060,1197,94.4,10.4,2,Petrol,Manual,1.67
2622,Honda,Glanza,2025,1,149619,1197,99.2,23.1,3,CNG,Manual,3.94
2623,Hyundai,Tiago,2024,2,35076,1997,139.9,20.5,3,Petrol,Manual,5.44
2624,MG,Altroz,2020,6,70839,1997,149.7,15.3,1,CNG,Manual,3.39
2625,Kia,Thar,2021,5,136813,1956,125.7,18.0,1,Petrol,Manual,3.56
2626,Kia,Creta,2024,2,48340,998,72.4,19.9,2,Diesel,Manual,3.39
2627,Nissan,Safari,2020,6,36860,2184,131.8,15.7,3,Diesel,Manual,2.66
2628,Tata,Kiger,2025,1,111597,998,86.9,13.5,1,Petrol,Manual,3.29
2629,Maruti Suzuki,Swift,2022,4,99203,1199,98.0,15.0,1,Petrol,Manual,2.43
2630,Toyota,i20,2018,8,144117,1997,126.3,23.0,1,Petrol,Manual,2.6
2631,Kia,Urban Cruiser Hyryder,2022,4,138683,1956,121.6,17.4,2,Diesel,Manual,3.77
2632,Tata,Baleno,2018,8,60566,1498,127.4,11.8,2,Petrol,Manual,1.52
2633,Mahindra,Seltos,2018,8,150605,2198,134.3,10.5,1,Petrol,Automatic,2.77
2634,Maruti Suzuki,Venue,2022,4,42676,1197,99.5,23.0,1,Petrol,Automatic,3.1
2635,Renault,Harrier,2023,3,21223,2198,140.7,11.6,3,CNG,Manual,4.41
2636,Toyota,XUV 3XO,2018,8,64066,1956,122.3,20.4,1,Petrol,Manual,2.32
2637,Toyota,Celerio,2025,1,22161,1497,97.8,20.5,1,Petrol,Automatic,6.55
2638,MG,Baleno,2021,5,27973,1598,111.8,24.3,1,Diesel,Manual,3.83
2639,Jeep,Bolero,2020,6,110903,1197,84.9,14.8,1,CNG,Manual,2.22
2640,Maruti Suzuki,Sonet,2018,8,73518,1199,98.9,15.8,2,Petrol,Manual,1.61
2641,Kia,Fortuner,2017,9,132376,1997,145.0,15.1,2,Petrol,Manual,1.66
2642,Volkswagen,Taigun,2022,4,90208,2184,133.7,23.2,2,Petrol,Manual,4.04
2643,Mahindra,Hector,2019,7,85301,1497,127.8,16.3,1,Petrol,Automatic,2.64
2644,Renault,Elevate,2019,7,30268,1199,92.0,17.3,2,Petrol,Automatic,1.92
2645,Honda,Astor,2021,5,111636,1199,83.2,14.7,1,Petrol,Manual,2.56
2646,Jeep,Wagon R,2019,7,57866,1997,149.2,23.1,1,Diesel,Automatic,3.68
2647,Skoda,XUV 3XO,2017,9,65811,2198,161.7,24.1,1,Petrol,Automatic,2.79
2648,Toyota,S-Presso,2019,7,68366,1497,118.2,20.4,1,Diesel,Manual,3.07
2649,Honda,Grand i10 Nios,2024,2,121594,1956,132.8,14.3,1,Diesel,Manual,5.2
2650,Skoda,Celerio,2020,6,7667,2198,140.2,16.1,2,Diesel,Manual,3.54
2651,Skoda,Scorpio,2023,3,107313,1197,86.4,11.7,1,Petrol,Manual,3.45
2652,Honda,Swift,2019,7,62820,1997,140.9,24.4,1,Petrol,Manual,2.78
2653,Jeep,Urban Cruiser Hyryder,2018,8,115950,1598,125.9,11.9,1,CNG,Automatic,2.72
2654,MG,Elevate,2023,3,69478,1498,115.1,15.1,1,Petrol,Manual,4.49
2655,Mahindra,Punch,2024,2,108227,1197,91.0,12.5,1,Petrol,Manual,3.98
2656,Skoda,Safari,2019,7,96490,1497,125.8,19.7,1,Petrol,Automatic,2.85
2657,Maruti Suzuki,Amaze,2021,5,119975,2198,161.2,14.4,2,CNG,Manual,3.53
2658,Tata,Fortuner,2024,2,85114,1598,110.2,22.1,1,CNG,Automatic,5.19
2659,Toyota,Celerio,2021,5,76752,1956,148.2,23.4,2,Petrol,Automatic,4.65
2660,Volkswagen,Punch,2022,4,11537,1197,84.6,16.5,1,Petrol,Automatic,3.23
2661,Renault,Swift,2021,5,15958,1997,155.8,10.8,1,Petrol,Manual,3.38
2662,Toyota,Triber,2017,9,28537,1199,94.9,21.1,1,Diesel,Manual,2.09
2663,Tata,Amaze,2018,8,137385,1199,81.0,17.1,1,Petrol,Manual,1.59
2664,Renault,Virtus,2021,5,13579,1199,108.8,10.5,1,Petrol,Automatic,2.91
2665,Jeep,Virtus,2020,6,53188,1199,106.6,19.8,2,Petrol,Manual,2.7
2666,Kia,XUV700,2025,1,40082,1199,81.6,11.5,1,Diesel,Automatic,5.01
2667,MG,Dzire,2020,6,97216,1956,145.4,16.0,1,Petrol,Automatic,3.63
2668,Kia,Alcazar,2025,1,83101,1956,137.3,13.9,1,Petrol,Automatic,6.71
2669,Volkswagen,Aura,2020,6,131313,2198,134.1,23.3,1,Petrol,Manual,3.0
2670,Skoda,Altroz,2025,1,96373,1956,145.6,23.9,1,Diesel,Manual,6.65
2671,Nissan,S-Presso,2025,1,109928,1956,147.4,20.5,1,Petrol,Automatic,5.65
2672,Kia,Sonet,2024,2,34667,998,69.1,13.9,2,Diesel,Manual,3.62
2673,Nissan,Altroz,2024,2,63316,1956,134.5,12.9,2,Petrol,Manual,4.16
2674,MG,Brezza,2023,3,129022,1956,131.5,20.3,1,Petrol,Manual,4.74
2675,Jeep,XUV 3XO,2023,3,101785,1997,155.9,11.8,1,CNG,Manual,5.37
2676,Jeep,Baleno,2018,8,93993,1498,107.7,10.6,1,Petrol,Manual,2.36
2677,Jeep,Alto K10,2024,2,12511,998,81.1,24.8,2,Petrol,Manual,3.55
2678,Honda,XUV 3XO,2023,3,38985,1498,102.4,21.5,1,Petrol,Manual,3.95
2679,Honda,Thar,2025,1,97531,1199,81.3,10.8,2,Petrol,Manual,3.79
2680,Nissan,Compass,2021,5,29931,1956,138.8,22.8,1,CNG,Manual,3.06
2681,Honda,Safari,2019,7,119917,1598,112.6,19.2,1,Petrol,Manual,2.15
2682,Renault,Scorpio,2017,9,126302,1197,99.7,23.3,1,CNG,Manual,1.63
2683,Tata,Harrier,2022,4,100376,1956,133.0,24.0,1,Diesel,Manual,3.88
2684,Kia,Innova Crysta,2019,7,119983,1498,109.2,22.6,1,CNG,Manual,2.22
2685,Nissan,Venue,2019,7,94295,1498,114.9,10.7,1,Petrol,Automatic,2.55
2686,Volkswagen,Hector,2021,5,97023,998,98.4,23.1,1,Petrol,Manual,2.4
2687,Honda,Alcazar,2020,6,103167,1498,127.2,11.3,1,Petrol,Automatic,3.23
2688,Kia,Dzire,2024,2,104577,998,86.1,17.0,2,Petrol,Automatic,4.15
2689,Honda,Dzire,2025,1,55535,1956,145.7,19.1,1,Petrol,Manual,6.18
2690,MG,Elevate,2019,7,28761,2184,150.4,16.5,1,Petrol,Manual,3.28
2691,Skoda,Innova Crysta,2020,6,129601,1199,111.5,20.2,1,Petrol,Manual,2.22
2692,Honda,Aura,2021,5,132551,1598,108.7,21.7,1,Petrol,Manual,3.07
2693,Renault,XUV 3XO,2017,9,110020,1197,77.0,22.0,1,Petrol,Automatic,1.41
2694,Kia,Amaze,2024,2,58583,1498,97.5,14.2,1,Petrol,Manual,4.42
2695,Tata,Taigun,2020,6,119592,998,81.1,23.4,2,Petrol,Manual,1.46
2696,Mahindra,Safari,2021,5,76753,2184,163.8,20.8,1,Petrol,Manual,4.34
2697,Mahindra,Kushaq,2017,9,51498,1598,100.8,16.4,1,Petrol,Manual,1.94
2698,Tata,Carens,2022,4,120221,1199,78.0,21.0,1,CNG,Automatic,3.02
2699,Tata,Urban Cruiser Hyryder,2018,8,10807,1598,104.5,10.7,1,Diesel,Automatic,2.48
2700,Nissan,Swift,2019,7,151624,1197,93.8,22.4,1,CNG,Manual,1.85
2701,Volkswagen,Scorpio,2022,4,133335,1997,137.2,22.2,1,Petrol,Manual,3.61
2702,Kia,Creta,2020,6,19655,1199,84.6,18.2,1,Petrol,Manual,2.11
2703,Toyota,Alto K10,2020,6,137333,2184,152.5,24.5,2,Petrol,Manual,3.31
2704,Kia,Polo,2020,6,97066,1498,103.5,19.3,3,Diesel,Manual,2.37
2705,MG,Scorpio,2020,6,42634,1997,126.4,20.0,1,Diesel,Manual,3.65
2706,Kia,Elevate,2020,6,101433,1197,81.9,14.0,2,Diesel,Manual,2.65
2707,Mahindra,Nexon,2022,4,33524,1956,140.1,16.5,3,Diesel,Automatic,5.41
2708,Jeep,Alcazar,2025,1,20416,1497,122.6,22.3,1,Petrol,Manual,5.98
2709,Jeep,Innova Crysta,2023,3,30305,1497,94.8,10.1,1,CNG,Manual,4.74
2710,Renault,Thar,2024,2,79234,1997,137.0,13.4,1,Petrol,Manual,4.61
2711,Honda,Scorpio,2021,5,42217,1199,82.0,20.2,1,Diesel,Manual,2.68
2712,Mahindra,Carens,2025,1,48185,1197,106.9,14.8,1,Petrol,Manual,5.18
2713,Nissan,Alto K10,2024,2,36354,1956,129.7,16.7,2,Diesel,Automatic,5.09
2714,Volkswagen,Virtus,2024,2,35035,998,78.4,18.6,3,Petrol,Manual,3.48
2715,Toyota,Brezza,2019,7,86996,1199,101.4,20.4,1,CNG,Manual,2.43
2716,Kia,Triber,2017,9,9696,1497,96.8,12.3,1,Petrol,Automatic,2.37
2717,Skoda,Dzire,2020,6,137494,1598,119.5,11.7,1,Petrol,Manual,2.85
2718,Kia,Magnite,2025,1,150925,1498,114.8,10.6,1,Diesel,Automatic,5.68
2719,Hyundai,Urban Cruiser Hyryder,2023,3,110774,2184,161.9,12.2,3,Diesel,Manual,4.63
2720,Toyota,Safari,2018,8,44462,2184,140.3,12.2,1,Petrol,Manual,3.06
2721,Mahindra,Urban Cruiser Hyryder,2023,3,124950,1498,95.0,15.6,1,Petrol,Manual,3.53
2722,Honda,Sonet,2017,9,89530,1498,104.3,23.8,2,CNG,Manual,1.64
2723,Maruti Suzuki,Slavia,2020,6,90804,1997,137.4,24.4,2,CNG,Automatic,3.21
2724,Mahindra,Verna,2020,6,137964,1497,115.6,17.0,1,Petrol,Manual,2.6
2725,Maruti Suzuki,i20,2024,2,5049,1598,99.0,16.6,1,Diesel,Manual,4.42
2726,Renault,Venue,2023,3,52059,1497,120.0,14.7,1,Diesel,Manual,3.43
2727,Kia,Punch,2017,9,126102,1598,113.9,24.8,2,Petrol,Manual,1.73
2728,Maruti Suzuki,Creta,2025,1,81057,1956,142.5,21.1,1,Diesel,Automatic,6.55
2729,Nissan,XUV700,2025,1,135223,1199,96.3,13.2,2,Petrol,Manual,3.1
2730,Toyota,Triber,2020,6,147217,1498,107.5,21.7,2,Petrol,Manual,2.39
2731,Mahindra,Baleno,2023,3,66116,1497,96.6,23.9,1,Petrol,Automatic,4.23
2732,Tata,Innova Crysta,2021,5,132910,1956,121.3,18.4,2,Petrol,Automatic,3.19
2733,Honda,Urban Cruiser Hyryder,2019,7,96100,1598,116.8,14.3,1,CNG,Manual,2.7
2734,Honda,Compass,2022,4,120936,1497,106.4,21.6,3,Diesel,Manual,3.21
2735,Maruti Suzuki,Venue,2024,2,24098,998,68.6,22.2,1,Petrol,Manual,3.09
2736,Mahindra,Kushaq,2018,8,148811,2198,151.9,14.3,2,Diesel,Manual,2.87
2737,MG,Alcazar,2021,5,57146,2198,134.7,21.0,1,Petrol,Automatic,4.52
2738,Honda,XUV700,2021,5,94821,2184,147.5,19.4,1,Petrol,Manual,3.95
2739,Honda,Carens,2024,2,112516,1497,93.4,21.2,1,Petrol,Manual,3.91
2740,Maruti Suzuki,Kushaq,2020,6,129263,1598,133.2,17.8,2,Petrol,Manual,2.15
2741,Mahindra,Tiago,2021,5,51684,1498,93.6,24.5,1,Diesel,Manual,3.14
2742,Skoda,Baleno,2024,2,150554,1497,119.9,23.2,1,Petrol,Automatic,4.99
2743,Skoda,Harrier,2024,2,142826,1997,146.2,21.9,1,Petrol,Manual,5.12
2744,Toyota,XUV700,2021,5,120941,998,65.6,16.2,1,CNG,Manual,2.42
2745,Kia,Compass,2023,3,140302,998,78.1,16.7,1,Petrol,Manual,2.99
2746,Mahindra,Astor,2020,6,132667,998,96.5,11.8,2,Diesel,Manual,2.54
2747,Skoda,Creta,2024,2,146309,1498,97.9,20.7,1,CNG,Manual,4.31
2748,Volkswagen,Scorpio,2024,2,77178,1197,93.6,19.2,1,Petrol,Manual,4.04
2749,Toyota,S-Presso,2024,2,116018,1498,99.3,14.1,1,Diesel,Manual,4.78
2750,Kia,Kiger,2025,1,96473,998,73.5,10.9,1,Petrol,Manual,3.59
2751,Nissan,Triber,2024,2,118543,1199,84.6,22.7,1,Petrol,Automatic,3.43
2752,Jeep,i20,2021,5,80187,1498,111.7,16.2,1,Petrol,Automatic,3.49
2753,Tata,Glanza,2017,9,121579,1956,122.4,22.2,1,Petrol,Manual,1.96
2754,Hyundai,Celerio,2022,4,38840,1197,104.7,22.8,1,Diesel,Automatic,3.42
2755,Volkswagen,Wagon R,2019,7,119216,1956,126.8,18.4,1,Petrol,Manual,2.28
2756,Nissan,Aura,2017,9,90985,1956,129.5,17.9,2,Petrol,Manual,1.29
2757,Maruti Suzuki,Virtus,2021,5,139423,2198,151.8,10.4,1,Petrol,Automatic,3.83
2758,Kia,Amaze,2021,5,43058,1498,119.9,15.9,2,Diesel,Automatic,3.85
2759,Renault,Triber,2021,5,137735,1997,145.9,14.8,2,Petrol,Manual,2.89
2760,Renault,Swift,2022,4,15415,1497,111.8,13.5,2,Diesel,Manual,3.41
2761,Mahindra,XUV 3XO,2021,5,157902,1197,77.2,17.3,1,Petrol,Automatic,2.56
2762,Skoda,S-Presso,2022,4,23717,1498,103.7,23.2,3,Petrol,Manual,3.16
2763,Maruti Suzuki,Wagon R,2017,9,126133,2184,136.0,22.6,1,Petrol,Automatic,2.14
2764,Renault,Kwid,2025,1,78754,1956,138.1,14.1,3,Diesel,Manual,5.2
2765,Mahindra,Virtus,2020,6,84778,1199,78.1,11.2,2,Petrol,Automatic,2.87
2766,Kia,Bolero,2021,5,83297,2184,153.6,10.3,2,Diesel,Manual,4.16
2767,Tata,Magnite,2024,2,109520,1497,105.6,18.2,1,Petrol,Automatic,4.54
2768,Maruti Suzuki,Innova Crysta,2025,1,117030,1598,120.9,10.5,1,Petrol,Manual,4.52
2769,Hyundai,Slavia,2023,3,69950,2184,139.0,10.1,1,Petrol,Manual,4.72
2770,Jeep,Baleno,2025,1,66836,998,91.4,12.1,1,Diesel,Manual,4.85
2771,Honda,City,2023,3,45432,1497,96.7,17.0,2,Diesel,Manual,4.05
2772,Volkswagen,Elevate,2023,3,103118,1956,152.2,13.0,1,Diesel,Manual,4.89
2773,Volkswagen,Tiago,2017,9,27023,1197,84.1,20.9,1,Petrol,Manual,1.25
2774,Volkswagen,Thar,2018,8,139236,1497,123.0,19.2,1,Petrol,Manual,1.61
2775,Renault,Celerio,2024,2,54661,1498,97.5,25.0,1,CNG,Manual,3.94
2776,Toyota,Kushaq,2024,2,24919,1498,101.5,14.6,2,Petrol,Manual,5.29
2777,Skoda,Hector,2019,7,96524,1497,96.5,19.5,1,Petrol,Manual,2.15
2778,Toyota,Magnite,2021,5,8804,1199,91.4,15.1,1,Petrol,Automatic,3.73
2779,Hyundai,Aura,2019,7,89820,1997,131.7,11.7,2,Petrol,Automatic,2.9
2780,Volkswagen,Safari,2022,4,123767,1498,119.3,24.4,2,Petrol,Automatic,3.49
2781,Nissan,Kwid,2025,1,71931,1498,117.2,10.4,1,Petrol,Manual,4.48
2782,Skoda,Alcazar,2025,1,109510,1956,119.9,21.9,1,Petrol,Manual,5.6
2783,Kia,Grand i10 Nios,2025,1,13551,998,91.4,21.6,1,Petrol,Automatic,4.93
2784,Tata,Taigun,2025,1,125905,2184,131.6,15.0,1,Petrol,Manual,5.52
2785,Nissan,Harrier,2019,7,114434,2184,143.9,17.2,1,Diesel,Automatic,2.99
2786,Kia,Compass,2020,6,151465,1497,99.2,13.0,2,Petrol,Manual,2.53
2787,Nissan,Taigun,2022,4,20025,998,93.0,12.3,1,Diesel,Manual,2.66
2788,Toyota,Safari,2024,2,127703,998,93.5,24.3,2,Petrol,Manual,3.71
2789,Volkswagen,Safari,2019,7,113444,1997,147.9,12.5,1,Petrol,Manual,3.02
2790,Volkswagen,Dzire,2024,2,5147,2184,145.6,16.6,1,Petrol,Manual,6.5
2791,MG,Swift,2020,6,82925,1997,133.4,13.7,1,Petrol,Manual,3.07
2792,Jeep,Magnite,2020,6,106672,1997,136.6,18.6,1,Diesel,Automatic,4.22
2793,Toyota,Creta,2020,6,106521,998,76.7,11.2,1,CNG,Manual,2.47
2794,Jeep,Scorpio,2021,5,63327,1997,147.6,15.8,1,Petrol,Automatic,4.43
2795,Tata,Grand i10 Nios,2018,8,122748,1598,116.9,11.6,1,Petrol,Manual,1.99
2796,Volkswagen,i20,2020,6,122246,1956,142.2,20.6,2,Petrol,Manual,3.1
2797,MG,Alto K10,2024,2,17106,1956,140.9,18.4,1,Petrol,Automatic,6.78
2798,MG,Celerio,2018,8,88444,1997,155.2,18.9,1,Petrol,Manual,2.91
2799,Maruti Suzuki,Brezza,2019,7,39513,998,79.4,17.5,1,Diesel,Manual,1.91
2800,Nissan,Sonet,2023,3,68627,998,66.7,23.8,1,CNG,Automatic,3.16
2801,Mahindra,i20,2018,8,153296,2184,143.6,20.2,1,Petrol,Manual,2.77
2802,Jeep,Punch,2021,5,7763,2198,158.3,15.8,1,Petrol,Manual,4.99
2803,Renault,Thar,2017,9,104549,1598,106.4,24.4,1,Diesel,Automatic,2.19
2804,Hyundai,Amaze,2019,7,64265,1997,140.2,22.2,1,Petrol,Manual,2.9
2805,MG,Venue,2024,2,106812,1498,125.0,24.2,1,Petrol,Manual,4.66
2806,Tata,Alto K10,2019,7,45898,2184,150.4,11.2,3,Diesel,Automatic,3.33
2807,Jeep,XUV 3XO,2025,1,41441,1197,111.4,16.7,1,CNG,Automatic,5.98
2808,Jeep,Celerio,2024,2,154889,1199,78.3,21.4,2,Diesel,Manual,3.59
2809,Jeep,Bolero,2023,3,52966,1197,103.8,20.9,1,Petrol,Automatic,4.4
2810,Nissan,Kiger,2017,9,144938,2184,134.8,14.0,1,CNG,Manual,1.67
2811,Renault,Bolero,2025,1,146931,1197,89.7,10.2,1,Diesel,Manual,3.77
2812,Jeep,Brezza,2021,5,119506,998,94.5,21.6,1,Petrol,Manual,2.55
2813,Volkswagen,Aura,2018,8,97960,1199,108.5,21.9,2,Diesel,Manual,2.18
2814,Skoda,XUV700,2025,1,42066,1497,116.1,12.2,1,Petrol,Manual,5.34
2815,Skoda,Grand i10 Nios,2024,2,84273,1498,94.0,14.1,2,Petrol,Manual,4.12
2816,Nissan,Virtus,2020,6,81244,1498,118.2,22.4,1,Diesel,Automatic,3.12
2817,Honda,Triber,2018,8,155626,998,93.0,24.7,3,Petrol,Manual,1.43
2818,MG,Brezza,2021,5,93698,1199,90.3,19.0,2,Diesel,Manual,2.52
2819,Tata,Scorpio,2023,3,17134,1598,104.3,22.6,1,Petrol,Automatic,4.43
2820,Maruti Suzuki,Urban Cruiser Hyryder,2020,6,59893,1498,124.0,13.0,1,Diesel,Automatic,3.06
2821,Nissan,Verna,2023,3,59722,1498,113.9,16.0,1,Petrol,Automatic,3.47
2822,Kia,Triber,2023,3,18524,1956,133.5,17.8,1,Petrol,Manual,5.37
2823,Skoda,S-Presso,2020,6,20025,2184,162.2,21.0,2,Petrol,Manual,3.75
2824,Jeep,Harrier,2017,9,79727,1598,110.0,23.7,2,Petrol,Automatic,2.19
2825,Volkswagen,Triber,2025,1,141094,1498,119.8,15.4,1,Petrol,Manual,4.97
2826,Jeep,Carens,2017,9,129095,1956,136.0,10.7,2,Petrol,Automatic,2.48
2827,Honda,Creta,2020,6,145532,1199,90.5,22.3,2,Petrol,Manual,1.71
2828,Renault,Nexon,2017,9,21342,1997,139.1,12.4,3,CNG,Manual,2.18
2829,Mahindra,Verna,2024,2,101234,1498,101.4,20.4,1,Diesel,Automatic,5.07
2830,Kia,Compass,2019,7,7567,998,97.0,14.0,1,Petrol,Manual,1.92
2831,Tata,i20,2019,7,76795,1497,112.7,11.6,2,Diesel,Manual,2.41
2832,Nissan,Compass,2023,3,124244,2198,141.9,14.0,1,Diesel,Manual,4.27
2833,MG,Innova Crysta,2020,6,79197,1197,103.2,18.0,2,Diesel,Manual,2.85
2834,Kia,Aura,2023,3,23895,1497,101.7,20.6,1,Petrol,Manual,4.04
2835,MG,Tiago,2019,7,157654,2184,133.0,12.5,1,Petrol,Manual,2.86
2836,Nissan,Fortuner,2022,4,16124,2198,163.3,16.5,2,Petrol,Manual,3.97
2837,Honda,Grand i10 Nios,2024,2,23508,1497,125.2,11.5,2,Petrol,Manual,4.63
2838,Renault,i20,2017,9,91810,1956,137.4,23.0,2,Petrol,Manual,1.44
2839,Volkswagen,Aura,2017,9,122681,2198,159.1,14.5,1,Petrol,Manual,2.05
2840,Volkswagen,Nexon,2019,7,46678,1956,132.6,10.9,1,Petrol,Manual,3.08
2841,Tata,Alcazar,2025,1,97306,1497,99.4,14.4,1,Petrol,Manual,4.73
2842,Renault,Tiago,2022,4,82818,1997,130.7,10.9,1,Petrol,Automatic,3.73
2843,Nissan,Verna,2018,8,96856,2198,155.6,17.9,1,CNG,Manual,2.27
2844,Mahindra,Alcazar,2017,9,22841,1956,120.4,14.2,1,Petrol,Manual,2.45
2845,Mahindra,Brezza,2021,5,76459,2198,132.8,10.4,1,Petrol,Automatic,4.46
2846,Maruti Suzuki,Alto K10,2021,5,117370,1197,108.4,24.3,1,Petrol,Automatic,2.72
2847,Hyundai,Taigun,2025,1,128391,2198,151.2,20.0,3,Petrol,Manual,5.9
2848,Volkswagen,Virtus,2025,1,120172,2198,162.7,22.0,1,Petrol,Automatic,7.08
2849,Mahindra,Tiago,2022,4,120913,1498,96.6,21.7,1,Petrol,Automatic,3.84
2850,Volkswagen,Seltos,2025,1,15583,1598,127.5,10.7,3,Diesel,Manual,6.02
2851,Kia,Safari,2023,3,73964,1598,117.3,24.8,1,Petrol,Manual,4.2
2852,Mahindra,Bolero,2019,7,21519,2184,145.9,22.1,1,Diesel,Automatic,3.94
2853,Kia,Innova Crysta,2021,5,144286,1997,145.0,15.3,1,Petrol,Manual,3.35
2854,Skoda,Thar,2017,9,129913,1498,110.6,15.1,1,Petrol,Manual,1.55
2855,Nissan,Venue,2024,2,130009,1997,147.8,24.6,1,Petrol,Automatic,4.57
2856,Toyota,Baleno,2020,6,69851,1199,91.4,12.3,3,Petrol,Automatic,2.8
2857,Volkswagen,Celerio,2017,9,16454,1197,82.7,14.7,1,Petrol,Manual,1.69
2858,Volkswagen,Fortuner,2024,2,158464,2184,132.5,13.8,3,Diesel,Manual,4.74
2859,Hyundai,Amaze,2021,5,126704,2184,165.1,11.4,2,Petrol,Manual,3.7
2860,Nissan,Fortuner,2025,1,42366,2198,144.9,19.5,1,Petrol,Automatic,6.08
2861,MG,Seltos,2022,4,89334,998,91.7,10.4,1,Petrol,Automatic,3.32
2862,Nissan,Swift,2019,7,151236,2198,165.0,18.5,2,Petrol,Manual,2.45
2863,Kia,Compass,2018,8,63961,2184,162.4,10.8,2,Petrol,Automatic,3.33
2864,Hyundai,Urban Cruiser Hyryder,2019,7,75359,1498,108.4,11.8,2,Diesel,Manual,2.61
2865,MG,Creta,2025,1,84037,1956,127.8,14.2,1,Petrol,Automatic,7.03
2866,Skoda,Baleno,2020,6,97131,2198,151.8,24.9,1,CNG,Manual,3.63
2867,Honda,Compass,2025,1,109410,1956,140.0,11.1,1,Petrol,Automatic,6.68
2868,MG,City,2018,8,119805,1199,101.2,21.7,1,Petrol,Manual,1.91
2869,Skoda,Taigun,2022,4,84722,998,94.1,16.3,1,Petrol,Manual,2.49
2870,Toyota,Innova Crysta,2018,8,83105,1497,126.6,13.3,2,Petrol,Automatic,2.48
2871,Jeep,Innova Crysta,2025,1,88011,2184,140.9,11.1,1,Petrol,Automatic,7.91
2872,Jeep,Alto K10,2021,5,12319,1498,97.5,14.7,2,Diesel,Manual,3.54
2873,Volkswagen,Safari,2018,8,81164,1498,113.6,14.0,1,Petrol,Manual,1.75
2874,Volkswagen,Glanza,2022,4,103993,2198,144.1,22.5,1,Diesel,Manual,4.22
2875,Maruti Suzuki,Kiger,2025,1,10753,1197,97.8,21.6,2,Petrol,Manual,4.08
2876,Jeep,Virtus,2025,1,73508,1497,106.1,18.6,1,Diesel,Manual,6.06
2877,Skoda,Tiago,2018,8,71952,1598,110.2,13.2,1,Petrol,Manual,1.75
2878,Renault,Celerio,2023,3,113376,1498,102.2,13.6,1,Diesel,Manual,3.48
2879,Maruti Suzuki,S-Presso,2022,4,108544,1497,95.5,24.9,2,Petrol,Manual,2.64
2880,Mahindra,Magnite,2025,1,73524,1197,106.1,22.5,1,Petrol,Automatic,5.55
2881,Volkswagen,Venue,2024,2,159177,1956,138.8,11.8,1,Petrol,Manual,4.92
2882,Maruti Suzuki,Thar,2022,4,28203,1498,114.7,10.2,1,Petrol,Manual,3.44
2883,MG,Polo,2023,3,137867,1997,147.6,21.1,1,Diesel,Manual,5.12
2884,Renault,Polo,2024,2,38579,1497,103.7,20.1,1,CNG,Manual,3.58
2885,Tata,Grand i10 Nios,2024,2,126695,1199,91.5,18.5,1,Petrol,Manual,3.41
2886,Hyundai,Thar,2018,8,104098,1497,113.8,22.2,2,Diesel,Manual,2.01
2887,Kia,Compass,2022,4,47003,1997,121.5,10.7,1,Petrol,Manual,4.27
2888,Mahindra,Kiger,2023,3,65208,1199,94.6,13.2,1,Petrol,Manual,3.9
2889,Kia,Kiger,2020,6,14439,2184,149.0,24.0,2,Diesel,Manual,3.71
2890,Maruti Suzuki,Seltos,2023,3,22212,1197,78.4,17.6,1,Diesel,Manual,3.15
2891,Kia,Seltos,2018,8,124469,1497,106.3,18.3,1,Diesel,Automatic,2.42
2892,Nissan,Aura,2020,6,57233,1197,94.4,12.9,1,Diesel,Manual,2.17
2893,Nissan,Creta,2025,1,20046,1956,126.8,18.8,3,Petrol,Manual,4.66
2894,Toyota,Glanza,2022,4,135298,1497,94.1,23.9,1,Petrol,Manual,3.4
2895,Maruti Suzuki,Swift,2019,7,68230,2184,160.9,19.9,2,Petrol,Manual,2.82
2896,Renault,i20,2020,6,48029,998,86.5,17.5,3,CNG,Manual,1.94
2897,Volkswagen,Alcazar,2020,6,45672,1997,151.8,15.1,1,Petrol,Manual,3.57
2898,Kia,Swift,2020,6,69283,1598,101.2,11.4,1,Diesel,Manual,3.12
2899,Mahindra,Kiger,2017,9,114054,998,76.7,17.8,1,Petrol,Manual,1.32
2900,Jeep,Scorpio,2018,8,20168,1498,103.0,14.7,1,CNG,Manual,2.45
2901,Tata,Bolero,2022,4,28664,998,97.2,23.2,1,Petrol,Automatic,3.43
2902,Kia,Swift,2017,9,27189,1497,94.6,13.3,1,CNG,Manual,2.18
2903,Volkswagen,Tiago,2017,9,87274,2198,163.3,11.9,1,Petrol,Automatic,2.41
2904,Nissan,Taigun,2018,8,55987,1598,130.0,11.9,2,Petrol,Manual,1.84
2905,Hyundai,Tiago,2024,2,96706,1498,98.0,12.4,2,Petrol,Manual,3.86
2906,Tata,Alcazar,2020,6,58599,1598,126.8,17.3,1,Diesel,Manual,2.95
2907,Maruti Suzuki,XUV700,2017,9,90553,1497,104.5,21.6,1,Petrol,Manual,1.44
2908,Volkswagen,Fortuner,2019,7,127915,1956,146.1,19.2,1,CNG,Manual,2.64
2909,Jeep,Nexon,2023,3,122364,1598,123.0,14.4,1,Diesel,Manual,4.37
2910,Kia,Bolero,2023,3,107427,2198,162.6,14.9,1,Petrol,Automatic,6.06
2911,Mahindra,Sonet,2024,2,14425,2198,166.4,20.6,1,Diesel,Automatic,7.83
2912,Honda,S-Presso,2020,6,157682,1598,122.9,16.6,1,Diesel,Manual,3.06
2913,MG,Compass,2018,8,153200,1956,136.3,10.9,1,Petrol,Automatic,2.61
2914,Kia,Safari,2022,4,79551,2198,155.3,17.1,3,Petrol,Manual,4.61
2915,Skoda,Taigun,2023,3,137702,998,87.7,18.4,1,Diesel,Manual,3.13
2916,MG,Verna,2023,3,13506,1997,147.3,11.1,1,Petrol,Manual,5.67
2917,Honda,Punch,2022,4,152935,2184,160.0,13.4,1,Petrol,Manual,4.35
2918,Volkswagen,Glanza,2017,9,81107,2184,149.9,21.9,1,Petrol,Manual,2.16
2919,Hyundai,S-Presso,2018,8,149608,1598,131.0,20.2,2,Petrol,Manual,1.89
2920,Mahindra,Alcazar,2018,8,135160,1498,119.0,14.7,2,Petrol,Manual,2.05
2921,Honda,Baleno,2022,4,140736,1197,110.3,11.7,2,CNG,Automatic,3.41
2922,Honda,i20,2025,1,75178,2184,155.9,12.0,1,Petrol,Manual,7.18
2923,MG,Scorpio,2021,5,108683,1997,155.4,24.4,1,Petrol,Manual,3.98
2924,Volkswagen,Bolero,2019,7,78117,1997,124.3,12.5,1,Petrol,Manual,2.83
2925,Honda,Innova Crysta,2018,8,58726,1997,123.9,13.6,1,Petrol,Automatic,2.72
2926,Skoda,Amaze,2023,3,7559,2184,131.5,21.9,1,Diesel,Automatic,6.2
2927,Jeep,Wagon R,2024,2,109824,1997,155.5,13.1,2,Petrol,Manual,6.04
2928,Nissan,S-Presso,2022,4,148878,1498,102.5,12.7,1,Petrol,Manual,2.73
2929,Jeep,Virtus,2019,7,144040,1197,101.8,16.5,1,Petrol,Manual,1.86
2930,MG,Polo,2020,6,60402,998,76.9,11.7,3,Petrol,Automatic,2.61
2931,Maruti Suzuki,Alcazar,2023,3,20470,1997,150.1,16.5,1,Diesel,Manual,5.02
2932,Tata,Brezza,2023,3,49209,1498,124.0,14.9,2,Diesel,Manual,3.93
2933,Nissan,S-Presso,2019,7,35795,1497,124.9,23.1,2,Petrol,Automatic,2.19
2934,Tata,Punch,2018,8,12131,1956,142.9,23.3,2,Petrol,Automatic,2.88
2935,Jeep,Seltos,2023,3,138621,998,69.8,24.8,1,Petrol,Automatic,3.1
2936,Honda,S-Presso,2017,9,42418,1997,136.6,22.6,1,Diesel,Manual,2.5
2937,Hyundai,City,2017,9,30105,1598,114.9,20.4,1,Diesel,Automatic,2.59
2938,Nissan,Harrier,2020,6,36975,1199,88.0,23.0,1,Petrol,Automatic,2.08
2939,Honda,Brezza,2019,7,123981,998,96.4,23.0,1,Petrol,Manual,1.44
2940,Honda,Urban Cruiser Hyryder,2025,1,73494,998,82.7,12.6,1,Petrol,Manual,4.16
2941,Skoda,Bolero,2025,1,102502,998,70.8,24.7,1,Petrol,Automatic,3.89
2942,Hyundai,Baleno,2024,2,72538,1197,108.9,23.3,1,Diesel,Manual,3.92
2943,Skoda,Magnite,2017,9,21378,1197,105.2,11.1,1,Diesel,Automatic,2.62
2944,Tata,Punch,2019,7,148527,998,98.9,18.4,3,Petrol,Automatic,1.65
2945,Jeep,Taigun,2023,3,84647,1956,140.3,21.9,2,Petrol,Automatic,5.46
2946,Mahindra,Fortuner,2025,1,17216,2198,149.7,17.1,1,Petrol,Manual,8.08
2947,Tata,Baleno,2025,1,131915,1497,112.0,13.7,2,Petrol,Manual,4.14
2948,Renault,Aura,2022,4,28085,1497,114.6,21.0,1,Petrol,Manual,3.14
2949,Skoda,Harrier,2025,1,20200,1197,96.2,19.5,3,Petrol,Automatic,5.27
2950,Tata,Triber,2024,2,78367,2184,137.1,18.9,3,Diesel,Manual,5.48
2951,Tata,Baleno,2018,8,21930,1197,77.8,14.4,3,CNG,Manual,1.47
2952,Honda,Thar,2018,8,125492,1497,111.0,13.5,2,Petrol,Manual,1.42
2953,Mahindra,Verna,2017,9,13975,2198,160.6,17.8,1,Diesel,Manual,2.84
2954,Jeep,Magnite,2025,1,111306,1598,125.2,16.2,1,Petrol,Manual,5.78
2955,Jeep,Kushaq,2018,8,47969,998,84.9,16.3,1,Petrol,Manual,1.77
2956,Renault,Punch,2020,6,23545,998,78.8,14.4,1,Petrol,Automatic,2.3
2957,Skoda,Seltos,2020,6,140901,1598,130.9,15.3,2,Petrol,Manual,2.59
2958,Toyota,Verna,2024,2,159050,1497,119.8,15.1,1,Petrol,Automatic,5.1
2959,Jeep,Tiago,2019,7,116353,1997,141.2,24.3,1,CNG,Manual,2.97
2960,Maruti Suzuki,Aura,2017,9,90002,1197,93.9,12.0,1,Petrol,Manual,1.47
2961,Maruti Suzuki,Triber,2025,1,10004,1199,102.8,21.0,1,Petrol,Automatic,4.63
2962,Maruti Suzuki,Punch,2021,5,144896,998,95.1,18.8,2,Petrol,Automatic,2.66
2963,Skoda,Swift,2021,5,129364,998,86.5,18.0,3,Diesel,Manual,2.5
2964,Nissan,Kushaq,2018,8,125635,1997,150.6,23.8,1,Petrol,Automatic,2.41
2965,Jeep,Aura,2020,6,6000,1956,142.0,24.7,2,Diesel,Automatic,4.11
2966,Tata,Alcazar,2020,6,140391,1498,117.8,14.2,1,Petrol,Automatic,2.89
2967,Honda,Seltos,2018,8,93098,998,84.4,11.0,1,Petrol,Manual,1.71
2968,Hyundai,Wagon R,2019,7,97050,1956,150.0,11.8,1,Diesel,Manual,2.95
2969,Nissan,S-Presso,2021,5,12071,1598,106.1,18.1,1,Petrol,Manual,2.84
2970,Jeep,Verna,2020,6,28969,1497,106.0,23.0,1,Petrol,Manual,2.69
2971,Jeep,Seltos,2021,5,58374,1498,99.4,14.6,2,Petrol,Automatic,3.25
2972,Volkswagen,Innova Crysta,2018,8,6296,1199,80.9,14.6,1,Petrol,Manual,1.37
2973,Skoda,Venue,2019,7,8332,1497,113.8,18.5,1,Petrol,Automatic,2.87
2974,Kia,Grand i10 Nios,2021,5,15786,1997,146.2,13.2,2,Diesel,Manual,4.28
2975,Hyundai,Aura,2020,6,36968,2198,157.3,14.6,1,Petrol,Manual,3.31
2976,Kia,Swift,2019,7,148191,2184,137.0,12.3,1,Petrol,Manual,2.56
2977,Tata,i20,2018,8,134680,2198,161.7,10.3,1,Petrol,Manual,1.98
2978,Honda,City,2020,6,53557,1598,116.1,18.3,1,Petrol,Manual,2.54
2979,Honda,Brezza,2019,7,41294,1497,104.3,24.7,3,CNG,Manual,2.48
2980,Tata,Bolero,2021,5,10310,2184,149.8,18.4,1,Petrol,Automatic,4.03
2981,Jeep,Magnite,2021,5,131600,1956,145.6,20.6,2,Diesel,Manual,4.01
2982,Mahindra,Kushaq,2017,9,92218,1997,147.9,16.1,3,Diesel,Manual,2.06
2983,MG,Creta,2021,5,39915,1598,101.4,15.3,2,CNG,Manual,3.21
2984,Tata,Amaze,2022,4,62285,1197,88.3,16.6,3,Petrol,Manual,2.45
2985,Tata,Kushaq,2018,8,145857,1498,112.7,11.5,2,Petrol,Automatic,1.99
2986,Nissan,Alcazar,2018,8,107112,1956,132.0,22.2,1,Diesel,Manual,2.11
2987,Honda,Swift,2021,5,153774,2184,134.0,19.4,1,Diesel,Automatic,4.39
2988,Tata,Sonet,2020,6,11463,2198,134.9,13.3,1,CNG,Manual,3.3
2989,MG,Creta,2025,1,114475,1598,120.3,13.7,2,CNG,Manual,5.81
2990,Maruti Suzuki,Altroz,2023,3,123092,2184,136.9,20.5,3,Petrol,Manual,4.01
2991,Maruti Suzuki,Tiago,2024,2,21166,2184,163.6,14.9,1,Petrol,Automatic,6.08
2992,MG,Bolero,2018,8,46359,1199,95.5,10.3,2,Petrol,Manual,2.01
2993,MG,Elevate,2022,4,39902,1956,144.3,13.2,2,Diesel,Manual,4.93
2994,MG,Innova Crysta,2021,5,78610,998,78.5,12.5,1,Petrol,Manual,2.4
2995,Toyota,Scorpio,2023,3,91508,1598,102.7,14.6,3,Diesel,Manual,4.48
2996,Honda,Thar,2023,3,64375,1598,99.6,15.9,1,Petrol,Manual,4.2
2997,Maruti Suzuki,Astor,2024,2,146780,1956,137.4,13.2,1,Petrol,Manual,4.57
2998,MG,Carens,2024,2,144948,1197,78.6,11.5,2,CNG,Manual,3.73
2999,Nissan,Taigun,2021,5,33215,2184,149.7,21.4,1,Diesel,Manual,3.56
3000,Hyundai,Altroz,2018,8,78215,2184,143.2,16.0,2,Petrol,Automatic,2.79
3001,Kia,Scorpio,2021,5,50489,1199,92.3,18.8,1,Petrol,Manual,2.79
3002,MG,Seltos,2020,6,62545,1199,77.2,15.7,1,Petrol,Automatic,2.93
3003,Hyundai,Brezza,2017,9,68812,1598,127.3,22.3,1,Petrol,Manual,1.84
3004,Renault,Swift,2022,4,118086,1197,102.4,15.3,3,Petrol,Automatic,2.61
3005,Honda,Nexon,2017,9,31971,1497,120.3,15.6,3,CNG,Automatic,2.5
3006,Nissan,Wagon R,2022,4,144185,1956,141.8,24.6,3,Petrol,Manual,3.16
3007,Toyota,XUV 3XO,2017,9,61546,998,76.2,23.2,1,Diesel,Manual,1.78
3008,Mahindra,XUV700,2020,6,11560,998,91.3,13.8,2,Diesel,Manual,2.58
3009,Mahindra,Sonet,2024,2,110386,1497,95.2,17.5,1,Petrol,Automatic,5.21
3010,Renault,Aura,2022,4,136150,1956,121.8,14.6,2,Petrol,Manual,3.14
3011,Volkswagen,Nexon,2020,6,135362,1598,112.9,14.3,2,Petrol,Manual,2.56
3012,Hyundai,Taigun,2019,7,100617,998,65.6,15.3,1,Petrol,Automatic,1.7
3013,Nissan,Safari,2019,7,56155,998,93.0,15.6,3,Diesel,Manual,1.85
3014,Toyota,Venue,2018,8,132470,1199,103.8,11.9,2,CNG,Manual,1.99
3015,MG,Sonet,2018,8,147698,1497,101.3,19.2,1,Diesel,Manual,2.01
3016,Maruti Suzuki,i20,2024,2,45199,1997,147.0,23.0,1,Diesel,Automatic,6.07
3017,Maruti Suzuki,Compass,2025,1,56338,1199,105.4,12.2,1,Petrol,Manual,4.21
3018,Toyota,Verna,2019,7,8077,1497,99.8,19.6,1,Petrol,Manual,2.82
3019,Volkswagen,Elevate,2022,4,84233,1498,106.1,21.5,2,CNG,Manual,3.52
3020,Nissan,Carens,2021,5,144617,1197,81.1,16.2,1,Diesel,Manual,2.11
3021,Nissan,Alto K10,2017,9,112971,2184,149.6,10.4,2,Petrol,Automatic,2.33
3022,Maruti Suzuki,City,2022,4,77093,2184,147.7,17.4,1,Petrol,Manual,4.06
3023,Mahindra,XUV700,2019,7,112715,1497,110.2,22.9,2,Diesel,Automatic,3.26
3024,Hyundai,Virtus,2025,1,16860,1197,91.6,18.1,2,Diesel,Manual,4.53
3025,Renault,Alcazar,2024,2,54249,2184,160.0,18.9,1,Petrol,Manual,5.09
3026,Hyundai,Celerio,2021,5,126128,1956,128.4,23.3,2,Petrol,Automatic,3.48
3027,Renault,Creta,2021,5,103159,1497,99.7,11.0,1,Petrol,Manual,1.94
3028,Maruti Suzuki,Tiago,2021,5,149723,1199,92.7,18.0,2,Diesel,Manual,2.14
3029,Hyundai,S-Presso,2025,1,104834,1199,86.0,16.3,1,Diesel,Manual,4.12
3030,Skoda,Creta,2025,1,44452,1497,123.1,19.9,2,Petrol,Manual,5.61
3031,Maruti Suzuki,Altroz,2023,3,114519,1997,150.0,16.5,1,Diesel,Automatic,5.28
3032,Tata,Celerio,2023,3,128563,2184,131.8,24.0,1,Petrol,Manual,4.43
3033,Tata,Swift,2023,3,156866,1199,77.9,11.0,1,CNG,Manual,2.85
3034,Skoda,Glanza,2022,4,6801,998,74.2,18.2,1,Petrol,Manual,2.51
3035,Hyundai,Altroz,2022,4,119580,1199,87.5,17.0,2,Petrol,Manual,2.75
3036,Jeep,Baleno,2024,2,135755,1498,107.8,22.7,3,Diesel,Manual,4.72
3037,Toyota,XUV700,2021,5,41224,1197,101.8,13.8,1,Petrol,Manual,3.28
3038,Kia,Carens,2017,9,72076,1199,109.4,18.0,1,Petrol,Automatic,1.73
3039,Tata,Kwid,2019,7,122521,2184,159.3,16.3,2,Petrol,Manual,2.44
3040,Skoda,S-Presso,2025,1,131359,2184,155.2,14.2,3,Diesel,Manual,6.49
3041,Nissan,Celerio,2019,7,148193,1197,108.2,25.0,1,Diesel,Manual,1.81
3042,Tata,Alto K10,2018,8,19163,1498,107.7,10.2,1,Petrol,Manual,1.7
3043,Tata,Carens,2020,6,55403,1197,85.1,17.1,1,Diesel,Automatic,2.98
3044,Hyundai,Tiago,2021,5,29097,1497,120.0,17.1,1,Petrol,Manual,2.82
3045,Maruti Suzuki,Triber,2020,6,153184,1598,110.8,20.8,1,Diesel,Manual,2.66
3046,Skoda,Safari,2017,9,31243,998,76.7,16.5,2,Petrol,Manual,1.5
3047,Toyota,Bolero,2018,8,46689,1498,119.0,15.0,1,Diesel,Automatic,3.18
3048,Kia,Astor,2018,8,148574,2184,132.8,23.9,1,Petrol,Manual,2.5
3049,Volkswagen,Taigun,2021,5,12374,1497,123.8,18.5,1,Diesel,Manual,3.79
3050,Maruti Suzuki,City,2019,7,28006,998,97.5,11.2,1,Petrol,Manual,1.36
3051,Tata,Virtus,2023,3,150693,1997,141.5,17.5,3,Petrol,Manual,3.66
3052,Nissan,Safari,2018,8,63191,1956,121.3,11.6,1,Diesel,Manual,2.01
3053,Honda,Astor,2023,3,67397,2198,162.3,12.8,1,CNG,Automatic,6.09
3054,Toyota,Harrier,2022,4,139569,1598,108.1,13.0,3,Petrol,Manual,3.7
3055,Toyota,Scorpio,2019,7,111522,1497,108.2,23.8,1,CNG,Automatic,3.22
3056,Toyota,Altroz,2025,1,51138,2198,156.5,10.6,3,CNG,Manual,7.76
3057,Mahindra,XUV 3XO,2018,8,57492,1956,147.8,11.7,1,Petrol,Manual,2.67
3058,Nissan,Kushaq,2019,7,153355,1199,110.7,21.2,2,Diesel,Manual,1.84
3059,Jeep,Harrier,2025,1,94310,2184,152.2,23.5,1,Petrol,Manual,7.77
3060,Tata,Swift,2024,2,5491,1598,131.4,11.5,2,CNG,Manual,4.91
3061,Toyota,Kushaq,2019,7,61573,1199,80.3,23.7,1,Diesel,Manual,2.16
3062,Kia,Virtus,2021,5,67534,1997,143.9,15.8,3,Petrol,Manual,3.89
3063,Renault,Taigun,2024,2,18608,2184,152.5,16.1,2,Petrol,Manual,5.21
3064,Hyundai,i20,2020,6,15369,2184,144.3,16.3,2,CNG,Manual,3.27
3065,Tata,Kushaq,2022,4,138009,1997,155.6,18.0,2,Petrol,Manual,3.3
3066,Jeep,Carens,2017,9,155022,1498,109.7,22.5,2,Petrol,Manual,1.85
3067,Hyundai,Grand i10 Nios,2022,4,66349,1997,124.7,22.6,1,Diesel,Manual,4.28
3068,Toyota,Seltos,2017,9,126110,1598,123.8,14.1,1,Petrol,Automatic,2.2
3069,Renault,Astor,2019,7,55829,1199,95.2,19.4,1,Petrol,Automatic,2.0
3070,Maruti Suzuki,i20,2017,9,132817,998,95.7,13.1,2,Petrol,Manual,1.25
3071,Maruti Suzuki,Dzire,2023,3,78105,1598,124.2,12.1,2,Petrol,Manual,3.73
3072,Nissan,Kushaq,2020,6,65054,2198,160.0,17.2,1,Petrol,Automatic,3.54
3073,Honda,Venue,2021,5,85642,2198,159.6,13.4,1,Petrol,Manual,4.21
3074,Kia,Swift,2019,7,13538,1498,117.1,15.5,1,Petrol,Manual,2.38
3075,Kia,Scorpio,2018,8,10534,2198,135.5,17.2,1,Petrol,Automatic,3.17
3076,Mahindra,i20,2025,1,116542,1497,117.0,24.2,1,Petrol,Manual,5.15
3077,Skoda,Grand i10 Nios,2023,3,131058,1497,121.6,15.6,1,Petrol,Automatic,4.19
3078,Renault,Seltos,2021,5,110626,998,76.0,12.7,3,Diesel,Manual,1.61
3079,Volkswagen,Swift,2018,8,29436,998,85.3,13.0,3,Petrol,Automatic,2.1
3080,Maruti Suzuki,Alcazar,2019,7,58428,1997,138.7,15.2,1,Diesel,Manual,3.09
3081,Nissan,Grand i10 Nios,2024,2,100315,2184,164.1,16.3,1,Petrol,Manual,4.47
3082,Volkswagen,Amaze,2022,4,81109,1598,130.5,18.6,2,Petrol,Automatic,4.06
3083,Hyundai,Carens,2017,9,73909,1497,101.1,18.7,1,Petrol,Automatic,1.7
3084,Mahindra,Seltos,2024,2,63334,1197,107.3,22.4,1,Diesel,Automatic,5.11
3085,Jeep,Dzire,2020,6,20710,2198,165.0,17.4,2,Diesel,Manual,4.03
3086,Jeep,Glanza,2025,1,95305,1498,99.2,24.9,2,Petrol,Manual,5.39
3087,Renault,Celerio,2022,4,28304,1598,126.4,23.7,1,Petrol,Manual,3.33
3088,Renault,Hector,2020,6,27759,1199,111.2,12.8,1,Petrol,Manual,1.73
3089,Jeep,Scorpio,2022,4,138572,2198,137.9,12.9,1,Diesel,Manual,4.77
3090,Toyota,Alcazar,2021,5,156293,1498,127.2,16.5,2,Petrol,Manual,3.24
3091,Toyota,Celerio,2023,3,46948,1497,99.6,12.7,1,Petrol,Manual,4.68
3092,Hyundai,Grand i10 Nios,2021,5,115305,1498,118.4,14.7,1,Diesel,Manual,3.29
3093,Jeep,Alto K10,2024,2,93611,1497,95.2,13.8,1,Diesel,Manual,4.8
3094,Nissan,Urban Cruiser Hyryder,2017,9,110537,1498,106.5,21.8,1,CNG,Manual,1.25
3095,Mahindra,Polo,2020,6,109737,1497,120.0,23.3,2,Petrol,Automatic,2.82
3096,Mahindra,Taigun,2017,9,123211,1498,98.2,23.4,2,Petrol,Automatic,2.08
3097,Maruti Suzuki,Thar,2020,6,106763,2198,140.7,21.2,1,Diesel,Automatic,3.84
3098,Volkswagen,Alcazar,2018,8,57908,2184,153.4,15.7,1,Petrol,Automatic,3.25
3099,Skoda,Venue,2018,8,78677,1497,126.2,25.0,1,Petrol,Manual,1.81
3100,Jeep,Tiago,2022,4,9999,1497,95.1,13.5,2,Petrol,Automatic,3.94
3101,Hyundai,Elevate,2017,9,145349,1497,106.2,17.5,2,Petrol,Manual,1.73
3102,Toyota,Elevate,2024,2,42827,1598,128.5,11.5,2,Petrol,Manual,5.82
3103,Toyota,Amaze,2017,9,60668,1199,85.8,10.6,3,Petrol,Automatic,2.09
3104,Hyundai,Alcazar,2024,2,44354,2184,165.1,19.6,1,Diesel,Manual,6.68
3105,MG,Glanza,2020,6,118038,2198,157.4,14.8,1,Petrol,Manual,3.38
3106,Jeep,Elevate,2022,4,48949,1997,123.3,18.6,1,Petrol,Automatic,5.08
3107,Volkswagen,Glanza,2024,2,83671,2198,153.1,23.6,1,Diesel,Manual,6.19
3108,MG,Tiago,2017,9,154940,1199,106.5,12.1,3,Petrol,Automatic,2.08
3109,Kia,Taigun,2020,6,141643,1498,113.2,14.4,1,Petrol,Manual,2.21
3110,Mahindra,Celerio,2017,9,52169,1497,116.1,11.4,3,Petrol,Manual,1.98
3111,Kia,Sonet,2017,9,111314,1956,135.0,11.1,1,Diesel,Manual,2.03
3112,Jeep,Triber,2019,7,111777,1598,101.0,11.9,1,Petrol,Automatic,3.15
3113,Tata,Bolero,2025,1,46306,1497,126.0,18.8,1,Petrol,Manual,4.91
3114,Nissan,Innova Crysta,2024,2,32131,1598,127.3,15.9,2,Petrol,Automatic,4.53
3115,Renault,Safari,2020,6,63781,1197,90.4,21.8,2,CNG,Manual,2.19
3116,Nissan,Triber,2019,7,107353,1956,132.9,10.6,1,Diesel,Manual,2.48
3117,Skoda,Grand i10 Nios,2017,9,90082,1997,154.2,12.8,1,Diesel,Automatic,3.16
3118,Renault,Seltos,2017,9,133826,998,98.7,19.4,1,Diesel,Automatic,2.04
3119,Kia,Tiago,2018,8,90400,1598,113.6,19.3,3,CNG,Manual,2.11
3120,Skoda,i20,2023,3,8821,1997,154.5,17.7,1,Diesel,Manual,5.54
3121,Toyota,Venue,2019,7,69672,1598,131.9,12.1,2,Diesel,Manual,3.34
3122,Skoda,Elevate,2019,7,102151,1197,87.4,15.1,3,Petrol,Automatic,2.3
3123,Maruti Suzuki,Triber,2023,3,73730,1498,113.5,18.1,1,CNG,Automatic,4.13
3124,Skoda,Aura,2022,4,126114,1199,110.1,12.0,2,Petrol,Manual,3.11
3125,Mahindra,Creta,2020,6,111544,2198,145.5,20.3,1,Diesel,Manual,4.06
3126,Volkswagen,Celerio,2020,6,101573,1197,95.4,17.4,2,Diesel,Manual,2.55
3127,Tata,XUV700,2025,1,142862,1997,130.0,22.8,1,Petrol,Automatic,5.95
3128,Kia,Bolero,2018,8,145324,2184,152.7,16.7,1,Diesel,Manual,2.83
3129,Renault,Kwid,2018,8,119028,1956,122.7,17.7,2,Diesel,Automatic,2.13
3130,Toyota,Harrier,2021,5,45291,1497,99.8,24.4,1,Diesel,Manual,3.86
3131,Mahindra,Glanza,2017,9,23408,1197,102.0,19.1,2,Diesel,Manual,1.92
3132,Volkswagen,Triber,2024,2,142941,1497,123.5,13.8,1,Diesel,Automatic,5.26
3133,Kia,Slavia,2017,9,158423,1997,135.2,24.0,2,Petrol,Manual,1.75
3134,Hyundai,Thar,2023,3,28483,2198,133.4,17.1,2,Diesel,Manual,5.41
3135,Renault,XUV700,2017,9,26029,1498,112.6,19.9,1,CNG,Automatic,2.05
3136,Hyundai,Elevate,2018,8,106535,1197,96.0,11.4,1,Petrol,Manual,1.41
3137,Tata,Innova Crysta,2019,7,127905,998,83.3,12.7,1,Petrol,Manual,1.25
3138,Jeep,Compass,2022,4,154416,1598,128.5,22.7,3,Petrol,Manual,3.59
3139,Nissan,Slavia,2019,7,102815,1956,126.7,15.3,1,Petrol,Automatic,2.76
3140,Kia,Glanza,2022,4,72509,1497,119.4,15.1,1,CNG,Manual,3.9
3141,Volkswagen,Magnite,2023,3,114564,2184,134.0,17.9,2,CNG,Manual,4.89
3142,Tata,Slavia,2021,5,151223,1956,143.0,13.8,2,Diesel,Automatic,3.87
3143,Mahindra,Kiger,2020,6,35284,1197,78.0,12.7,2,Petrol,Manual,2.13
3144,Honda,Urban Cruiser Hyryder,2025,1,99525,1498,99.2,18.6,2,Petrol,Automatic,5.37
3145,Toyota,Compass,2017,9,67343,2184,162.5,19.5,1,Petrol,Automatic,2.77
3146,Maruti Suzuki,Grand i10 Nios,2023,3,38790,1197,99.4,22.1,1,Diesel,Manual,3.34
3147,MG,Elevate,2024,2,142330,2198,160.8,12.3,1,Petrol,Manual,5.95
3148,MG,Compass,2025,1,100061,2198,154.8,18.5,1,Petrol,Automatic,7.35
3149,Skoda,Tiago,2020,6,87761,2198,138.7,15.4,2,Petrol,Automatic,3.36
3150,Toyota,Compass,2021,5,146608,2198,146.3,17.2,2,CNG,Automatic,4.73
3151,Kia,Amaze,2021,5,133192,998,92.4,14.5,2,Diesel,Manual,2.41
3152,Toyota,Aura,2020,6,60844,1498,100.6,25.0,1,Diesel,Automatic,3.47
3153,Volkswagen,Sonet,2021,5,34455,1997,130.9,10.1,1,Petrol,Automatic,3.87
3154,Tata,Aura,2019,7,56209,1197,103.9,21.2,2,Petrol,Manual,1.78
3155,Volkswagen,Thar,2022,4,7148,1498,105.3,10.0,2,CNG,Automatic,4.26
3156,Skoda,Nexon,2019,7,62270,1997,142.8,24.0,1,Petrol,Manual,2.75
3157,Tata,Urban Cruiser Hyryder,2025,1,99666,1497,105.8,23.0,1,Diesel,Manual,4.93
3158,Maruti Suzuki,Brezza,2017,9,13637,1498,113.4,15.3,1,Petrol,Automatic,2.36
3159,Kia,Elevate,2023,3,28808,1497,111.2,16.5,1,Diesel,Automatic,4.81
3160,Renault,Compass,2018,8,96845,1997,133.7,12.9,2,Diesel,Manual,2.37
3161,Volkswagen,Fortuner,2024,2,133686,1197,102.0,25.0,2,Petrol,Automatic,4.14
3162,Nissan,Brezza,2023,3,130468,998,80.7,14.3,1,Diesel,Manual,2.25
3163,Jeep,Creta,2025,1,40796,1497,99.3,24.1,1,Petrol,Automatic,6.1
3164,Renault,Bolero,2023,3,123375,2198,141.7,19.5,1,Petrol,Manual,3.93
3165,Renault,Punch,2024,2,45477,2198,137.6,21.3,1,Petrol,Manual,5.09
3166,Honda,Alto K10,2025,1,121949,1997,129.6,23.4,1,Petrol,Automatic,6.02
3167,Mahindra,XUV 3XO,2022,4,21282,2184,144.8,16.8,1,Petrol,Manual,5.11
3168,Tata,Brezza,2017,9,139247,1956,128.8,12.2,1,Petrol,Manual,1.81
3169,Mahindra,Altroz,2020,6,19031,1956,131.1,22.5,1,Petrol,Manual,3.64
3170,Mahindra,Urban Cruiser Hyryder,2022,4,6910,2184,159.4,10.8,2,Petrol,Manual,5.13
3171,MG,Swift,2021,5,99139,1498,111.7,15.9,1,Petrol,Automatic,3.38
3172,Honda,City,2020,6,81910,1598,114.0,21.5,2,Petrol,Manual,2.21
3173,Renault,Swift,2024,2,122235,1956,126.5,11.2,2,Diesel,Manual,4.13
3174,Nissan,Punch,2020,6,37187,1498,122.7,13.4,3,Petrol,Manual,1.87
3175,Nissan,Thar,2024,2,109143,1497,114.8,10.5,2,Petrol,Manual,3.15
3176,Volkswagen,Kushaq,2021,5,122214,1956,143.3,11.2,1,Petrol,Manual,3.59
3177,Skoda,Seltos,2022,4,49178,2184,166.3,13.8,2,Petrol,Manual,4.51
3178,Honda,City,2017,9,148322,1197,101.1,15.6,1,Petrol,Manual,1.25
3179,Hyundai,Amaze,2021,5,118372,1498,117.3,19.9,1,Petrol,Automatic,3.28
3180,Kia,Scorpio,2021,5,75642,1497,107.9,22.2,3,Petrol,Automatic,3.22
3181,MG,Fortuner,2017,9,98053,2198,160.4,23.3,1,Petrol,Automatic,2.98
3182,Nissan,Dzire,2022,4,106194,1997,142.0,12.5,1,Diesel,Automatic,3.89
3183,Renault,Wagon R,2023,3,130645,2184,147.8,22.9,2,Petrol,Automatic,4.39
3184,Jeep,Polo,2023,3,121561,2184,158.7,22.5,1,Petrol,Automatic,5.84
3185,Honda,Dzire,2019,7,34511,1997,143.3,23.0,1,Petrol,Manual,3.12
3186,Maruti Suzuki,Seltos,2019,7,32012,1956,120.4,18.6,1,Diesel,Manual,2.68
3187,Skoda,Polo,2021,5,133508,1197,101.4,12.1,1,Petrol,Automatic,2.63
3188,Jeep,Hector,2017,9,88507,1498,112.9,22.8,2,Petrol,Manual,1.74
3189,Tata,Compass,2024,2,119863,998,81.5,22.3,3,Diesel,Manual,3.32
3190,Honda,Swift,2019,7,59956,998,96.5,20.4,1,Diesel,Manual,2.46
3191,Mahindra,Magnite,2019,7,118630,2198,147.6,10.2,1,Petrol,Manual,3.14
3192,Honda,Aura,2022,4,155323,1997,142.1,12.1,2,Petrol,Manual,3.95
3193,Toyota,Urban Cruiser Hyryder,2017,9,114948,998,82.9,14.1,1,CNG,Manual,1.34
3194,Hyundai,Virtus,2021,5,149203,1598,103.1,22.1,1,CNG,Manual,3.14
3195,Jeep,Tiago,2024,2,68427,2198,158.0,22.2,2,Petrol,Automatic,6.88
3196,Tata,Brezza,2022,4,13080,998,68.3,14.0,1,Petrol,Automatic,3.06
3197,Tata,Astor,2025,1,88960,1497,122.7,16.8,2,Diesel,Manual,4.71
3198,Nissan,Magnite,2021,5,88816,1498,122.3,19.0,2,Petrol,Manual,2.28
3199,Jeep,Nexon,2024,2,33981,1199,103.1,18.3,1,Petrol,Manual,4.65
3200,Nissan,Carens,2021,5,35224,1197,79.4,24.2,1,Petrol,Automatic,2.18
3201,Volkswagen,Punch,2023,3,128644,1598,112.5,15.0,1,Petrol,Automatic,4.33
3202,Skoda,S-Presso,2018,8,145424,1497,125.7,21.9,1,Petrol,Automatic,2.14
3203,Volkswagen,Polo,2018,8,28172,1197,101.3,13.2,1,Petrol,Manual,1.8
3204,Hyundai,Wagon R,2020,6,84384,998,100.4,14.5,3,CNG,Manual,2.27
3205,Mahindra,Magnite,2021,5,61874,2184,150.7,14.2,2,Diesel,Automatic,4.78
3206,Nissan,Baleno,2017,9,112726,1197,100.1,12.3,2,Petrol,Manual,1.25
3207,Hyundai,Nexon,2018,8,63733,998,67.6,10.1,1,Petrol,Manual,1.25
3208,Renault,Kwid,2017,9,134642,1956,152.2,15.4,1,Petrol,Automatic,1.8
3209,Mahindra,Thar,2020,6,146828,1498,105.4,14.9,2,Diesel,Manual,2.96
3210,Toyota,Alto K10,2022,4,58718,1497,98.4,22.0,3,Petrol,Automatic,3.8
3211,Hyundai,Amaze,2023,3,137169,998,95.0,23.6,3,Petrol,Manual,2.52
3212,Honda,Tiago,2021,5,134695,2184,147.4,14.7,1,Petrol,Automatic,4.1
3213,Mahindra,Polo,2024,2,87366,998,95.3,18.5,1,Diesel,Manual,4.2
3214,Nissan,XUV 3XO,2023,3,100532,1598,133.2,15.6,1,Petrol,Manual,3.51
3215,Nissan,Elevate,2023,3,56419,1498,113.2,21.6,2,Diesel,Manual,3.34
3216,MG,Wagon R,2020,6,50839,1997,132.0,15.4,2,Petrol,Manual,3.06
3217,Toyota,Aura,2018,8,112843,1498,121.9,16.3,1,Diesel,Manual,2.71
3218,Nissan,Tiago,2023,3,106404,1199,81.3,10.4,1,Diesel,Manual,2.48
3219,Volkswagen,Alcazar,2025,1,109037,1199,84.1,22.6,1,Petrol,Automatic,4.81
3220,Kia,Virtus,2017,9,114806,998,89.8,18.6,1,Diesel,Manual,1.76
3221,MG,Tiago,2025,1,77332,1598,119.2,12.9,1,Petrol,Manual,5.98
3222,Skoda,Bolero,2017,9,55453,2184,163.6,10.5,1,Petrol,Manual,2.43
3223,Volkswagen,Taigun,2023,3,12707,1956,149.2,12.7,3,Petrol,Manual,4.82
3224,Kia,Aura,2019,7,141831,1497,114.8,19.4,1,Diesel,Manual,2.6
3225,Skoda,Glanza,2023,3,129477,1498,119.4,22.3,1,Petrol,Automatic,4.33
3226,Jeep,Innova Crysta,2023,3,112503,998,74.9,14.7,1,Petrol,Automatic,3.31
3227,Maruti Suzuki,Urban Cruiser Hyryder,2017,9,114262,1497,122.8,22.2,3,Diesel,Manual,1.52
3228,MG,Seltos,2022,4,147590,2198,148.0,19.6,3,Petrol,Manual,3.76
3229,Renault,Swift,2020,6,124069,2184,146.8,18.0,1,Petrol,Manual,2.34
3230,Toyota,Seltos,2018,8,51555,1956,147.9,18.3,1,Petrol,Manual,3.0
3231,Nissan,Glanza,2018,8,110954,1497,124.5,18.9,2,Diesel,Automatic,2.41
3232,Hyundai,Bolero,2017,9,127040,1497,115.6,21.4,1,Diesel,Manual,1.8
3233,Honda,Polo,2018,8,37841,1997,146.0,10.3,2,Petrol,Manual,2.1
3234,Hyundai,Verna,2019,7,35184,1498,114.0,23.3,3,Petrol,Manual,1.75
3235,Maruti Suzuki,Sonet,2021,5,129766,2198,155.3,23.4,1,Petrol,Manual,3.36
3236,Maruti Suzuki,Bolero,2017,9,24096,1956,144.2,11.0,2,Petrol,Manual,1.54
3237,Jeep,Kiger,2021,5,39909,2184,145.9,15.7,1,Petrol,Manual,4.34
3238,Toyota,Glanza,2019,7,137117,1598,125.9,18.3,2,Petrol,Automatic,3.08
3239,Maruti Suzuki,Thar,2023,3,83960,2184,153.8,12.0,1,Petrol,Manual,4.32
3240,MG,Hector,2017,9,144345,1498,109.9,24.3,1,Petrol,Automatic,1.81
3241,Hyundai,Astor,2019,7,116121,1197,82.8,10.2,2,Diesel,Automatic,2.53
3242,Tata,Slavia,2020,6,79657,998,92.6,14.7,1,Diesel,Automatic,2.77
3243,Jeep,Swift,2023,3,35271,1498,118.4,21.9,1,Petrol,Manual,4.8
3244,Honda,Sonet,2020,6,129117,1197,102.4,20.7,1,Diesel,Automatic,2.95
3245,Mahindra,Aura,2020,6,76084,1197,79.1,12.9,1,Petrol,Manual,2.08
3246,Toyota,Hector,2018,8,155436,1498,105.8,19.5,1,Petrol,Manual,2.1
3247,Maruti Suzuki,XUV 3XO,2022,4,79344,1498,125.0,12.6,2,Petrol,Manual,2.72
3248,Jeep,Venue,2019,7,142050,1956,120.2,17.0,2,Diesel,Manual,2.91
3249,Maruti Suzuki,Taigun,2023,3,159734,2198,142.2,18.4,1,Petrol,Automatic,4.56
3250,Skoda,Altroz,2019,7,10750,1197,81.3,11.6,2,CNG,Manual,1.89
3251,MG,Alto K10,2022,4,73986,1497,99.1,23.5,2,Petrol,Automatic,3.66
3252,Mahindra,Swift,2018,8,139328,1956,140.0,15.4,1,Diesel,Manual,2.68
3253,Jeep,Amaze,2025,1,108377,1598,116.3,24.1,2,Petrol,Manual,5.35
3254,Tata,Kushaq,2020,6,99334,1197,110.7,23.6,1,Petrol,Manual,2.06
3255,Renault,Celerio,2022,4,137601,2198,152.7,15.5,1,Petrol,Manual,3.68
3256,Mahindra,Venue,2018,8,41783,1497,111.6,15.5,1,Petrol,Manual,2.46
3257,Toyota,Triber,2019,7,57339,1497,113.0,13.3,1,Diesel,Manual,3.19
3258,Hyundai,Dzire,2022,4,139815,2184,145.6,16.3,2,Petrol,Manual,3.71
3259,MG,Aura,2021,5,36830,1956,120.6,15.1,1,CNG,Manual,3.96
3260,MG,S-Presso,2024,2,93737,1997,138.2,17.9,1,Petrol,Manual,5.75
3261,Volkswagen,Altroz,2023,3,112482,998,80.2,21.5,1,Petrol,Manual,3.07
3262,MG,Kushaq,2024,2,93513,998,82.0,23.1,1,Petrol,Manual,3.47
3263,Honda,Safari,2021,5,70552,1997,123.0,15.3,2,Petrol,Manual,3.06
3264,Mahindra,Bolero,2018,8,134284,1598,133.5,16.7,1,Petrol,Manual,2.4
3265,Mahindra,Glanza,2020,6,53989,998,93.6,18.4,1,Petrol,Automatic,2.84
3266,Skoda,Taigun,2018,8,147070,998,100.4,14.1,1,Petrol,Manual,1.79
3267,Jeep,Seltos,2017,9,77962,998,83.7,21.0,1,Petrol,Automatic,1.91
3268,Tata,Wagon R,2021,5,68789,1956,135.9,20.5,2,Petrol,Manual,2.97
3269,Jeep,Urban Cruiser Hyryder,2019,7,97014,2198,132.9,19.0,2,CNG,Automatic,3.72
3270,Toyota,Aura,2019,7,103235,998,92.3,16.8,1,Petrol,Manual,1.95
3271,Toyota,Amaze,2025,1,49529,2198,159.2,19.0,1,Petrol,Manual,8.04
3272,Toyota,Aura,2022,4,135455,998,78.6,19.9,2,Diesel,Automatic,3.53
3273,Mahindra,Compass,2021,5,94478,1997,123.4,16.7,2,CNG,Manual,3.45
3274,Honda,Dzire,2022,4,144536,1956,150.2,15.2,2,Petrol,Manual,3.8
3275,Maruti Suzuki,Sonet,2023,3,115276,1997,137.9,20.6,3,Petrol,Manual,4.05
3276,Toyota,Altroz,2020,6,68272,1197,92.5,11.5,1,Diesel,Automatic,3.16
3277,Toyota,Innova Crysta,2019,7,41460,2184,161.4,14.0,1,CNG,Automatic,4.1
3278,Hyundai,Kwid,2023,3,37154,1498,110.9,14.6,1,Petrol,Manual,4.0
3279,Tata,Grand i10 Nios,2018,8,93196,2184,165.4,23.1,1,Petrol,Manual,2.49
3280,Toyota,Carens,2018,8,146586,2184,139.9,18.5,1,Diesel,Automatic,3.2
3281,Skoda,Kiger,2018,8,70094,998,84.9,17.1,1,Petrol,Manual,1.82
3282,Kia,City,2023,3,62188,1199,88.3,11.9,1,Petrol,Automatic,4.07
3283,Toyota,Glanza,2022,4,145377,1498,123.9,22.5,2,Petrol,Automatic,3.82
3284,Nissan,Grand i10 Nios,2022,4,32120,1497,121.8,19.2,2,Diesel,Manual,3.0
3285,Skoda,Slavia,2024,2,17898,1598,122.4,22.3,2,Petrol,Manual,4.82
3286,Toyota,Magnite,2020,6,144526,1497,100.4,15.8,1,Petrol,Manual,2.65
3287,Volkswagen,Carens,2023,3,58908,1197,79.9,23.0,1,Petrol,Manual,3.16
3288,Kia,Alto K10,2017,9,48129,1197,96.1,10.3,2,Petrol,Manual,1.25
3289,Skoda,Kiger,2018,8,155311,1498,98.1,17.3,1,Petrol,Automatic,2.15
3290,Maruti Suzuki,Hector,2023,3,157749,1497,104.6,22.8,2,Petrol,Automatic,3.07
3291,Tata,Celerio,2023,3,141213,1956,121.5,17.9,1,Petrol,Manual,4.06
3292,Honda,Alcazar,2017,9,38310,998,92.4,13.0,1,Petrol,Manual,1.7
3293,Mahindra,Compass,2025,1,159933,1498,104.0,21.0,1,Petrol,Manual,5.08
3294,Mahindra,Magnite,2025,1,68773,1598,126.3,11.0,1,Petrol,Manual,6.03
3295,Jeep,Grand i10 Nios,2022,4,57574,998,71.2,18.8,2,Diesel,Manual,2.93
3296,Maruti Suzuki,Urban Cruiser Hyryder,2017,9,17024,1956,149.8,14.4,1,Petrol,Automatic,2.61
3297,MG,Harrier,2025,1,19472,1498,98.9,13.3,3,Petrol,Automatic,5.77
3298,MG,XUV700,2018,8,18796,1199,86.5,18.4,2,Petrol,Automatic,2.36
3299,Honda,Slavia,2023,3,42949,1497,99.2,23.0,1,Petrol,Automatic,4.31
3300,Kia,Magnite,2025,1,68669,1497,96.4,13.3,2,Petrol,Automatic,5.71
3301,Volkswagen,Celerio,2024,2,81377,998,95.6,10.2,2,Petrol,Manual,3.64
3302,Maruti Suzuki,Baleno,2020,6,47209,1197,83.4,20.6,1,Petrol,Manual,2.12
3303,Renault,Elevate,2018,8,62688,1498,106.7,10.2,1,Petrol,Automatic,2.28
3304,Tata,Virtus,2020,6,61864,1598,132.3,22.1,1,Diesel,Manual,2.76
3305,Skoda,Kushaq,2018,8,42512,1956,123.0,20.7,1,Diesel,Manual,2.72
3306,Nissan,Venue,2020,6,58156,1497,117.0,23.4,1,Diesel,Manual,2.57
3307,MG,Kushaq,2020,6,156268,998,91.7,14.5,2,Diesel,Manual,2.39
3308,Toyota,Alcazar,2021,5,71386,1598,132.5,19.7,2,Petrol,Manual,3.49
3309,Honda,Urban Cruiser Hyryder,2017,9,68267,998,98.7,12.4,1,Petrol,Automatic,2.05
3310,Toyota,Tiago,2023,3,127340,1497,93.7,17.8,2,Petrol,Automatic,4.26
3311,Skoda,Punch,2024,2,20562,1497,97.7,22.7,1,CNG,Automatic,5.56
3312,Nissan,XUV 3XO,2021,5,154776,1199,97.6,11.0,1,Petrol,Automatic,2.56
3313,MG,Tiago,2025,1,43401,1498,99.9,20.4,2,Diesel,Manual,5.57
3314,Renault,Venue,2017,9,44172,2184,145.2,22.2,2,Petrol,Manual,1.87
3315,Mahindra,Tiago,2021,5,67374,1598,105.7,19.4,1,Petrol,Automatic,3.63
3316,Maruti Suzuki,i20,2017,9,61635,2198,160.6,19.6,2,Petrol,Manual,2.13
3317,Toyota,Tiago,2025,1,110943,998,96.8,13.1,1,Diesel,Automatic,5.1
3318,Mahindra,Slavia,2018,8,124385,1598,120.5,21.5,1,Diesel,Automatic,2.74
3319,Hyundai,Kwid,2023,3,63047,1956,147.8,23.9,2,CNG,Manual,4.64
3320,Hyundai,Harrier,2021,5,113643,1997,133.5,18.3,2,Petrol,Manual,3.48
3321,Honda,Verna,2021,5,7541,1197,76.9,20.3,1,Diesel,Automatic,3.0
3322,Tata,i20,2018,8,53509,1199,110.7,11.0,2,Petrol,Automatic,2.39
3323,Hyundai,Magnite,2017,9,37024,1997,147.7,18.4,1,Petrol,Manual,2.46
3324,Kia,Magnite,2020,6,120235,1498,127.9,23.4,1,Petrol,Manual,2.93
3325,Jeep,Punch,2017,9,115001,1997,151.7,18.4,1,Petrol,Manual,2.24
3326,Kia,Triber,2022,4,76199,1199,80.2,20.5,3,Petrol,Manual,2.42
3327,Volkswagen,Tiago,2022,4,70575,2198,141.5,14.6,1,Diesel,Manual,4.48
3328,Tata,Grand i10 Nios,2021,5,42306,2184,143.7,23.6,2,Petrol,Manual,3.23
3329,Mahindra,Astor,2022,4,158353,2198,155.4,23.1,1,CNG,Manual,4.45
3330,Honda,Alcazar,2019,7,128702,1497,114.5,15.2,1,Diesel,Manual,2.68
3331,Kia,Harrier,2024,2,131874,1197,108.9,10.4,1,Diesel,Automatic,4.49
3332,Kia,Aura,2025,1,91289,1497,97.3,22.3,1,Petrol,Manual,4.81
3333,Honda,Urban Cruiser Hyryder,2017,9,36551,1497,111.0,15.8,2,Diesel,Manual,2.27
3334,Mahindra,Brezza,2019,7,156060,2184,149.0,22.1,1,Diesel,Manual,3.1
3335,MG,Astor,2024,2,82382,2198,155.2,16.2,2,Diesel,Automatic,6.9
3336,Maruti Suzuki,Kwid,2017,9,105116,1956,146.0,22.5,2,Diesel,Manual,2.1
3337,Tata,Urban Cruiser Hyryder,2018,8,27786,1598,115.2,19.0,2,Diesel,Manual,2.53
3338,Honda,Astor,2024,2,154411,2198,164.0,24.2,3,Petrol,Manual,5.27
3339,Toyota,Bolero,2019,7,132343,1199,110.2,12.6,1,Petrol,Manual,2.49
3340,Skoda,Grand i10 Nios,2021,5,22498,1598,128.9,23.7,1,CNG,Automatic,4.32
3341,Volkswagen,Baleno,2023,3,119314,1997,151.3,12.7,1,Diesel,Manual,4.95
3342,Hyundai,Compass,2017,9,91614,1199,76.9,19.9,2,Petrol,Automatic,1.63
3343,Honda,Triber,2024,2,152911,1197,98.9,10.2,2,Diesel,Automatic,3.87
3344,Jeep,Alto K10,2025,1,92758,998,89.6,13.9,1,Petrol,Automatic,4.62
3345,Renault,Verna,2025,1,87656,2198,156.3,13.6,1,Petrol,Manual,5.54
3346,Skoda,Thar,2025,1,45088,2184,143.0,11.5,3,Petrol,Automatic,7.16
3347,Jeep,Fortuner,2019,7,56114,1497,101.7,22.1,1,Petrol,Manual,2.38
3348,Tata,Elevate,2024,2,77020,2184,163.7,22.7,1,Diesel,Manual,6.23
3349,Hyundai,Kushaq,2017,9,43503,2184,161.3,10.3,3,Petrol,Manual,2.4
3350,Mahindra,Dzire,2018,8,38079,1197,91.7,21.6,1,Petrol,Manual,1.98
3351,Volkswagen,Virtus,2017,9,116550,2198,133.1,18.6,1,Petrol,Manual,1.95
3352,Maruti Suzuki,Aura,2024,2,91239,1197,80.3,14.9,1,Petrol,Manual,2.86
3353,Kia,Scorpio,2025,1,11367,998,85.5,13.9,1,Petrol,Manual,4.6
3354,Maruti Suzuki,Bolero,2019,7,109958,1199,81.5,14.7,1,CNG,Manual,1.93
3355,MG,Seltos,2018,8,54383,1197,83.2,23.0,1,Petrol,Manual,1.73
3356,Skoda,Alcazar,2019,7,56401,1956,126.6,17.6,2,Petrol,Automatic,3.31
3357,Nissan,Thar,2019,7,84805,1497,123.6,14.5,1,Petrol,Manual,1.98
3358,Volkswagen,Astor,2019,7,25196,1598,107.8,20.8,2,Diesel,Manual,2.77
3359,MG,Hector,2024,2,25917,998,92.3,18.1,2,Diesel,Manual,4.06
3360,Nissan,Innova Crysta,2019,7,69061,1598,109.4,21.3,1,Petrol,Manual,1.54
3361,Renault,Innova Crysta,2020,6,151320,1956,127.0,16.4,2,Petrol,Manual,2.25
3362,Tata,Triber,2021,5,139256,1199,85.7,18.1,1,Petrol,Manual,2.02
3363,Hyundai,Elevate,2018,8,153484,2184,159.0,13.0,1,Petrol,Manual,2.08
3364,Mahindra,Virtus,2022,4,16344,1498,125.1,11.0,1,Petrol,Manual,4.24
3365,Tata,Baleno,2025,1,131276,1199,82.4,23.5,1,Petrol,Manual,4.01
3366,Skoda,i20,2020,6,7069,1997,129.8,19.9,1,Petrol,Automatic,3.78
3367,Volkswagen,Polo,2020,6,94030,2184,157.7,14.1,1,Petrol,Automatic,3.47
3368,Renault,Grand i10 Nios,2019,7,143215,1497,108.5,16.0,1,Petrol,Manual,1.68
3369,Kia,Nexon,2018,8,140790,1956,121.6,14.0,1,Petrol,Manual,1.97
3370,Hyundai,Glanza,2022,4,145349,1199,106.1,11.3,1,Diesel,Manual,3.26
3371,Mahindra,Brezza,2019,7,76011,1598,122.0,21.1,2,CNG,Manual,2.92
3372,Honda,XUV 3XO,2021,5,59550,1497,126.0,12.8,2,Petrol,Manual,2.86
3373,Volkswagen,Wagon R,2019,7,64730,1598,124.3,18.4,1,Petrol,Automatic,3.1
3374,Jeep,Punch,2021,5,104593,2198,132.2,13.3,1,CNG,Automatic,4.97
3375,Maruti Suzuki,Thar,2017,9,30138,2198,157.8,20.8,2,Petrol,Manual,1.87
3376,Jeep,Harrier,2017,9,76608,1997,125.8,23.2,3,Petrol,Automatic,2.37
3377,Nissan,Seltos,2025,1,76076,1197,83.7,22.9,1,Petrol,Manual,3.67
3378,Skoda,Grand i10 Nios,2022,4,92120,1199,108.1,14.9,2,CNG,Manual,3.34
3379,Hyundai,Kwid,2023,3,105947,2184,164.4,18.9,1,Petrol,Automatic,5.06
3380,Jeep,Wagon R,2022,4,78483,998,93.0,18.4,1,Diesel,Manual,2.97
3381,Toyota,Safari,2022,4,85523,1197,84.7,12.2,1,Petrol,Manual,3.32
3382,Maruti Suzuki,Magnite,2023,3,148741,1997,141.5,23.8,1,Diesel,Automatic,4.65
3383,Mahindra,Kiger,2020,6,131639,998,86.8,20.2,1,Petrol,Manual,2.0
3384,Hyundai,Compass,2022,4,104325,1197,96.4,13.5,3,Petrol,Automatic,3.27
3385,Maruti Suzuki,Swift,2017,9,87686,2184,133.1,20.3,1,Petrol,Manual,1.94
3386,Honda,Aura,2020,6,25401,1497,111.8,24.8,1,Diesel,Automatic,3.5
3387,Toyota,Verna,2021,5,134607,1197,97.0,14.9,2,Petrol,Automatic,2.85
3388,Jeep,Sonet,2022,4,63541,1497,119.7,17.7,1,CNG,Automatic,4.77
3389,Jeep,Triber,2022,4,90790,2184,142.1,24.2,2,Petrol,Automatic,5.19
3390,Volkswagen,Magnite,2021,5,123393,1197,78.3,14.0,1,Petrol,Manual,1.98
3391,Tata,Sonet,2019,7,29372,1497,126.6,18.5,1,CNG,Manual,2.68
3392,Hyundai,Carens,2020,6,152749,1956,133.4,13.8,1,Diesel,Manual,2.83
3393,Maruti Suzuki,Alto K10,2018,8,146972,1997,130.5,15.4,1,Diesel,Manual,2.39
3394,Maruti Suzuki,Nexon,2017,9,89839,1199,103.0,21.8,1,Petrol,Automatic,2.04
3395,Volkswagen,Urban Cruiser Hyryder,2022,4,71251,1498,127.5,22.3,1,Diesel,Manual,4.11
3396,Kia,Slavia,2017,9,40170,1956,148.0,20.7,1,Diesel,Automatic,3.32
3397,Skoda,Baleno,2021,5,28215,1498,115.2,23.6,1,Diesel,Manual,3.84
3398,Hyundai,Bolero,2019,7,72185,2198,154.5,19.2,1,Diesel,Manual,3.17
3399,Volkswagen,Carens,2018,8,97214,1598,118.9,11.6,1,Petrol,Manual,1.76
3400,Hyundai,Alto K10,2023,3,114729,1598,118.2,11.2,2,Petrol,Manual,3.31
3401,Skoda,Venue,2023,3,122337,1197,101.6,15.3,2,Petrol,Manual,3.54
3402,Kia,Harrier,2020,6,115771,1498,119.9,19.9,3,Petrol,Automatic,2.93
3403,MG,Sonet,2019,7,127902,1598,99.2,16.4,1,Petrol,Manual,2.28
3404,Volkswagen,Swift,2019,7,115876,1598,108.0,16.3,1,Petrol,Manual,2.41
3405,Skoda,Triber,2025,1,134482,1956,119.8,10.2,3,Petrol,Manual,5.49
3406,Skoda,Sonet,2020,6,21925,1197,96.3,12.8,1,Petrol,Manual,2.23
3407,MG,XUV700,2023,3,69952,1199,94.6,12.1,1,Petrol,Manual,3.65
3408,Renault,Alcazar,2022,4,16261,2184,143.0,14.2,1,Petrol,Automatic,4.12
3409,Nissan,Seltos,2018,8,144558,1598,99.3,23.8,2,Petrol,Manual,1.25
3410,Skoda,XUV700,2022,4,125565,2198,155.3,23.8,1,Petrol,Manual,4.38
3411,Tata,Taigun,2019,7,40728,1199,100.7,17.8,1,Diesel,Automatic,2.66
3412,Renault,Virtus,2021,5,18406,1997,149.4,12.0,2,Petrol,Manual,2.99
3413,Renault,XUV 3XO,2018,8,146731,1497,101.1,16.0,3,Diesel,Manual,1.48
3414,Kia,Compass,2024,2,8641,1197,104.2,16.6,2,Petrol,Automatic,4.95
3415,Hyundai,Tiago,2018,8,152982,1199,90.5,19.1,3,Petrol,Manual,1.41
3416,Maruti Suzuki,XUV700,2019,7,98514,1199,80.9,22.3,2,CNG,Automatic,2.51
3417,Mahindra,Creta,2021,5,46675,998,96.3,14.5,2,Petrol,Manual,2.75
3418,Maruti Suzuki,Swift,2020,6,20745,2184,140.6,11.4,3,Diesel,Automatic,3.91
3419,Renault,Punch,2017,9,128534,1997,131.3,17.6,3,Diesel,Manual,1.83
3420,Toyota,Verna,2023,3,139403,2198,134.7,22.8,1,Petrol,Manual,4.96
3421,Mahindra,Polo,2018,8,118562,998,97.4,14.2,1,Petrol,Automatic,2.26
3422,Maruti Suzuki,City,2020,6,148691,1199,83.0,24.4,1,Diesel,Automatic,2.37
3423,Jeep,S-Presso,2018,8,154401,1498,93.9,12.2,3,Petrol,Manual,1.84
3424,Volkswagen,Grand i10 Nios,2020,6,53860,1956,125.9,13.8,1,Diesel,Automatic,3.92
3425,MG,Venue,2021,5,32303,998,87.8,20.9,1,Petrol,Manual,2.45
3426,Nissan,S-Presso,2019,7,92001,1598,116.9,23.4,1,Diesel,Manual,2.22
3427,Skoda,Creta,2023,3,125332,1498,101.9,13.8,2,Petrol,Manual,3.17
3428,Renault,Brezza,2025,1,91416,1598,120.0,18.4,2,CNG,Automatic,4.85
3429,MG,Magnite,2020,6,159872,1997,135.8,22.0,1,Diesel,Manual,3.63
3430,Toyota,City,2018,8,142017,2198,138.2,12.7,1,Petrol,Manual,2.46
3431,Toyota,Astor,2022,4,137408,1498,100.0,10.9,1,Petrol,Automatic,4.0
3432,Renault,Elevate,2019,7,109444,1497,100.8,19.8,1,Petrol,Automatic,1.94
3433,MG,i20,2023,3,77681,2184,165.5,14.0,2,CNG,Automatic,6.37
3434,Maruti Suzuki,Innova Crysta,2024,2,122246,1199,102.4,11.5,1,Petrol,Automatic,3.61
3435,Renault,Glanza,2019,7,119403,2184,147.0,10.1,2,Diesel,Automatic,2.82
3436,Tata,Punch,2025,1,92757,998,81.0,20.0,1,Diesel,Manual,4.12
3437,Tata,Fortuner,2018,8,62607,1956,142.1,14.3,1,Petrol,Manual,1.92
3438,Skoda,Harrier,2023,3,131843,1197,89.3,13.1,2,Diesel,Manual,3.05
3439,Renault,Aura,2018,8,57797,1997,132.0,13.2,1,Diesel,Manual,2.32
3440,Toyota,Polo,2021,5,65941,1598,119.5,12.4,1,Petrol,Manual,3.22
3441,Hyundai,Verna,2023,3,44987,2198,151.9,13.5,1,Petrol,Manual,5.38
3442,Honda,XUV 3XO,2024,2,49786,1498,119.7,10.4,2,Petrol,Manual,4.63
3443,MG,Magnite,2021,5,13238,1199,103.2,14.8,3,Petrol,Automatic,3.37
3444,Kia,Creta,2025,1,101121,1598,128.4,23.5,1,Petrol,Manual,5.48
3445,Toyota,Kushaq,2018,8,118986,1197,103.6,10.7,3,Petrol,Manual,2.08
3446,Maruti Suzuki,Altroz,2018,8,139631,1199,81.3,14.3,1,Diesel,Automatic,1.92
3447,Kia,Celerio,2025,1,12930,2184,158.5,15.9,1,Diesel,Automatic,8.28
3448,MG,Amaze,2024,2,118627,998,95.6,16.5,1,Diesel,Automatic,4.35
3449,Tata,Kiger,2023,3,42465,998,80.1,14.3,3,Petrol,Automatic,2.78
3450,Hyundai,Virtus,2020,6,54924,2198,139.2,23.9,2,CNG,Manual,3.27
3451,Jeep,Dzire,2025,1,137997,1598,115.9,18.8,2,CNG,Manual,5.63
3452,Tata,i20,2024,2,104393,1199,86.1,21.8,1,Petrol,Manual,3.36
3453,Mahindra,Slavia,2024,2,115671,1497,118.1,22.5,2,Petrol,Automatic,5.35
3454,Skoda,Triber,2024,2,94040,1498,102.4,22.5,1,Petrol,Manual,4.6
3455,Nissan,Safari,2018,8,108652,1498,98.3,18.0,1,Diesel,Automatic,1.87
3456,Skoda,XUV700,2024,2,139843,2198,162.1,12.9,1,Petrol,Automatic,5.91
3457,Volkswagen,Amaze,2021,5,45634,1497,113.8,10.4,1,Petrol,Manual,2.8
3458,Toyota,Seltos,2020,6,140019,1997,140.4,11.6,1,CNG,Manual,3.67
3459,Mahindra,Sonet,2017,9,145033,1956,140.1,15.4,1,CNG,Manual,2.33
3460,Renault,Hector,2024,2,158721,1997,128.2,11.3,1,Petrol,Manual,4.1
3461,Hyundai,S-Presso,2021,5,88223,1199,87.5,10.8,1,Petrol,Manual,2.58
3462,Kia,Virtus,2024,2,122339,998,79.0,21.8,2,Petrol,Automatic,3.61
3463,Jeep,Urban Cruiser Hyryder,2017,9,41022,1197,93.9,17.2,3,Diesel,Automatic,2.47
3464,Honda,Altroz,2024,2,38048,1199,77.5,22.2,1,Diesel,Manual,4.06
3465,Volkswagen,Swift,2025,1,120328,1956,138.6,15.2,1,Petrol,Manual,5.87
3466,MG,Alcazar,2017,9,98472,1497,94.6,12.9,1,Diesel,Automatic,2.51
3467,Toyota,Innova Crysta,2025,1,99362,1197,105.1,11.5,1,Petrol,Manual,5.2
3468,Hyundai,Compass,2022,4,25006,1598,114.2,13.1,3,CNG,Automatic,3.84
3469,Mahindra,Triber,2020,6,99786,998,90.4,15.9,2,Diesel,Manual,2.37
3470,MG,Seltos,2024,2,144457,1997,144.1,10.8,3,Petrol,Automatic,5.52
3471,Nissan,Baleno,2017,9,5017,1197,91.4,17.0,1,Petrol,Manual,1.25
3472,Skoda,Seltos,2019,7,51487,998,77.0,17.0,2,Petrol,Manual,1.38
3473,Hyundai,Venue,2018,8,76321,1498,121.0,15.5,2,Petrol,Automatic,2.05
3474,Skoda,Swift,2022,4,101736,1197,107.1,13.0,1,Petrol,Manual,2.93
3475,Renault,S-Presso,2019,7,25664,1497,93.6,10.9,1,Petrol,Automatic,2.37
3476,Jeep,S-Presso,2021,5,84280,2198,167.0,24.3,3,Petrol,Manual,4.45
3477,Renault,Bolero,2017,9,41073,1497,95.4,12.3,1,Petrol,Manual,1.25
3478,Volkswagen,City,2017,9,75753,1199,96.8,18.1,1,Petrol,Automatic,2.06
3479,Maruti Suzuki,Polo,2025,1,155768,1956,148.6,13.6,1,Diesel,Manual,5.26
3480,Skoda,Elevate,2022,4,124322,1997,149.0,10.0,3,Petrol,Manual,3.57
3481,Mahindra,Glanza,2021,5,121196,2184,151.3,15.2,1,Petrol,Manual,4.35
3482,Renault,Brezza,2019,7,39372,2184,147.9,19.1,2,Petrol,Manual,2.25
3483,Jeep,Bolero,2025,1,28881,1197,90.7,11.0,2,Petrol,Manual,4.98
3484,Renault,Kushaq,2019,7,63553,1497,101.9,19.6,1,CNG,Manual,1.85
3485,Jeep,Magnite,2021,5,75959,1598,117.9,13.7,1,Diesel,Automatic,4.32
3486,Mahindra,Dzire,2019,7,63649,1497,113.2,13.9,1,CNG,Automatic,3.45
3487,Mahindra,Hector,2023,3,6130,998,98.0,24.8,1,Petrol,Automatic,3.9
3488,Volkswagen,Scorpio,2019,7,84912,2198,142.5,23.0,1,Petrol,Manual,2.77
3489,Tata,City,2019,7,151160,1497,124.0,20.9,1,Petrol,Automatic,2.67
3490,Honda,Punch,2024,2,74666,1497,107.7,14.9,1,Diesel,Manual,4.44
3491,Renault,Aura,2025,1,6845,998,70.1,14.6,3,Petrol,Manual,3.13
3492,Kia,Safari,2022,4,79162,1497,118.5,10.6,1,Petrol,Automatic,3.88
3493,Jeep,Fortuner,2022,4,66542,1498,103.9,24.7,1,Petrol,Manual,3.96
3494,Kia,Magnite,2022,4,97442,1199,83.7,19.9,1,CNG,Manual,3.36
3495,Skoda,Verna,2022,4,44080,1498,108.9,23.5,1,Petrol,Manual,3.68
3496,Volkswagen,Sonet,2023,3,79533,2184,135.9,17.9,2,Petrol,Manual,4.99
3497,Volkswagen,Thar,2021,5,86848,1199,76.7,22.8,2,Diesel,Automatic,3.16
3498,Honda,Wagon R,2024,2,31384,1497,120.6,22.3,2,Petrol,Manual,4.83
3499,Maruti Suzuki,Urban Cruiser Hyryder,2020,6,45177,2184,146.4,20.3,1,Diesel,Automatic,3.54
3500,Hyundai,Kwid,2019,7,115675,2198,148.3,15.1,2,Petrol,Manual,2.48
3501,Hyundai,Urban Cruiser Hyryder,2017,9,31134,1997,129.1,14.3,1,Diesel,Manual,2.15
3502,Hyundai,Magnite,2022,4,20771,1497,102.5,13.0,1,Petrol,Manual,3.35
3503,Renault,Thar,2023,3,130464,1497,110.0,14.8,1,Petrol,Manual,2.65
3504,Hyundai,Bolero,2018,8,153648,1956,152.5,15.6,3,Petrol,Manual,2.04
3505,Hyundai,Fortuner,2020,6,80643,2198,137.0,11.1,2,Petrol,Manual,3.3
3506,Jeep,Urban Cruiser Hyryder,2020,6,82247,2198,151.8,17.7,1,Petrol,Manual,3.57
3507,Nissan,Kwid,2021,5,114879,2184,145.2,20.5,2,Petrol,Manual,3.09
3508,Hyundai,Slavia,2018,8,107926,1497,127.8,18.6,1,CNG,Automatic,2.5
3509,Toyota,Wagon R,2018,8,91425,2184,142.1,11.4,1,Petrol,Manual,3.14
3510,Skoda,Carens,2020,6,85296,998,84.0,10.0,1,Petrol,Manual,2.3
3511,Kia,Triber,2024,2,115579,1497,100.2,19.8,1,Petrol,Manual,4.23
3512,Jeep,Sonet,2023,3,159557,1598,109.8,24.6,1,Petrol,Manual,3.83
3513,Volkswagen,Seltos,2018,8,9291,1498,126.7,24.9,1,Petrol,Automatic,2.62
3514,Toyota,Innova Crysta,2018,8,44573,1497,100.4,11.1,2,CNG,Manual,2.34
3515,Jeep,Magnite,2023,3,56375,1956,128.8,20.2,2,CNG,Manual,5.0
3516,Skoda,Triber,2017,9,159590,1598,113.4,16.7,1,Diesel,Manual,1.61
3517,Nissan,Triber,2018,8,5196,1956,151.1,23.8,2,Petrol,Manual,1.94
3518,Renault,Magnite,2024,2,29275,1197,99.3,14.7,1,Petrol,Manual,3.02
3519,Maruti Suzuki,Dzire,2025,1,46710,2184,157.8,16.1,2,Petrol,Manual,6.41
3520,MG,Elevate,2024,2,152276,1199,77.8,14.4,1,Petrol,Automatic,4.01
3521,Hyundai,Kiger,2018,8,111721,1197,80.3,16.4,1,Petrol,Automatic,2.11
3522,Hyundai,Aura,2025,1,39275,1497,98.1,15.2,1,Diesel,Automatic,5.42
3523,Skoda,i20,2023,3,73256,1197,109.5,22.5,3,Petrol,Manual,3.5
3524,Toyota,Verna,2021,5,154441,1197,83.8,22.4,1,Petrol,Manual,2.38
3525,Tata,Slavia,2024,2,143695,1197,99.3,19.8,3,Petrol,Manual,2.94
3526,Honda,Punch,2021,5,132588,1498,103.2,13.8,3,Petrol,Manual,2.48
3527,Jeep,Baleno,2022,4,95159,1197,76.7,21.5,1,Diesel,Manual,3.48
3528,MG,Grand i10 Nios,2017,9,87813,2184,152.0,13.8,2,Petrol,Automatic,2.6
3529,Toyota,Polo,2020,6,132526,1956,119.8,10.2,1,Diesel,Manual,3.3
3530,Jeep,Glanza,2023,3,113844,1199,90.6,21.7,1,Petrol,Automatic,3.79
3531,Renault,Creta,2024,2,34273,1598,100.7,10.5,1,Petrol,Manual,3.93
3532,Skoda,Punch,2017,9,18816,2184,146.5,15.2,1,CNG,Manual,2.58
3533,Maruti Suzuki,City,2019,7,117276,1498,107.5,21.2,1,CNG,Automatic,2.22
3534,Tata,Tiago,2022,4,129505,1997,146.1,19.5,1,Diesel,Manual,3.89
3535,Kia,Amaze,2018,8,24899,1197,92.0,18.0,1,Petrol,Manual,1.48
3536,Volkswagen,Seltos,2021,5,105838,1497,123.1,11.2,1,Diesel,Manual,3.52
3537,Tata,Dzire,2023,3,65516,1199,106.0,21.2,1,Petrol,Manual,3.12
3538,Mahindra,Brezza,2020,6,152042,2184,161.1,22.5,2,Petrol,Manual,3.38
3539,Volkswagen,Kwid,2025,1,10506,1199,78.8,16.8,1,CNG,Automatic,4.83
3540,MG,Creta,2024,2,89565,2184,131.4,14.6,1,Diesel,Manual,6.4
3541,Volkswagen,Fortuner,2017,9,123223,1497,100.9,23.4,3,Diesel,Manual,1.93
3542,Volkswagen,Amaze,2019,7,80688,1498,105.6,12.7,1,Petrol,Manual,2.5
3543,Jeep,Kiger,2022,4,142626,1598,105.3,20.4,1,Diesel,Manual,3.51
3544,Mahindra,Aura,2024,2,9085,1197,88.4,15.0,1,Diesel,Manual,4.76
3545,Kia,Carens,2019,7,53967,1497,108.1,13.5,1,Diesel,Automatic,3.21
3546,Jeep,Verna,2020,6,24529,998,67.4,20.5,1,Petrol,Automatic,2.34
3547,Jeep,S-Presso,2023,3,69556,998,69.8,14.8,1,Petrol,Manual,3.36
3548,Maruti Suzuki,Slavia,2017,9,122099,1498,112.1,15.1,1,Diesel,Automatic,2.32
3549,Nissan,Slavia,2025,1,11527,1199,79.8,21.1,2,Petrol,Manual,3.2
3550,Volkswagen,S-Presso,2020,6,96508,2198,164.3,14.5,2,Petrol,Automatic,3.49
3551,Volkswagen,XUV 3XO,2022,4,7521,2184,152.3,12.0,2,Petrol,Automatic,4.84
3552,Hyundai,Harrier,2024,2,5191,1956,138.7,19.3,2,Petrol,Manual,5.68
3553,Renault,Harrier,2017,9,60334,1498,113.3,11.1,3,Diesel,Automatic,2.26
3554,Skoda,Venue,2022,4,106327,1956,119.4,22.6,1,Petrol,Manual,4.15
3555,Toyota,Hector,2017,9,7819,1498,116.1,14.8,3,Petrol,Manual,2.21
3556,Kia,Tiago,2025,1,107199,1197,86.4,13.0,1,Diesel,Manual,4.41
3557,Maruti Suzuki,Celerio,2021,5,51284,1997,134.3,21.1,1,Petrol,Manual,2.95
3558,Honda,Aura,2017,9,102370,1956,141.5,10.7,1,Petrol,Automatic,2.57
3559,MG,Slavia,2024,2,85824,2184,141.8,24.6,1,Diesel,Manual,6.66
3560,Kia,Alcazar,2022,4,67484,1997,136.6,15.2,1,Petrol,Manual,4.56
3561,Nissan,Punch,2025,1,114212,2184,160.2,23.4,1,CNG,Manual,5.88
3562,Kia,S-Presso,2022,4,40487,1598,131.9,21.3,1,Petrol,Manual,3.94
3563,Toyota,Grand i10 Nios,2022,4,76493,2184,142.1,18.4,2,CNG,Automatic,5.19
3564,Nissan,Seltos,2023,3,139993,1598,118.0,23.0,1,Petrol,Manual,2.83
3565,Toyota,Polo,2024,2,45127,1598,111.6,23.3,2,Petrol,Manual,4.88
3566,Toyota,i20,2021,5,135378,1956,134.7,12.2,2,Petrol,Manual,3.63
3567,Tata,Kushaq,2019,7,78719,1997,138.4,16.4,1,Diesel,Manual,3.13
3568,Skoda,Astor,2017,9,34631,1199,87.9,19.0,1,Diesel,Manual,2.08
3569,Jeep,Urban Cruiser Hyryder,2018,8,97408,1956,138.1,22.0,2,Petrol,Manual,2.15
3570,Jeep,Dzire,2025,1,153302,1956,139.3,12.5,2,Petrol,Manual,6.45
3571,Mahindra,Verna,2025,1,29266,2184,160.8,21.3,3,Diesel,Manual,7.83
3572,Tata,Elevate,2017,9,65278,1956,120.7,10.6,2,Petrol,Manual,1.74
3573,Maruti Suzuki,Glanza,2024,2,153158,998,98.8,10.7,1,Petrol,Manual,2.8
3574,Nissan,Tiago,2025,1,90477,1199,87.5,16.1,1,Petrol,Manual,3.07
3575,MG,Innova Crysta,2020,6,134788,2184,162.7,21.6,1,Petrol,Manual,3.3
3576,Mahindra,Kiger,2018,8,101009,2198,151.6,15.2,1,Diesel,Manual,2.73
3577,Tata,Venue,2022,4,86552,1997,121.0,22.8,1,Petrol,Manual,3.58
3578,Jeep,Thar,2021,5,62994,1498,110.0,19.2,1,Petrol,Manual,3.15
3579,Hyundai,i20,2020,6,118423,2198,155.8,14.6,1,Diesel,Manual,3.62
3580,Toyota,Taigun,2020,6,17813,2184,140.4,20.1,1,Petrol,Manual,3.81
3581,Honda,Virtus,2017,9,16397,2198,162.1,10.1,1,Petrol,Manual,2.25
3582,Skoda,Scorpio,2023,3,154229,1997,121.1,13.0,2,Petrol,Manual,4.07
3583,Toyota,Harrier,2017,9,40112,2198,145.3,21.6,3,Petrol,Manual,2.13
3584,Mahindra,Taigun,2023,3,151931,1956,141.1,20.9,1,Diesel,Automatic,5.6
3585,Maruti Suzuki,XUV700,2021,5,50446,1497,127.9,15.1,2,Petrol,Manual,2.44
3586,Hyundai,Magnite,2017,9,100457,2198,160.9,24.1,2,Diesel,Manual,2.72
3587,Maruti Suzuki,Alto K10,2025,1,111541,1997,130.5,19.9,1,Diesel,Manual,5.32
3588,Volkswagen,Creta,2017,9,33162,2198,152.0,12.7,2,Diesel,Manual,2.61
3589,Mahindra,Altroz,2024,2,35436,2198,164.0,12.5,1,Petrol,Manual,6.84
3590,Renault,Safari,2022,4,150711,1997,132.3,16.6,2,Diesel,Manual,2.95
3591,Jeep,Thar,2025,1,103537,1956,118.9,17.3,1,Diesel,Manual,6.42
3592,Hyundai,Virtus,2020,6,95042,1197,92.1,21.3,1,CNG,Manual,2.56
3593,Renault,Altroz,2025,1,144184,2198,161.8,24.9,1,Diesel,Manual,5.78
3594,Hyundai,Magnite,2020,6,40236,1197,84.6,14.8,2,Petrol,Manual,1.91
3595,Tata,Verna,2020,6,128239,998,87.0,22.9,1,Petrol,Manual,1.87
3596,Jeep,Baleno,2022,4,151465,1199,78.7,20.6,1,Petrol,Manual,2.44
3597,Tata,Innova Crysta,2017,9,85984,1956,126.6,11.5,2,Diesel,Automatic,2.49
3598,Nissan,Grand i10 Nios,2019,7,141550,1498,97.6,17.4,2,Diesel,Manual,1.54
3599,Nissan,Safari,2021,5,53886,1498,121.5,23.8,1,Petrol,Manual,2.54
3600,Renault,Kwid,2024,2,28814,2198,163.4,18.4,2,Diesel,Manual,5.05
3601,Kia,Fortuner,2025,1,112406,2198,158.9,10.4,1,Petrol,Automatic,7.58
3602,Renault,S-Presso,2019,7,110091,1199,99.5,16.1,2,Petrol,Manual,1.6
3603,Jeep,Safari,2021,5,116069,2198,144.3,18.1,1,Petrol,Manual,3.8
3604,MG,Venue,2018,8,33637,1956,120.9,22.8,1,Petrol,Automatic,3.13
3605,Jeep,Dzire,2019,7,23530,998,67.6,12.5,1,Petrol,Manual,2.05
3606,Mahindra,Fortuner,2024,2,25178,2198,166.7,10.1,1,Petrol,Automatic,7.32
3607,Renault,Glanza,2020,6,102498,2198,166.6,23.4,2,Petrol,Manual,2.87
3608,Volkswagen,Baleno,2022,4,94391,998,99.7,11.1,1,Petrol,Manual,2.35
3609,Renault,Grand i10 Nios,2022,4,9678,1197,85.4,21.9,2,Petrol,Manual,2.36
3610,Tata,Taigun,2024,2,71408,2198,139.2,10.6,2,Diesel,Manual,5.26
3611,MG,i20,2024,2,149603,1199,103.7,23.9,3,Petrol,Automatic,3.92
3612,Skoda,Slavia,2017,9,28184,2198,156.8,13.6,1,Diesel,Manual,2.52
3613,Skoda,Safari,2023,3,132601,2184,142.5,18.0,1,CNG,Manual,4.74
3614,Nissan,Dzire,2020,6,84897,2184,157.2,19.7,1,Petrol,Manual,2.54
3615,Nissan,S-Presso,2021,5,153779,2184,132.7,23.7,2,Diesel,Manual,2.75
3616,Nissan,Seltos,2024,2,81403,2184,158.1,13.8,1,Petrol,Manual,4.94
3617,Kia,Wagon R,2020,6,92242,1199,83.5,15.2,2,Petrol,Manual,1.86
3618,Skoda,Aura,2021,5,114623,1997,130.5,10.7,2,Petrol,Manual,3.09
3619,Hyundai,Scorpio,2019,7,59445,2198,147.2,17.7,1,Petrol,Manual,2.72
3620,Honda,Swift,2018,8,83050,998,87.8,17.4,2,Petrol,Automatic,1.88
3621,Kia,City,2023,3,26024,1956,121.8,14.9,2,Petrol,Manual,4.93
3622,Mahindra,Tiago,2017,9,150418,1197,110.5,14.0,2,Petrol,Manual,1.67
3623,Tata,Kushaq,2019,7,27629,2198,135.4,19.1,1,Petrol,Manual,2.68
3624,Mahindra,Glanza,2021,5,66777,1956,119.8,21.4,1,Petrol,Manual,3.5
3625,Volkswagen,Brezza,2019,7,141209,1197,106.4,14.6,3,Petrol,Manual,1.59
3626,MG,Elevate,2022,4,23442,1956,124.8,20.8,1,Petrol,Manual,4.73
3627,Tata,Wagon R,2021,5,136051,1598,127.1,16.9,2,Petrol,Manual,2.5
3628,Renault,Triber,2017,9,44111,1197,108.7,13.8,1,Diesel,Manual,1.4
3629,Skoda,Kwid,2019,7,54666,1598,109.8,21.1,1,Petrol,Manual,2.17
3630,Mahindra,Kiger,2020,6,31271,1956,133.8,15.3,2,Diesel,Manual,3.97
3631,Mahindra,Glanza,2022,4,36732,2184,163.9,18.6,1,Diesel,Manual,5.19
3632,Honda,Brezza,2022,4,65862,1498,103.7,23.2,2,Diesel,Manual,3.69
3633,Kia,Taigun,2018,8,109574,1497,126.5,20.2,2,Petrol,Manual,2.14
3634,Jeep,Celerio,2022,4,95821,1997,149.2,18.7,3,Petrol,Automatic,4.96
3635,Jeep,Verna,2021,5,132009,2198,162.6,20.6,2,Diesel,Automatic,5.03
3636,Volkswagen,Astor,2021,5,8876,2198,163.0,15.2,2,CNG,Manual,4.58
3637,Toyota,S-Presso,2019,7,105355,2184,146.1,17.2,2,Petrol,Automatic,3.58
3638,Renault,Creta,2023,3,31815,2184,133.0,15.9,2,Diesel,Manual,4.43
3639,Mahindra,Safari,2019,7,143472,1997,138.2,22.6,2,Diesel,Automatic,3.73
3640,Volkswagen,Verna,2017,9,104151,1197,103.7,20.3,2,Petrol,Automatic,1.78
3641,Toyota,Baleno,2018,8,119600,2198,155.7,22.0,1,Petrol,Manual,2.83
3642,Skoda,Glanza,2019,7,83484,2198,146.0,22.4,1,Petrol,Manual,2.76
3643,Maruti Suzuki,Scorpio,2021,5,150628,1199,96.2,23.1,2,Petrol,Automatic,2.79
3644,Hyundai,Punch,2021,5,25298,1598,132.1,21.4,1,Petrol,Automatic,3.9
3645,Renault,Altroz,2025,1,138728,998,74.6,22.4,1,Petrol,Automatic,3.48
3646,Maruti Suzuki,Magnite,2023,3,158373,2198,135.2,19.2,1,Petrol,Automatic,4.26
3647,Honda,Kwid,2017,9,40582,1997,153.6,16.0,1,Petrol,Manual,2.57
3648,MG,Compass,2017,9,88589,1997,124.8,13.6,2,Petrol,Manual,1.74
3649,Jeep,Altroz,2020,6,44682,998,83.7,20.9,1,Petrol,Manual,2.54
3650,Hyundai,S-Presso,2025,1,84071,2198,142.0,10.6,2,Diesel,Manual,6.39
3651,Kia,Polo,2019,7,137084,2198,145.3,20.1,1,Petrol,Automatic,3.44
3652,Skoda,Safari,2025,1,84659,998,76.4,13.0,3,Petrol,Manual,3.5
3653,Hyundai,Alcazar,2023,3,106926,2184,151.2,11.7,1,Petrol,Automatic,5.26
3654,MG,S-Presso,2017,9,49918,998,78.3,19.7,1,Petrol,Automatic,1.77
3655,Kia,Sonet,2024,2,94648,1497,100.7,16.4,1,Diesel,Manual,4.64
3656,Kia,Carens,2023,3,34750,1497,94.2,21.0,2,Petrol,Manual,3.96
3657,Kia,i20,2024,2,54978,1199,98.3,11.8,2,Petrol,Manual,3.76
3658,Nissan,Celerio,2024,2,65436,2198,160.7,15.1,1,Petrol,Manual,5.2
3659,Renault,Kushaq,2025,1,123136,1197,77.3,11.5,1,Diesel,Manual,3.36
3660,Volkswagen,Safari,2020,6,141576,1956,135.8,17.3,1,Petrol,Manual,3.11
3661,Honda,Polo,2024,2,124122,1598,114.5,22.2,1,Petrol,Manual,4.13
3662,Jeep,Urban Cruiser Hyryder,2022,4,118337,1498,119.3,24.8,2,CNG,Automatic,4.52
3663,Nissan,City,2025,1,53004,1199,87.3,13.3,1,Petrol,Manual,3.59
3664,Maruti Suzuki,Scorpio,2023,3,133077,1598,125.4,14.9,1,Petrol,Manual,3.21
3665,MG,Kwid,2020,6,136046,2184,145.5,11.3,2,Petrol,Automatic,3.88
3666,Jeep,Celerio,2023,3,30555,1497,101.9,15.8,1,Petrol,Manual,4.22
3667,Tata,Nexon,2023,3,17483,1598,103.6,12.1,3,Petrol,Manual,3.61
3668,Toyota,Magnite,2024,2,85130,998,65.5,24.6,1,CNG,Automatic,4.21
3669,Mahindra,Astor,2019,7,148445,1956,149.9,23.0,1,Petrol,Automatic,3.55
3670,Renault,Aura,2025,1,123672,2184,132.6,13.7,1,CNG,Manual,5.15
3671,Nissan,S-Presso,2022,4,111264,1956,130.7,14.8,1,Petrol,Manual,3.4
3672,Renault,Seltos,2021,5,139085,998,69.8,18.8,1,Petrol,Manual,1.73
3673,Skoda,XUV 3XO,2023,3,83381,1956,126.0,19.4,2,Diesel,Manual,5.02
3674,Nissan,Venue,2019,7,5273,1997,132.1,20.5,2,Petrol,Manual,2.14
3675,Hyundai,Creta,2020,6,5203,1956,131.1,18.4,1,Diesel,Manual,3.47
3676,Nissan,Verna,2017,9,102164,1197,81.6,21.8,2,Petrol,Manual,1.25
3677,Toyota,Carens,2018,8,67719,2198,159.6,24.9,1,Diesel,Manual,3.36
3678,Tata,Elevate,2017,9,134319,1197,93.9,20.6,1,Petrol,Manual,1.59
3679,Mahindra,Safari,2019,7,86782,1498,96.1,22.4,1,Petrol,Manual,2.35
3680,Mahindra,Punch,2024,2,128358,1498,116.3,17.3,2,Petrol,Automatic,4.8
3681,Skoda,Taigun,2022,4,158359,2198,134.2,12.7,2,Petrol,Manual,3.93
3682,Nissan,Slavia,2019,7,155399,1997,126.4,10.4,2,Petrol,Manual,1.8
3683,Honda,Bolero,2019,7,94997,1956,147.1,10.1,1,Petrol,Manual,2.78
3684,Kia,Thar,2025,1,24572,1197,109.4,22.8,2,Diesel,Manual,5.58
3685,Tata,Urban Cruiser Hyryder,2020,6,94604,2198,138.4,15.2,1,CNG,Manual,3.55
3686,Jeep,Altroz,2024,2,143433,1498,97.8,21.7,2,Petrol,Manual,4.03
3687,Renault,Tiago,2020,6,34186,1199,100.4,15.8,2,Diesel,Manual,2.18
3688,Maruti Suzuki,Triber,2025,1,35646,1199,77.7,11.1,2,Diesel,Manual,3.68
3689,Kia,Creta,2018,8,73812,1199,84.4,24.9,2,Petrol,Manual,1.72
3690,Maruti Suzuki,Harrier,2021,5,91104,1197,89.5,16.3,1,Petrol,Manual,2.15
3691,Honda,Creta,2019,7,69179,1956,140.6,22.9,1,Petrol,Manual,2.63
3692,MG,Amaze,2020,6,48348,998,75.9,14.9,1,Diesel,Automatic,3.05
3693,Tata,Kushaq,2019,7,10367,1598,103.1,11.0,1,Petrol,Automatic,2.52
3694,MG,Kushaq,2024,2,102723,1598,127.8,23.7,3,Petrol,Manual,4.73
3695,Tata,Triber,2022,4,55841,1199,87.5,21.5,1,Diesel,Manual,2.98
3696,Skoda,Tiago,2022,4,69967,1598,105.2,17.6,2,Petrol,Manual,3.15
3697,Jeep,Celerio,2018,8,68050,2184,159.5,22.4,2,Petrol,Manual,2.57
3698,Renault,Tiago,2022,4,56326,2198,151.2,19.2,3,Petrol,Automatic,3.88
3699,MG,Venue,2022,4,81234,1498,103.1,21.5,1,CNG,Manual,3.69
3700,Tata,Glanza,2020,6,39151,1498,96.3,23.7,1,Diesel,Manual,2.6
3701,Toyota,Alto K10,2021,5,114900,1497,123.3,13.5,1,Petrol,Manual,3.27
3702,Hyundai,Punch,2024,2,111468,1956,128.8,16.5,1,Petrol,Manual,5.13
3703,Honda,Slavia,2021,5,46598,1956,146.5,24.1,1,Petrol,Manual,3.43
3704,Jeep,Innova Crysta,2022,4,97972,1598,123.7,22.8,1,Petrol,Manual,4.13
3705,Skoda,Nexon,2018,8,73726,1197,83.3,17.3,2,Diesel,Manual,1.97
3706,Maruti Suzuki,Amaze,2020,6,78483,1997,149.9,23.1,1,Petrol,Manual,3.01
3707,Renault,Kushaq,2017,9,156679,1197,90.9,18.0,2,Petrol,Manual,1.25
3708,Tata,Baleno,2018,8,115952,1197,104.5,11.1,2,Petrol,Manual,1.36
3709,Maruti Suzuki,Harrier,2022,4,47962,1598,116.7,25.0,1,Petrol,Automatic,3.58
3710,Maruti Suzuki,Slavia,2019,7,66427,1498,96.8,13.3,2,Petrol,Manual,1.87
3711,Nissan,Innova Crysta,2025,1,97718,1199,82.3,20.4,2,Petrol,Manual,2.88
3712,Kia,Swift,2022,4,33191,2184,145.8,22.9,1,Diesel,Manual,5.4
3713,Renault,Verna,2021,5,96554,2184,166.3,25.0,1,Petrol,Manual,2.99
3714,Toyota,Dzire,2019,7,109960,1956,121.0,22.1,2,Petrol,Automatic,3.53
3715,Renault,Baleno,2024,2,46007,1997,135.1,13.9,1,CNG,Manual,4.68
3716,Honda,XUV700,2022,4,6112,1197,106.8,19.9,1,Diesel,Automatic,4.32
3717,Honda,Baleno,2022,4,38656,1197,81.8,23.8,2,CNG,Manual,2.86
3718,Mahindra,Altroz,2017,9,107887,1497,111.4,12.1,2,Petrol,Manual,1.71
3719,Hyundai,Polo,2019,7,157450,1199,94.3,16.5,1,Petrol,Manual,1.72
3720,Toyota,Astor,2017,9,88114,1197,80.4,11.2,1,Petrol,Automatic,1.83
3721,Renault,Harrier,2024,2,44382,998,86.4,20.7,1,Petrol,Manual,2.57
3722,Renault,Magnite,2017,9,79583,1497,114.2,24.1,1,Petrol,Automatic,1.74
3723,Kia,Triber,2023,3,12768,1956,138.6,10.4,2,Diesel,Manual,5.48
3724,Volkswagen,XUV700,2022,4,90902,2198,163.0,10.1,1,Petrol,Manual,4.23
3725,Mahindra,Bolero,2024,2,152768,998,87.8,10.6,3,Petrol,Manual,3.54
3726,Tata,Verna,2025,1,26897,998,86.9,10.8,1,Diesel,Manual,4.14
3727,Skoda,Bolero,2023,3,21772,998,83.6,20.7,2,Petrol,Manual,3.07
3728,Jeep,XUV 3XO,2024,2,43034,2184,132.5,22.6,2,Petrol,Manual,6.04
3729,Mahindra,Astor,2024,2,37320,1598,132.2,13.8,1,Petrol,Manual,5.53
3730,Toyota,Urban Cruiser Hyryder,2019,7,152759,1497,113.8,12.8,1,Petrol,Automatic,2.86
3731,Hyundai,Swift,2023,3,122743,1498,118.7,17.7,1,Diesel,Manual,4.26
3732,Renault,Amaze,2025,1,115985,2198,143.4,20.9,2,Petrol,Manual,5.18
3733,MG,Seltos,2019,7,29889,1598,109.4,21.9,1,Petrol,Manual,2.33
3734,Renault,Magnite,2019,7,24706,1498,120.9,21.6,1,Petrol,Manual,2.04
3735,Maruti Suzuki,Magnite,2023,3,26268,998,99.0,12.9,3,Petrol,Manual,2.97
3736,Renault,Celerio,2023,3,55584,1199,94.4,20.2,1,Petrol,Manual,2.98
3737,Kia,Dzire,2025,1,132422,1498,97.9,21.8,1,CNG,Manual,5.16
3738,Hyundai,Kiger,2022,4,37081,998,80.3,24.7,2,Diesel,Manual,2.52
3739,Renault,Dzire,2019,7,155584,1197,97.2,18.0,2,Petrol,Manual,1.25
3740,MG,Harrier,2020,6,147749,2184,135.3,14.7,1,Petrol,Manual,2.98
3741,Renault,Verna,2025,1,88469,1497,112.6,20.2,3,Petrol,Manual,3.51
3742,Mahindra,Compass,2020,6,10388,2198,149.7,24.0,1,CNG,Manual,4.04
3743,Jeep,Taigun,2018,8,142608,1497,114.3,17.5,1,Diesel,Manual,2.62
3744,Renault,Carens,2017,9,148737,1598,127.0,22.9,1,Petrol,Manual,1.25
3745,Hyundai,Sonet,2021,5,55035,1197,102.0,10.9,2,Petrol,Automatic,2.58
3746,Hyundai,Dzire,2022,4,34217,1497,106.1,23.6,2,Diesel,Automatic,3.66
3747,Maruti Suzuki,Slavia,2022,4,156043,1956,122.2,17.4,2,Diesel,Manual,3.17
3748,Volkswagen,Triber,2025,1,50181,1598,126.0,17.5,1,Diesel,Manual,5.93
3749,Toyota,Tiago,2025,1,147836,1997,136.7,14.0,1,Petrol,Manual,6.82
3750,Mahindra,Scorpio,2023,3,114950,1997,148.4,16.9,1,Petrol,Automatic,5.53
3751,Kia,Urban Cruiser Hyryder,2018,8,96386,1199,106.5,17.2,1,Petrol,Manual,1.78
3752,Toyota,Polo,2020,6,45995,998,69.6,13.8,1,Petrol,Manual,2.04
3753,Mahindra,Swift,2017,9,44487,1997,136.8,21.2,1,Diesel,Manual,2.91
3754,Volkswagen,Polo,2022,4,145582,998,85.0,14.6,1,Diesel,Automatic,3.28
3755,Hyundai,Elevate,2025,1,126866,2184,134.9,16.5,1,Petrol,Manual,6.21
3756,MG,Celerio,2018,8,6784,2198,135.0,19.9,1,Diesel,Automatic,3.72
3757,Hyundai,Altroz,2024,2,15931,998,81.5,21.9,2,Petrol,Automatic,4.08
3758,Toyota,Kwid,2022,4,133295,1598,120.0,22.2,1,Petrol,Automatic,4.48
3759,Renault,Urban Cruiser Hyryder,2017,9,40414,998,74.0,15.5,1,Petrol,Manual,1.34
3760,Nissan,Kushaq,2017,9,34094,998,88.5,24.8,1,Diesel,Automatic,1.95
3761,Kia,Magnite,2023,3,61356,998,71.9,14.7,1,Petrol,Automatic,3.26
3762,Honda,Urban Cruiser Hyryder,2024,2,57786,1997,133.4,12.7,1,CNG,Manual,5.45
3763,Kia,Punch,2018,8,97311,1497,126.7,12.9,2,Petrol,Manual,2.08
3764,Kia,Wagon R,2020,6,65029,1598,101.5,13.4,3,Petrol,Automatic,3.31
3765,Tata,Elevate,2019,7,42791,2184,133.5,13.9,1,Petrol,Manual,2.99
3766,Jeep,i20,2024,2,17383,1598,114.4,18.0,3,Diesel,Automatic,6.04
3767,Renault,Wagon R,2020,6,140591,1497,109.0,14.5,3,Petrol,Automatic,2.43
3768,Hyundai,Alcazar,2025,1,36604,1598,114.8,13.8,3,CNG,Manual,4.97
3769,Skoda,XUV 3XO,2017,9,81182,1598,108.6,21.8,1,Petrol,Manual,1.78
3770,Hyundai,Altroz,2021,5,124709,2198,165.7,14.2,1,Petrol,Manual,3.56
3771,Maruti Suzuki,Punch,2025,1,49201,998,84.0,17.3,1,Petrol,Automatic,4.18
3772,Tata,Fortuner,2019,7,65280,1197,99.2,11.9,2,Diesel,Manual,2.13
3773,MG,S-Presso,2019,7,8731,1497,116.9,13.2,1,Petrol,Manual,2.76
3774,Nissan,Astor,2023,3,63676,1199,106.0,17.9,3,Diesel,Manual,2.67
3775,MG,Celerio,2021,5,41922,1498,101.0,12.9,1,Petrol,Automatic,3.29
3776,Jeep,Triber,2024,2,92377,1956,132.9,14.6,1,Petrol,Manual,5.98
3777,Toyota,Polo,2017,9,6550,1498,113.9,11.0,2,Petrol,Manual,2.11
3778,Volkswagen,Nexon,2019,7,50791,1498,111.6,24.8,1,Petrol,Automatic,2.96
3779,Maruti Suzuki,i20,2021,5,151548,1199,90.9,21.0,2,Petrol,Manual,2.29
3780,Skoda,Innova Crysta,2019,7,14086,1498,109.9,20.1,1,Petrol,Manual,2.5
3781,MG,Creta,2025,1,72488,1498,112.6,20.7,3,Petrol,Manual,5.26
3782,Maruti Suzuki,S-Presso,2021,5,122379,998,80.5,12.1,2,CNG,Manual,2.06
3783,Mahindra,Verna,2021,5,9876,2184,154.8,17.0,3,Diesel,Manual,4.64
3784,Jeep,Brezza,2020,6,151054,1197,102.0,22.6,1,Diesel,Manual,2.32
3785,Renault,Seltos,2025,1,101394,1197,92.2,19.1,2,Petrol,Manual,3.62
3786,Kia,S-Presso,2024,2,115785,1497,94.4,12.0,1,Petrol,Manual,4.16
3787,Hyundai,Carens,2021,5,60896,1956,151.1,11.1,1,Diesel,Automatic,4.28
3788,Maruti Suzuki,Aura,2018,8,115396,1497,111.0,15.6,2,Diesel,Manual,1.58
3789,MG,Glanza,2019,7,79085,2184,154.1,23.8,2,Diesel,Automatic,4.05
3790,MG,Celerio,2020,6,128057,1598,120.9,22.4,1,Petrol,Manual,2.97
3791,Skoda,City,2024,2,67140,1956,122.0,20.4,1,Petrol,Manual,5.15
3792,Toyota,Compass,2020,6,112085,1497,108.5,17.6,1,Petrol,Manual,2.63
3793,MG,Safari,2021,5,41825,1497,115.0,17.7,1,Petrol,Manual,3.0
3794,Skoda,Brezza,2022,4,107720,1498,124.4,16.1,1,Diesel,Automatic,4.12
3795,Toyota,Baleno,2025,1,126477,1199,100.6,13.8,3,Petrol,Manual,4.51
3796,Skoda,Venue,2024,2,32658,2198,155.6,16.3,2,Petrol,Manual,6.51
3797,Kia,Creta,2025,1,36002,1598,114.4,12.9,1,Petrol,Manual,5.49
3798,Mahindra,Grand i10 Nios,2023,3,49351,1498,103.9,14.9,2,Petrol,Automatic,4.78
3799,Hyundai,Slavia,2023,3,42215,1997,134.5,23.3,1,Petrol,Automatic,5.31
3800,Honda,i20,2021,5,159207,1997,143.7,21.1,2,Petrol,Manual,2.87
3801,Toyota,Carens,2019,7,119329,2184,157.5,17.9,1,Diesel,Automatic,3.74
3802,Hyundai,Grand i10 Nios,2025,1,78523,1997,121.8,15.2,1,Petrol,Manual,6.01
3803,Honda,i20,2024,2,11721,1956,129.8,14.8,3,Petrol,Manual,5.27
3804,Nissan,Sonet,2018,8,15725,1197,110.2,19.1,1,CNG,Automatic,2.43
3805,Jeep,Carens,2022,4,24978,998,97.1,11.3,3,Petrol,Manual,3.15
3806,Tata,Grand i10 Nios,2020,6,61031,1497,126.1,23.1,2,Petrol,Manual,2.58
3807,Hyundai,Nexon,2023,3,125180,1497,96.5,23.0,1,Petrol,Manual,3.35
3808,Volkswagen,Alto K10,2025,1,24370,1997,152.2,20.0,3,Petrol,Manual,6.73
3809,Nissan,Scorpio,2022,4,79444,2184,132.5,15.8,1,Petrol,Manual,3.61
3810,Toyota,Virtus,2020,6,26988,1956,136.6,13.6,1,Petrol,Automatic,4.24
3811,Mahindra,Fortuner,2018,8,138648,1197,83.0,14.2,1,Petrol,Automatic,2.25
3812,Mahindra,Alcazar,2022,4,110704,1598,100.2,23.4,1,Petrol,Manual,3.2
3813,MG,Kiger,2018,8,43797,1199,84.4,22.3,1,Diesel,Manual,1.83
3814,Mahindra,Grand i10 Nios,2021,5,87047,2184,152.3,15.5,1,CNG,Automatic,4.94
3815,Hyundai,Astor,2017,9,67758,2198,166.8,15.8,1,Diesel,Manual,2.83
3816,Volkswagen,Bolero,2020,6,40888,2184,164.2,15.5,1,Petrol,Automatic,4.23
3817,Hyundai,Magnite,2025,1,10875,998,74.0,10.8,1,Petrol,Manual,3.99
3818,MG,Seltos,2022,4,19708,1956,146.4,12.8,1,Diesel,Manual,5.09
3819,Renault,Fortuner,2022,4,33214,1199,78.3,12.8,2,Petrol,Manual,2.14
3820,MG,Fortuner,2017,9,113990,1199,92.1,11.8,1,Diesel,Manual,1.75
3821,Toyota,Triber,2025,1,69907,1997,144.3,20.5,1,CNG,Manual,7.3
3822,Maruti Suzuki,i20,2023,3,42267,998,99.3,14.2,1,Petrol,Automatic,3.19
3823,Maruti Suzuki,Innova Crysta,2024,2,102036,1956,139.7,11.3,1,Petrol,Automatic,5.16
3824,Mahindra,Kiger,2024,2,70304,1956,148.4,14.1,1,Petrol,Manual,6.25
3825,Nissan,Kushaq,2021,5,26303,1497,107.7,21.3,1,Diesel,Manual,2.97
3826,Hyundai,Virtus,2019,7,25723,2184,139.2,17.6,2,Petrol,Manual,2.9
3827,Skoda,Kushaq,2020,6,35348,1199,102.3,17.2,2,Diesel,Automatic,3.25
3828,Mahindra,Celerio,2017,9,127625,1997,139.0,14.6,1,Diesel,Manual,2.27
3829,Nissan,Dzire,2018,8,96993,998,95.9,19.1,2,Petrol,Manual,1.3
3830,Jeep,Harrier,2021,5,66015,1997,149.5,12.6,2,CNG,Manual,4.21
3831,Maruti Suzuki,Alcazar,2024,2,5059,1197,77.2,20.3,2,Petrol,Manual,3.22
3832,Toyota,Kwid,2018,8,44039,1197,103.6,11.7,1,Petrol,Automatic,2.71
3833,Nissan,Fortuner,2017,9,145605,1498,103.9,11.7,1,CNG,Automatic,1.84
3834,Nissan,Triber,2018,8,123230,1497,99.5,19.7,1,Petrol,Manual,1.5
3835,Kia,Elevate,2025,1,19813,2198,152.6,10.1,1,CNG,Manual,8.14
3836,Hyundai,Taigun,2019,7,78689,1197,108.4,15.9,1,Diesel,Manual,1.99
3837,Hyundai,Grand i10 Nios,2019,7,43898,1997,132.6,18.2,2,Diesel,Manual,2.88
3838,Tata,Slavia,2017,9,85587,2184,133.2,18.5,2,Petrol,Manual,1.97
3839,Renault,XUV 3XO,2017,9,84269,998,79.2,18.7,1,Petrol,Manual,1.25
3840,Hyundai,Altroz,2017,9,148436,998,81.8,14.5,3,Petrol,Manual,1.35
3841,MG,Verna,2022,4,55012,998,69.1,13.1,1,Diesel,Automatic,3.19
3842,Skoda,Harrier,2019,7,15725,2184,134.0,16.1,2,Petrol,Manual,2.69
3843,Toyota,Nexon,2020,6,29163,1598,111.3,17.6,1,Petrol,Manual,2.87
3844,Skoda,Scorpio,2024,2,7031,1498,123.7,18.4,1,Diesel,Automatic,5.91
3845,Jeep,Triber,2023,3,99355,1997,133.1,19.2,2,Diesel,Manual,5.49
3846,Renault,Punch,2024,2,7419,2184,143.4,23.6,1,Petrol,Manual,4.89
3847,Skoda,Virtus,2020,6,9063,2184,159.9,15.8,3,Petrol,Manual,3.74
3848,MG,Wagon R,2024,2,132668,1956,121.6,15.7,3,Petrol,Manual,5.19
3849,Hyundai,Glanza,2018,8,81987,1598,128.5,18.3,3,Diesel,Manual,1.9
3850,Honda,Verna,2022,4,37789,998,89.2,11.7,1,Diesel,Manual,2.91
3851,Skoda,City,2023,3,70938,1598,98.9,21.8,1,Petrol,Manual,3.89
3852,Tata,Nexon,2020,6,110503,2198,158.8,24.2,1,Diesel,Automatic,3.87
3853,Mahindra,Altroz,2017,9,7980,998,74.9,10.7,1,Diesel,Automatic,2.52
3854,Tata,Alto K10,2021,5,157250,998,99.7,16.8,2,Diesel,Manual,2.45
3855,Nissan,Polo,2025,1,25351,1956,148.5,22.3,2,Diesel,Manual,5.7
3856,Toyota,Sonet,2020,6,134252,2198,162.1,18.1,2,Petrol,Manual,3.53
3857,Mahindra,Nexon,2019,7,67839,1497,124.8,22.5,1,Petrol,Automatic,2.83
3858,Jeep,Safari,2024,2,17738,2198,162.8,20.2,1,Diesel,Automatic,7.96
3859,Mahindra,Urban Cruiser Hyryder,2017,9,135998,1197,105.1,15.6,1,Diesel,Manual,1.61
3860,Toyota,Polo,2019,7,97155,1997,147.9,15.8,2,Petrol,Manual,2.79
3861,Nissan,Verna,2019,7,80829,1197,98.2,18.2,1,Petrol,Manual,1.25
3862,Kia,Seltos,2018,8,147359,2198,162.5,18.0,2,Petrol,Automatic,2.94
3863,Renault,Punch,2018,8,121231,998,81.8,19.2,1,Petrol,Manual,1.47
3864,Jeep,Alto K10,2017,9,38510,998,72.6,23.0,1,Diesel,Automatic,1.98
3865,Skoda,Fortuner,2020,6,92901,998,94.7,21.6,1,Petrol,Automatic,2.34
3866,Nissan,Celerio,2021,5,104201,1199,80.0,15.7,1,Petrol,Manual,1.94
3867,Toyota,Astor,2019,7,9340,1997,154.0,16.6,1,Diesel,Automatic,4.36
3868,Skoda,City,2022,4,153581,1497,120.6,13.6,2,Petrol,Automatic,3.56
3869,Skoda,Elevate,2022,4,18563,2198,144.6,17.9,1,Petrol,Manual,4.47
3870,MG,Scorpio,2024,2,68415,998,71.9,17.3,1,Petrol,Manual,3.16
3871,Renault,Grand i10 Nios,2023,3,76636,2198,155.9,14.2,1,Diesel,Automatic,4.68
3872,Hyundai,Seltos,2018,8,120692,1498,120.0,21.5,1,Petrol,Manual,1.75
3873,Skoda,Virtus,2018,8,62307,2198,147.3,23.7,1,CNG,Automatic,3.16
3874,Maruti Suzuki,Venue,2018,8,103637,1956,141.2,14.9,1,Petrol,Manual,2.25
3875,Skoda,Triber,2024,2,35050,1997,133.3,17.5,2,Diesel,Automatic,6.59
3876,Volkswagen,Dzire,2025,1,58738,1498,122.1,22.0,1,Petrol,Automatic,5.75
3877,Skoda,Nexon,2021,5,24534,2184,155.4,20.3,1,Petrol,Manual,4.36
3878,Honda,Sonet,2022,4,126456,1956,148.1,16.7,2,CNG,Manual,3.95
3879,Skoda,Tiago,2021,5,76775,998,67.0,18.7,1,Petrol,Manual,2.17
3880,Tata,Alto K10,2020,6,108990,1197,92.1,17.3,1,Petrol,Manual,2.0
3881,Renault,Nexon,2024,2,141495,2198,167.1,15.4,2,Petrol,Manual,4.46
3882,Honda,Punch,2017,9,9802,1199,90.7,21.4,2,Petrol,Manual,1.37
3883,Honda,Bolero,2024,2,101072,1956,122.2,16.5,2,CNG,Manual,4.95
3884,Honda,Taigun,2025,1,19191,1956,145.6,12.6,1,Petrol,Automatic,6.86
3885,Renault,Wagon R,2021,5,98110,1956,147.9,18.2,1,Petrol,Manual,2.84
3886,Kia,Swift,2018,8,19662,1997,148.8,14.3,2,Petrol,Manual,2.49
3887,Kia,Grand i10 Nios,2022,4,36076,2198,154.6,24.3,1,Petrol,Manual,5.05
3888,Honda,S-Presso,2017,9,137735,1598,123.8,23.0,1,Petrol,Automatic,2.28
3889,Tata,Verna,2024,2,19824,1598,122.8,15.6,1,Petrol,Manual,4.73
3890,Kia,Baleno,2018,8,50727,1997,139.9,24.7,1,Diesel,Manual,2.73
3891,MG,Kwid,2017,9,42937,1598,116.1,10.7,2,Diesel,Manual,2.16
3892,Skoda,Slavia,2017,9,155541,2198,143.4,24.0,1,Petrol,Manual,1.73
3893,Skoda,Slavia,2021,5,49316,2184,152.6,15.9,1,Petrol,Manual,4.01
3894,Nissan,Urban Cruiser Hyryder,2023,3,68869,998,99.7,11.7,3,Petrol,Manual,2.44
3895,Maruti Suzuki,Polo,2024,2,5116,1497,127.8,20.7,1,Petrol,Manual,4.81
3896,Toyota,Innova Crysta,2020,6,116255,998,87.9,24.8,2,CNG,Manual,2.42
3897,Mahindra,Punch,2017,9,82325,1956,138.9,18.9,1,Diesel,Manual,2.66
3898,Nissan,Grand i10 Nios,2018,8,54667,2198,150.4,25.0,1,Petrol,Manual,2.24
3899,Hyundai,S-Presso,2021,5,130748,1199,94.7,17.4,1,Petrol,Manual,2.55
3900,Kia,Dzire,2018,8,44533,998,70.0,19.4,1,Diesel,Automatic,2.6
3901,Kia,Thar,2021,5,91325,1497,124.5,23.5,1,Petrol,Manual,2.99
3902,Hyundai,Verna,2024,2,154823,1997,154.2,13.0,1,Diesel,Automatic,6.08
3903,Volkswagen,Astor,2018,8,113323,1498,121.3,16.6,2,Petrol,Manual,2.14
3904,Hyundai,Seltos,2017,9,111288,998,76.7,24.1,1,Petrol,Automatic,1.61
3905,Nissan,Astor,2023,3,34834,998,82.1,21.0,2,Diesel,Automatic,2.82
3906,Jeep,Fortuner,2025,1,47112,1956,146.9,22.0,1,Petrol,Manual,7.61
3907,Jeep,Dzire,2025,1,64818,1497,111.9,11.8,1,Petrol,Manual,5.75
3908,Volkswagen,Hector,2017,9,9405,1498,113.5,12.7,1,Diesel,Automatic,2.44
3909,Nissan,Nexon,2017,9,118693,1997,153.7,15.8,1,Petrol,Manual,1.74
3910,Toyota,Brezza,2018,8,125973,1997,138.7,15.5,1,Petrol,Manual,2.66
3911,Hyundai,Seltos,2025,1,79512,2184,146.8,19.2,2,CNG,Manual,6.37
3912,Mahindra,Elevate,2024,2,102642,1598,124.1,21.9,1,Diesel,Automatic,5.91
3913,MG,Glanza,2017,9,56753,1199,98.8,14.6,1,CNG,Automatic,2.13
3914,Renault,Scorpio,2021,5,123596,1997,131.8,23.0,1,Petrol,Manual,2.86
3915,Kia,Safari,2020,6,144099,1956,127.3,11.6,2,Diesel,Manual,3.19
3916,Nissan,Safari,2025,1,93239,2198,139.0,23.9,1,Petrol,Manual,5.22
3917,Nissan,Creta,2019,7,148315,1497,125.7,10.2,1,Petrol,Manual,1.88
3918,Kia,Harrier,2020,6,93500,1199,98.9,23.1,1,Petrol,Manual,2.18
3919,Jeep,Wagon R,2019,7,95438,2198,153.1,11.5,1,Diesel,Manual,3.66
3920,Honda,Creta,2018,8,50234,998,71.0,15.7,2,Petrol,Automatic,1.88
3921,Maruti Suzuki,Bolero,2021,5,115520,1997,127.9,18.4,1,Petrol,Automatic,3.44
3922,Tata,Grand i10 Nios,2017,9,92340,998,99.2,11.2,2,Diesel,Automatic,2.27
3923,Mahindra,Safari,2020,6,73938,1497,109.8,16.5,1,Diesel,Manual,2.74
3924,Kia,Baleno,2018,8,41370,998,87.6,12.2,2,Petrol,Manual,1.41
3925,Jeep,Thar,2018,8,19757,1497,102.5,13.1,1,Petrol,Automatic,2.53
3926,Volkswagen,Punch,2018,8,79729,1199,106.8,13.1,1,Petrol,Manual,1.53
3927,Volkswagen,Kushaq,2020,6,148200,1199,88.4,13.5,1,Diesel,Automatic,2.78
3928,Tata,Tiago,2022,4,105706,1197,85.2,16.9,1,Petrol,Manual,2.27
3929,Kia,Polo,2023,3,114715,2184,164.8,17.6,2,CNG,Manual,5.5
3930,Skoda,Baleno,2021,5,107896,2198,164.2,21.3,1,Petrol,Manual,3.94
3931,Renault,Astor,2019,7,143633,1598,109.0,14.7,2,Diesel,Automatic,2.23
3932,Mahindra,Seltos,2021,5,87414,1197,94.6,10.9,2,Diesel,Manual,2.76
3933,Tata,Sonet,2020,6,96172,1956,147.2,24.7,3,CNG,Manual,2.94
3934,Kia,Astor,2025,1,139574,1498,121.8,12.2,1,Diesel,Manual,5.67
3935,MG,i20,2025,1,106846,1598,106.3,13.2,1,Petrol,Automatic,5.81
3936,Jeep,Nexon,2023,3,129207,998,97.3,18.3,2,CNG,Automatic,4.15
3937,Toyota,Elevate,2020,6,14379,1997,127.5,14.3,2,Petrol,Manual,3.66
3938,Maruti Suzuki,Carens,2022,4,91142,1497,98.8,13.7,1,Petrol,Manual,2.65
3939,Toyota,Virtus,2022,4,153503,1498,111.7,19.2,1,Petrol,Automatic,3.71
3940,Kia,Urban Cruiser Hyryder,2024,2,16356,2184,135.7,12.8,1,Petrol,Manual,6.46
3941,MG,City,2019,7,32914,998,99.2,24.8,1,Petrol,Manual,2.29
3942,Volkswagen,Wagon R,2018,8,118583,1197,92.1,19.0,1,CNG,Manual,1.55
3943,MG,Urban Cruiser Hyryder,2023,3,57935,1498,113.0,21.2,1,Diesel,Manual,4.45
3944,Jeep,Seltos,2023,3,19347,1997,135.9,14.5,2,Petrol,Manual,5.27
3945,Volkswagen,Verna,2017,9,54508,2184,132.8,14.0,1,Diesel,Manual,2.15
3946,Skoda,S-Presso,2024,2,84513,1997,134.5,16.8,1,Petrol,Automatic,5.78
3947,Toyota,Altroz,2018,8,136413,1197,109.8,15.8,2,Petrol,Manual,1.66
3948,Jeep,Astor,2020,6,150261,1199,110.8,24.4,1,Petrol,Manual,2.45
3949,Honda,Compass,2020,6,6188,1197,77.5,19.2,2,Petrol,Manual,2.2
3950,Volkswagen,Urban Cruiser Hyryder,2025,1,73659,998,90.3,21.5,1,Petrol,Automatic,4.78
3951,Tata,Punch,2023,3,115165,1497,101.8,18.8,1,Petrol,Manual,3.65
3952,Toyota,City,2020,6,122237,1598,110.4,23.1,1,Petrol,Automatic,3.18
3953,Volkswagen,Seltos,2022,4,144473,1598,115.8,13.3,2,Diesel,Automatic,3.94
3954,Honda,Glanza,2023,3,109952,998,81.3,20.1,1,CNG,Manual,2.95
3955,Skoda,Elevate,2021,5,39037,1997,153.5,10.2,1,Diesel,Automatic,4.77
3956,Kia,Grand i10 Nios,2020,6,154146,1598,123.4,14.6,1,Petrol,Manual,2.51
3957,Renault,Hector,2023,3,35773,998,90.3,11.6,2,Petrol,Manual,2.73
3958,Renault,Thar,2020,6,94037,1997,152.5,12.0,2,Petrol,Manual,2.81
3959,Jeep,Tiago,2023,3,118109,1497,112.7,23.3,3,Petrol,Manual,4.1
3960,Nissan,XUV700,2025,1,133473,1997,126.4,21.4,2,Diesel,Manual,4.89
3961,MG,Sonet,2023,3,107786,1598,109.6,24.0,1,Petrol,Automatic,4.34
3962,Mahindra,Alcazar,2020,6,149920,1199,104.6,18.0,1,Petrol,Automatic,2.59
3963,Kia,City,2023,3,60266,1598,122.5,13.0,2,Petrol,Automatic,4.98
3964,Tata,Hector,2021,5,118508,998,92.8,10.8,1,Petrol,Manual,1.91
3965,Maruti Suzuki,Taigun,2024,2,79854,2184,154.8,19.7,2,Petrol,Automatic,5.83
3966,Nissan,S-Presso,2024,2,90042,1497,100.4,10.8,1,Diesel,Manual,3.42
3967,Skoda,Seltos,2023,3,5823,998,81.7,20.3,3,Diesel,Manual,3.44
3968,Renault,Thar,2021,5,72537,1598,129.0,24.5,1,CNG,Automatic,3.42
3969,Nissan,Brezza,2023,3,23284,1199,89.1,14.5,1,Petrol,Manual,2.96
3970,Volkswagen,Venue,2020,6,63798,1598,120.3,13.1,2,Petrol,Automatic,2.99
3971,Kia,Altroz,2018,8,77487,1997,141.3,17.3,1,Diesel,Manual,3.04
3972,Honda,Glanza,2018,8,16806,2184,145.8,10.3,1,Petrol,Manual,2.37
3973,Maruti Suzuki,Alto K10,2020,6,90685,2184,133.8,12.8,3,Diesel,Automatic,3.21
3974,Tata,Thar,2023,3,74003,998,96.1,21.3,1,Petrol,Manual,2.77
3975,Volkswagen,Altroz,2017,9,153190,1199,85.2,24.4,2,Diesel,Manual,1.8
3976,Tata,Sonet,2021,5,74907,1956,141.7,22.2,3,Petrol,Automatic,3.69
3977,Mahindra,Urban Cruiser Hyryder,2025,1,126215,1498,100.0,21.7,1,Diesel,Automatic,5.63
3978,Honda,Swift,2017,9,93785,1199,89.9,17.6,1,Diesel,Automatic,1.86
3979,Renault,Dzire,2019,7,156238,1997,133.5,15.0,1,Petrol,Automatic,2.18
3980,Jeep,Baleno,2024,2,51085,1498,117.5,15.6,3,Petrol,Manual,4.92
3981,Kia,Alcazar,2019,7,70458,1498,112.0,17.6,1,CNG,Manual,2.7
3982,Skoda,Triber,2021,5,115690,1199,103.7,22.0,1,CNG,Manual,2.46
3983,Skoda,Triber,2025,1,103747,2184,165.7,25.0,3,Diesel,Manual,6.92
3984,Skoda,Harrier,2021,5,112108,1498,123.6,10.9,2,CNG,Manual,2.77
3985,Honda,Tiago,2024,2,19723,998,87.9,22.2,2,Diesel,Manual,4.1
3986,Skoda,Urban Cruiser Hyryder,2025,1,85332,1498,107.9,11.6,1,Petrol,Automatic,5.35
3987,Honda,Thar,2017,9,127392,1997,137.0,19.8,1,Petrol,Manual,1.85
3988,MG,City,2020,6,68792,1598,99.2,10.5,2,Petrol,Manual,2.6
3989,Tata,City,2020,6,116727,1197,92.4,23.5,3,Petrol,Manual,1.53
3990,Honda,Dzire,2024,2,50617,1199,90.0,15.1,2,Petrol,Manual,3.86
3991,Maruti Suzuki,XUV700,2020,6,136574,1497,119.8,22.6,3,Petrol,Manual,1.72
3992,Skoda,Grand i10 Nios,2021,5,57959,1498,119.4,12.7,1,CNG,Automatic,3.66
3993,Maruti Suzuki,S-Presso,2020,6,66737,1497,126.0,13.8,2,Diesel,Manual,2.89
3994,Jeep,S-Presso,2017,9,106159,2184,158.7,18.8,1,Diesel,Manual,2.64
3995,Volkswagen,XUV700,2021,5,15882,1997,140.8,24.3,2,Petrol,Manual,3.74
3996,Toyota,Sonet,2019,7,139701,1197,82.0,17.6,2,Diesel,Manual,2.13
3997,Volkswagen,Kwid,2024,2,83180,2184,145.2,24.2,2,Petrol,Manual,5.6
3998,Mahindra,Magnite,2020,6,109046,1197,102.9,11.5,2,Petrol,Manual,2.39
3999,Volkswagen,Creta,2024,2,97952,2198,166.2,17.8,1,Diesel,Manual,6.04
4000,Kia,XUV 3XO,2025,1,45131,1497,117.1,12.6,1,Diesel,Automatic,6.27
4001,Renault,Baleno,2022,4,24635,1497,99.5,23.0,1,Petrol,Automatic,3.02
4002,Toyota,Compass,2019,7,31715,2198,153.9,21.1,1,Petrol,Manual,3.21
4003,MG,Venue,2022,4,121151,1997,143.7,22.3,2,Petrol,Automatic,4.71
4004,Tata,Scorpio,2021,5,107326,998,79.0,24.5,2,Petrol,Automatic,2.42
4005,Renault,Thar,2023,3,43495,1498,103.6,13.2,2,Petrol,Manual,2.88
4006,MG,Hector,2021,5,34534,1197,93.0,16.5,2,Diesel,Manual,3.03
4007,Renault,Dzire,2023,3,125804,1956,131.8,21.9,2,CNG,Automatic,3.72
4008,Renault,Verna,2025,1,141141,1997,132.8,23.1,1,Diesel,Manual,5.16
4009,Skoda,Virtus,2017,9,102230,1598,110.0,21.7,1,Petrol,Manual,1.8
4010,Volkswagen,City,2025,1,153147,1497,121.5,13.8,1,Petrol,Manual,4.54
4011,Toyota,Polo,2021,5,36175,2184,137.8,18.7,1,Petrol,Manual,4.57
4012,Skoda,Punch,2018,8,135870,2198,153.1,17.7,1,Petrol,Manual,2.14
4013,Maruti Suzuki,Scorpio,2025,1,37620,1197,76.9,12.3,2,Petrol,Manual,3.52
4014,Hyundai,Brezza,2021,5,12500,2198,153.6,14.0,1,Petrol,Automatic,4.15
4015,Volkswagen,Altroz,2025,1,106403,1497,124.6,19.6,1,Petrol,Manual,5.07
4016,Kia,Verna,2021,5,12912,1199,102.7,14.3,2,Diesel,Automatic,3.74
4017,Mahindra,Nexon,2024,2,150606,998,94.1,15.7,1,Petrol,Manual,3.79
4018,Tata,Sonet,2023,3,22475,2184,144.4,11.6,2,Petrol,Manual,4.65
4019,Honda,S-Presso,2023,3,30387,2198,157.6,19.7,2,Petrol,Manual,5.37
4020,Renault,Safari,2019,7,129996,1197,82.3,19.4,2,Diesel,Manual,1.48
4021,Jeep,Alcazar,2018,8,76046,1997,138.4,14.7,2,Petrol,Manual,2.76
4022,Toyota,Innova Crysta,2021,5,48822,1199,86.4,14.4,2,Petrol,Manual,2.55
4023,Honda,XUV700,2025,1,90733,2184,165.0,14.8,1,Diesel,Automatic,7.34
4024,Jeep,Altroz,2021,5,159253,1956,123.5,10.4,1,Petrol,Manual,3.31
4025,Hyundai,Innova Crysta,2018,8,137387,1498,109.7,22.2,2,Petrol,Automatic,2.25
4026,Nissan,Kiger,2017,9,147790,1997,135.2,24.9,2,CNG,Manual,1.97
4027,Toyota,Elevate,2017,9,10903,1497,121.6,13.6,1,Petrol,Manual,2.09
4028,Mahindra,Kushaq,2021,5,91436,1997,153.8,13.5,1,Petrol,Manual,4.35
4029,Volkswagen,Fortuner,2023,3,85327,1197,90.0,21.5,1,Petrol,Manual,2.98
4030,MG,Slavia,2024,2,106236,1497,112.3,15.5,1,Petrol,Manual,4.96
4031,Toyota,Triber,2017,9,15394,1598,123.0,16.3,1,Petrol,Automatic,2.7
4032,Maruti Suzuki,Kiger,2019,7,15030,1997,142.2,23.5,1,Petrol,Manual,2.86
4033,Hyundai,Hector,2023,3,120173,998,96.4,21.7,1,Petrol,Manual,3.01
4034,Skoda,Urban Cruiser Hyryder,2024,2,35344,1598,103.2,20.3,1,Diesel,Manual,5.37
4035,Mahindra,Glanza,2019,7,72548,2184,146.4,16.9,1,Petrol,Manual,3.34
4036,Honda,Slavia,2023,3,47028,1956,124.7,23.1,1,Petrol,Automatic,5.44
4037,Tata,Tiago,2018,8,13572,1956,128.7,11.8,2,Petrol,Manual,2.36
4038,Jeep,Nexon,2023,3,92919,1498,117.5,13.0,1,Petrol,Manual,4.3
4039,Volkswagen,Kwid,2020,6,71449,1497,94.3,11.6,1,Petrol,Manual,2.12
4040,Hyundai,Innova Crysta,2018,8,67081,2184,157.1,23.6,1,Petrol,Manual,2.54
4041,Volkswagen,Polo,2024,2,107303,998,67.9,17.9,1,Petrol,Manual,3.33
4042,Hyundai,Sonet,2018,8,141123,1498,128.1,18.7,1,Diesel,Manual,2.39
4043,Skoda,Elevate,2017,9,142568,2184,137.4,21.8,2,Petrol,Automatic,2.36
4044,Toyota,Slavia,2024,2,90057,1498,122.9,24.9,2,Petrol,Automatic,5.78
4045,Honda,Punch,2017,9,33245,1956,122.2,17.0,1,Petrol,Manual,2.17
4046,Jeep,Grand i10 Nios,2024,2,71814,1997,132.5,15.2,1,CNG,Manual,6.57
4047,Honda,Baleno,2023,3,51159,2184,159.2,23.8,1,Diesel,Manual,5.6
4048,Nissan,XUV700,2020,6,153957,1598,123.7,20.4,1,Petrol,Automatic,2.17
4049,Volkswagen,Seltos,2021,5,96891,998,98.0,24.4,2,Petrol,Manual,2.28
4050,Skoda,Harrier,2021,5,7501,1598,120.9,19.1,1,Petrol,Manual,3.35
4051,MG,Taigun,2022,4,148520,1199,91.7,21.9,2,Petrol,Automatic,3.01
4052,Kia,Aura,2024,2,138516,998,67.5,14.2,1,Petrol,Manual,3.26
4053,Volkswagen,S-Presso,2023,3,6750,1497,122.9,23.6,1,Petrol,Manual,4.26
4054,Toyota,Triber,2018,8,85256,1199,89.2,16.6,2,Petrol,Automatic,2.36
4055,Nissan,Bolero,2017,9,32936,1199,89.6,24.9,1,Diesel,Manual,1.42
4056,Kia,Thar,2023,3,37602,1997,127.2,23.8,2,Diesel,Automatic,5.91
4057,Toyota,Kushaq,2019,7,121463,1598,132.9,22.7,2,Petrol,Manual,2.37
4058,Nissan,Urban Cruiser Hyryder,2023,3,135325,1956,148.2,12.2,3,Petrol,Manual,3.5
4059,Hyundai,Grand i10 Nios,2024,2,156334,2198,135.8,12.1,2,Petrol,Automatic,5.47
4060,Skoda,Elevate,2025,1,111277,2184,134.5,20.8,2,Diesel,Automatic,7.03
4061,MG,Swift,2023,3,50827,1498,97.4,15.8,1,Diesel,Manual,4.04
4062,Maruti Suzuki,Brezza,2022,4,53237,1598,101.8,14.0,3,Petrol,Manual,3.0
4063,Tata,Kiger,2018,8,38681,1498,117.2,24.9,2,Diesel,Manual,2.09
4064,Mahindra,Aura,2022,4,110413,998,82.0,16.7,1,CNG,Manual,2.88
4065,Maruti Suzuki,XUV700,2018,8,43365,1498,107.9,18.5,2,Petrol,Automatic,2.35
4066,MG,Polo,2020,6,41780,2198,151.5,10.1,2,Diesel,Manual,3.98
4067,Nissan,XUV 3XO,2018,8,117215,1497,117.5,13.2,1,Petrol,Manual,1.55
4068,Hyundai,Seltos,2022,4,80857,2198,133.7,22.3,2,Petrol,Manual,3.92
4069,Kia,Astor,2021,5,12161,1199,105.0,14.0,1,CNG,Manual,3.4
4070,Kia,Bolero,2021,5,27874,2184,151.9,10.3,3,CNG,Manual,3.97
4071,Skoda,Kushaq,2018,8,102756,1498,93.7,11.1,1,Diesel,Automatic,2.26
4072,MG,City,2018,8,100947,1498,96.2,22.1,2,Diesel,Automatic,2.34
4073,Mahindra,Grand i10 Nios,2022,4,21342,1997,140.5,13.4,2,Diesel,Manual,4.62
4074,Mahindra,Virtus,2019,7,40088,2184,136.1,21.4,1,CNG,Manual,3.42
4075,Hyundai,Fortuner,2020,6,96420,1197,88.4,23.3,1,Petrol,Manual,2.21
4076,Tata,Hector,2022,4,51395,1197,100.5,15.2,2,Petrol,Automatic,3.42
4077,Jeep,Virtus,2021,5,95309,2198,163.6,21.6,2,Petrol,Automatic,4.65
4078,Tata,Amaze,2019,7,70910,1197,90.2,19.4,1,Petrol,Manual,1.56
4079,Renault,Scorpio,2023,3,18619,1956,145.5,23.0,1,Diesel,Automatic,4.54
4080,Jeep,Punch,2018,8,124602,2198,155.1,19.9,2,CNG,Automatic,3.15
4081,Tata,Compass,2017,9,126114,998,79.0,10.7,1,Diesel,Manual,1.34
4082,Nissan,Baleno,2021,5,64286,1997,155.2,10.2,1,Diesel,Automatic,3.86
4083,Mahindra,City,2018,8,93676,1197,94.5,19.5,2,Petrol,Manual,1.84
4084,Mahindra,S-Presso,2017,9,141247,1997,145.5,19.8,1,Diesel,Automatic,2.56
4085,Maruti Suzuki,Brezza,2021,5,104774,2198,142.9,11.8,1,Petrol,Automatic,3.65
4086,Volkswagen,Scorpio,2024,2,73320,2198,160.1,23.7,1,Petrol,Manual,5.74
4087,Tata,Glanza,2020,6,40005,1956,121.4,16.0,1,Diesel,Manual,2.87
4088,Skoda,Virtus,2021,5,53781,2198,165.6,19.0,1,Petrol,Manual,4.13
4089,Skoda,Venue,2024,2,56125,998,89.8,18.9,2,Diesel,Automatic,4.49
4090,Renault,Sonet,2025,1,92154,1497,98.5,22.4,3,Petrol,Automatic,4.34
4091,Kia,i20,2020,6,6816,1199,81.8,12.5,2,Petrol,Manual,2.48
4092,Kia,Seltos,2022,4,144865,1598,99.2,19.4,2,Diesel,Manual,3.23
4093,Tata,Glanza,2025,1,23748,1199,100.2,10.5,2,Petrol,Manual,4.52
4094,Honda,Nexon,2019,7,80052,1598,103.1,17.5,2,Petrol,Manual,2.44
4095,Honda,City,2019,7,114652,998,69.9,20.5,2,Petrol,Manual,1.57
4096,Volkswagen,Tiago,2019,7,122387,1197,77.9,24.6,1,Petrol,Automatic,2.45
4097,Skoda,Dzire,2020,6,136522,1598,125.1,15.8,2,Petrol,Automatic,2.96
4098,Hyundai,Seltos,2025,1,55305,998,100.1,16.6,1,Petrol,Manual,4.28
4099,Maruti Suzuki,Swift,2020,6,56436,1956,131.0,21.4,2,Petrol,Automatic,3.33
4100,Volkswagen,Alcazar,2023,3,122305,1197,85.0,16.5,2,Petrol,Manual,3.2
4101,Jeep,Scorpio,2023,3,88185,2198,141.7,10.6,2,Petrol,Automatic,5.56
4102,Hyundai,Innova Crysta,2017,9,39937,2198,142.6,17.3,1,Diesel,Manual,2.16
4103,Nissan,Taigun,2024,2,94387,2184,157.7,15.6,1,Petrol,Manual,4.49
4104,Tata,Kwid,2017,9,15204,2184,166.2,23.1,1,CNG,Manual,2.57
4105,Nissan,Sonet,2020,6,101218,1199,90.9,23.3,3,Petrol,Manual,1.87
4106,Hyundai,Elevate,2021,5,100786,1497,117.7,14.1,1,Diesel,Manual,3.2
4107,Renault,Virtus,2020,6,61299,998,90.2,22.5,1,Petrol,Manual,1.46
4108,Jeep,XUV 3XO,2021,5,128344,1956,135.8,14.6,1,CNG,Manual,4.22
4109,Skoda,S-Presso,2019,7,94332,1598,106.0,14.3,1,Petrol,Manual,2.54
4110,Toyota,Nexon,2021,5,9802,1497,105.4,21.6,2,Diesel,Automatic,4.17
4111,MG,Elevate,2017,9,95923,1956,128.0,12.9,1,Petrol,Automatic,2.68
4112,Skoda,Kushaq,2023,3,9172,1997,136.6,17.9,2,Petrol,Manual,5.16
4113,Nissan,Bolero,2018,8,112707,1497,95.7,20.6,2,Petrol,Manual,1.7
4114,Renault,Alto K10,2019,7,108245,998,67.7,15.9,3,Petrol,Manual,1.25
4115,Mahindra,Taigun,2021,5,154959,1598,107.8,20.2,2,Petrol,Manual,3.08
4116,Skoda,S-Presso,2018,8,36196,1197,77.5,13.1,1,Petrol,Manual,1.52
4117,Hyundai,Celerio,2025,1,56785,1199,83.1,19.3,1,Petrol,Automatic,4.31
4118,Toyota,Virtus,2024,2,118760,1997,139.0,22.3,2,Petrol,Manual,5.49
4119,Honda,Urban Cruiser Hyryder,2018,8,38303,2184,135.5,11.0,1,Petrol,Automatic,3.11
4120,Hyundai,Venue,2019,7,149537,1199,93.1,21.8,1,Petrol,Automatic,2.09
4121,Tata,Safari,2021,5,135116,1197,86.0,16.3,2,Petrol,Manual,1.74
4122,Tata,Dzire,2025,1,113136,1498,127.5,13.2,1,Petrol,Manual,5.1
4123,Tata,Tiago,2023,3,129471,2198,165.4,10.0,1,Petrol,Manual,4.74
4124,Honda,Triber,2023,3,30301,1497,109.0,16.9,1,Petrol,Automatic,4.83
4125,Volkswagen,Polo,2021,5,55874,1956,119.4,12.3,2,Diesel,Manual,3.82
4126,Nissan,Thar,2020,6,56536,2184,141.7,18.4,2,Petrol,Automatic,2.85
4127,Nissan,Sonet,2024,2,159795,1598,131.4,17.3,2,Petrol,Manual,3.32
4128,Maruti Suzuki,Urban Cruiser Hyryder,2025,1,139811,1598,124.7,10.2,1,Diesel,Automatic,5.48
4129,Renault,City,2020,6,147258,2184,133.4,23.0,1,Diesel,Manual,2.61
4130,Kia,Innova Crysta,2023,3,98063,1199,100.2,21.5,2,Petrol,Manual,3.34
4131,Tata,Slavia,2025,1,128775,1199,79.2,21.9,1,Petrol,Manual,3.45
4132,Skoda,Safari,2017,9,99259,998,75.0,18.4,1,Petrol,Manual,1.29
4133,Kia,XUV700,2024,2,71281,1197,98.6,17.6,2,Petrol,Manual,4.0
4134,Nissan,XUV700,2020,6,122581,1997,121.5,23.0,1,Petrol,Manual,2.03
4135,Toyota,Thar,2017,9,46609,1498,114.2,16.5,2,CNG,Automatic,2.61
4136,MG,Altroz,2023,3,23784,998,93.7,16.7,1,Petrol,Manual,3.83
4137,Honda,Celerio,2023,3,139286,1598,120.2,19.9,2,Diesel,Manual,4.27
4138,Skoda,Bolero,2021,5,67139,1956,131.7,14.9,1,Petrol,Automatic,3.81
4139,Hyundai,Kwid,2021,5,90088,1997,126.0,11.4,1,Diesel,Manual,3.93
4140,Honda,Swift,2018,8,98521,1956,143.8,14.1,3,Petrol,Manual,2.46
4141,Honda,Bolero,2017,9,58354,998,100.3,13.0,1,Petrol,Automatic,1.62
4142,Kia,Compass,2022,4,109575,2184,163.7,19.1,1,CNG,Manual,5.21
4143,Toyota,Creta,2024,2,158048,1199,89.7,18.5,2,Diesel,Manual,4.37
4144,Kia,Alcazar,2022,4,32285,1197,80.7,15.1,1,Petrol,Automatic,3.71
4145,Kia,Aura,2018,8,52187,1197,88.0,23.4,1,CNG,Manual,1.75
4146,Honda,Harrier,2019,7,133566,1598,102.1,12.2,1,CNG,Automatic,3.03
4147,Hyundai,Safari,2019,7,6699,2184,141.5,16.6,2,Diesel,Manual,3.07
4148,Kia,Kiger,2025,1,10874,1598,111.3,12.3,1,Diesel,Manual,6.07
4149,Honda,Slavia,2019,7,110612,1199,91.2,23.3,1,Petrol,Automatic,2.33
4150,Toyota,Sonet,2025,1,55274,1598,129.8,14.1,1,Petrol,Manual,6.59
4151,Kia,Wagon R,2021,5,159183,1956,129.6,22.5,2,Diesel,Automatic,3.84
4152,Jeep,Kiger,2023,3,115069,1956,150.9,19.3,2,Petrol,Automatic,5.41
4153,Skoda,Fortuner,2023,3,125688,2198,160.7,24.2,2,Petrol,Manual,4.83
4154,Hyundai,Innova Crysta,2023,3,27809,1197,105.4,13.9,2,Petrol,Manual,3.27
4155,Skoda,Swift,2023,3,100558,2198,161.1,17.3,2,Petrol,Manual,4.9
4156,Kia,Punch,2018,8,126965,1956,138.3,15.7,1,Petrol,Manual,2.58
4157,Skoda,Bolero,2024,2,12595,1598,122.0,22.9,1,Diesel,Automatic,6.15
4158,Skoda,Bolero,2025,1,156871,1199,76.7,15.4,2,CNG,Manual,4.01
4159,Volkswagen,Virtus,2018,8,105415,1997,147.2,17.8,1,CNG,Manual,2.64
4160,Jeep,Hector,2025,1,8598,1956,146.7,10.2,2,Petrol,Manual,7.32
4161,Skoda,City,2020,6,136967,1997,139.1,13.3,3,CNG,Manual,3.21
4162,Honda,Wagon R,2017,9,127220,1956,126.0,16.0,1,Petrol,Manual,2.0
4163,Nissan,Virtus,2024,2,45106,2198,136.8,20.1,2,Diesel,Automatic,5.32
4164,Honda,Hector,2021,5,36878,1598,113.1,12.7,1,Petrol,Automatic,3.72
4165,Nissan,Polo,2019,7,115548,1197,77.8,13.9,1,CNG,Automatic,1.97
4166,Skoda,Celerio,2021,5,31548,1197,109.7,12.5,1,Petrol,Automatic,3.08
4167,Renault,Kwid,2018,8,130321,1956,129.5,17.6,2,CNG,Manual,1.54
4168,Mahindra,Dzire,2022,4,152260,1197,85.6,22.7,2,CNG,Manual,3.15
4169,Honda,Dzire,2017,9,51695,1598,107.8,14.4,1,Petrol,Automatic,2.09
4170,Toyota,Creta,2022,4,102330,1598,103.8,13.8,1,Diesel,Manual,3.77
4171,Maruti Suzuki,Creta,2023,3,154760,1199,83.5,15.0,2,Petrol,Manual,2.67
4172,Jeep,Venue,2025,1,127615,2184,155.0,10.5,2,Diesel,Manual,7.33
4173,Nissan,Polo,2017,9,52337,2198,155.9,13.5,1,Petrol,Manual,1.88
4174,Toyota,Nexon,2018,8,36725,1498,114.4,24.8,1,Petrol,Manual,2.15
4175,Kia,i20,2025,1,7589,2184,150.6,14.0,2,Diesel,Automatic,8.16
4176,Renault,XUV 3XO,2025,1,100156,2198,152.4,13.8,1,Petrol,Manual,5.42
4177,Skoda,Compass,2020,6,26471,2184,141.0,18.4,2,Diesel,Manual,3.49
4178,Nissan,Sonet,2017,9,89664,1956,119.2,16.1,2,Petrol,Manual,1.48
4179,Jeep,Brezza,2018,8,90331,1997,131.0,17.0,1,Diesel,Automatic,3.57
4180,Hyundai,Carens,2025,1,17095,1497,106.7,14.1,2,Petrol,Automatic,5.66
4181,Jeep,Celerio,2020,6,48416,1956,134.3,22.1,2,Petrol,Manual,3.32
4182,Skoda,Kiger,2017,9,106920,2198,137.9,20.8,1,CNG,Automatic,2.88
4183,Renault,Magnite,2023,3,127097,1199,109.3,17.1,1,Petrol,Manual,2.69
4184,Honda,S-Presso,2021,5,26096,2198,164.3,18.0,2,Petrol,Automatic,4.6
4185,Hyundai,XUV 3XO,2025,1,13723,2184,151.1,13.9,2,Petrol,Manual,6.62
4186,Honda,Swift,2023,3,72376,1498,124.0,23.0,1,Petrol,Manual,4.05
4187,Honda,Triber,2018,8,129777,1956,151.3,13.7,1,Petrol,Manual,2.55
4188,Renault,Polo,2022,4,136036,998,70.3,13.0,2,Diesel,Automatic,2.25
4189,Jeep,i20,2022,4,9745,2184,157.0,17.0,1,Diesel,Manual,5.51
4190,Kia,Kiger,2022,4,159223,1498,117.3,20.6,2,Petrol,Manual,3.46
4191,Honda,Venue,2018,8,118009,1497,107.9,22.6,1,Diesel,Manual,2.35
4192,Honda,Taigun,2023,3,105721,1497,106.0,13.9,3,Diesel,Automatic,4.25
4193,Kia,Bolero,2018,8,14478,1997,126.0,14.7,3,Petrol,Manual,2.46
4194,Nissan,Baleno,2021,5,41373,1598,127.3,10.9,3,Petrol,Automatic,2.64
4195,Maruti Suzuki,Grand i10 Nios,2021,5,118463,1199,86.2,22.6,1,Diesel,Manual,2.46
4196,MG,Celerio,2025,1,105086,1498,96.6,10.4,1,Petrol,Manual,5.3
4197,Renault,Baleno,2023,3,159144,1498,122.3,11.1,1,Petrol,Automatic,3.39
4198,Renault,i20,2025,1,41953,1498,116.1,20.0,1,Petrol,Manual,4.31
4199,Volkswagen,Brezza,2017,9,5583,1199,103.4,10.6,2,Diesel,Automatic,2.55
4200,Maruti Suzuki,Magnite,2025,1,79278,2198,147.7,18.8,2,Diesel,Manual,6.31
4201,Jeep,Alto K10,2025,1,32596,998,70.3,15.0,1,Diesel,Manual,4.38
4202,Kia,Triber,2017,9,149411,2198,143.1,21.6,2,Petrol,Automatic,2.25
4203,Hyundai,Kushaq,2024,2,24866,1598,104.1,17.5,1,Petrol,Automatic,5.28
4204,Honda,Scorpio,2019,7,143669,1956,132.6,16.6,1,Petrol,Manual,2.66
4205,Tata,Verna,2024,2,131132,1956,151.5,14.4,1,Petrol,Manual,4.7
4206,Skoda,Magnite,2023,3,79724,1598,115.5,24.8,2,Diesel,Manual,4.25
4207,Toyota,Tiago,2019,7,45894,1199,77.6,13.8,3,Petrol,Automatic,2.38
4208,Honda,Thar,2020,6,53916,1199,86.1,11.0,3,Diesel,Automatic,3.02
4209,MG,Compass,2022,4,11204,1497,127.4,10.7,1,CNG,Automatic,4.61
4210,Nissan,Aura,2017,9,54500,1956,134.4,13.7,1,Diesel,Automatic,2.56
4211,Volkswagen,Nexon,2021,5,132225,1997,143.5,12.9,1,Petrol,Manual,3.17
4212,Honda,Aura,2023,3,69278,2198,154.2,16.4,1,Diesel,Manual,5.19
4213,Kia,Fortuner,2025,1,147729,2184,161.8,22.3,1,Petrol,Manual,6.53
4214,Mahindra,Fortuner,2024,2,65351,1197,108.8,16.4,1,Petrol,Automatic,5.22
4215,Hyundai,Bolero,2025,1,12076,1197,83.7,24.7,1,CNG,Automatic,5.08
4216,Honda,Scorpio,2020,6,67217,998,80.0,22.0,1,CNG,Manual,2.4
4217,Mahindra,Carens,2019,7,6639,1598,117.1,23.5,2,Diesel,Manual,2.99
4218,Maruti Suzuki,Urban Cruiser Hyryder,2017,9,29011,1199,97.6,10.7,1,Petrol,Automatic,1.53
4219,Kia,i20,2025,1,142339,1997,142.0,23.5,1,Petrol,Manual,6.16
4220,Nissan,Bolero,2022,4,38296,2198,160.1,22.6,2,Petrol,Manual,3.67
4221,Kia,Scorpio,2019,7,20773,1498,119.9,19.1,1,Diesel,Manual,2.93
4222,MG,Virtus,2018,8,42149,1956,152.7,21.5,1,Diesel,Automatic,3.58
4223,Volkswagen,Thar,2017,9,137708,1598,111.3,12.5,2,Petrol,Manual,1.6
4224,Jeep,Triber,2020,6,57407,1956,126.2,14.0,1,Petrol,Manual,3.65
4225,Nissan,Punch,2023,3,28281,1997,141.2,17.2,1,Petrol,Automatic,4.29
4226,Tata,Elevate,2025,1,141299,998,93.7,24.5,2,Diesel,Automatic,4.22
4227,Toyota,Punch,2017,9,46532,1997,130.8,10.9,2,CNG,Manual,2.71
4228,Nissan,Magnite,2017,9,35207,1199,93.8,20.4,1,Petrol,Manual,1.39
4229,Kia,Grand i10 Nios,2017,9,153038,1197,95.3,22.1,2,Diesel,Manual,1.47
4230,Kia,Fortuner,2025,1,50826,998,65.7,13.7,1,Petrol,Automatic,4.22
4231,Renault,i20,2017,9,120404,1997,151.9,10.1,2,Diesel,Manual,1.87
4232,Kia,Sonet,2025,1,91690,1498,96.1,21.9,1,Diesel,Automatic,5.92
4233,MG,Baleno,2024,2,137844,2184,132.6,16.3,1,Diesel,Manual,5.77
4234,Mahindra,Fortuner,2017,9,6658,2184,137.5,24.3,1,CNG,Automatic,2.99
4235,Volkswagen,Hector,2017,9,141126,2184,136.3,10.5,2,Petrol,Automatic,2.61
4236,Skoda,XUV 3XO,2024,2,123617,1997,142.6,13.8,2,Petrol,Manual,5.24
4237,Maruti Suzuki,Fortuner,2017,9,40361,1497,123.2,20.7,1,Petrol,Automatic,1.92
4238,Tata,Altroz,2025,1,57052,1199,109.6,11.1,2,Petrol,Automatic,4.5
4239,Mahindra,City,2018,8,147867,1956,146.8,17.3,2,Petrol,Automatic,2.69
4240,Nissan,Nexon,2017,9,70695,2198,152.0,17.6,1,Petrol,Manual,2.1
4241,MG,Wagon R,2023,3,104385,2184,144.6,13.0,2,Diesel,Automatic,6.0
4242,Nissan,Grand i10 Nios,2025,1,20627,1197,93.5,11.7,1,Petrol,Automatic,4.2
4243,Honda,Swift,2022,4,25377,1598,128.7,23.7,2,Petrol,Automatic,4.24
4244,Toyota,Carens,2025,1,15816,2198,149.4,15.1,1,CNG,Automatic,8.85
4245,Honda,Celerio,2023,3,98859,2184,134.8,12.9,1,Petrol,Manual,5.15
4246,Volkswagen,Glanza,2017,9,158079,998,76.8,23.2,2,Petrol,Manual,1.25
4247,Kia,Harrier,2018,8,153799,1199,107.2,15.8,1,Petrol,Manual,1.79
4248,Maruti Suzuki,Elevate,2017,9,31919,1956,136.9,13.9,1,Petrol,Manual,1.97
4249,Jeep,Bolero,2025,1,112735,1199,82.5,16.3,1,Diesel,Automatic,4.94
4250,Hyundai,Fortuner,2022,4,23006,1956,143.3,19.5,2,Petrol,Automatic,4.88
4251,Nissan,Swift,2025,1,39021,1197,86.4,14.8,2,CNG,Automatic,3.93
4252,Mahindra,Virtus,2024,2,19502,1497,124.6,24.0,1,Diesel,Automatic,6.14
4253,Maruti Suzuki,Innova Crysta,2025,1,141100,1997,122.7,10.0,3,CNG,Automatic,5.59
4254,Honda,Creta,2019,7,134978,1197,100.6,22.3,2,Diesel,Manual,2.4
4255,Toyota,Thar,2024,2,159521,1598,118.2,20.8,1,CNG,Manual,5.18
4256,MG,Virtus,2017,9,133811,1498,120.1,18.3,1,Petrol,Manual,1.87
4257,Volkswagen,Seltos,2024,2,128185,1956,125.2,13.2,1,Petrol,Manual,4.68
4258,Tata,Glanza,2020,6,77608,2198,142.1,13.0,1,Petrol,Manual,2.76
4259,Renault,S-Presso,2020,6,46593,1199,91.1,13.1,2,Petrol,Automatic,2.0
4260,MG,Taigun,2022,4,114266,1497,125.3,19.0,1,Diesel,Manual,3.61
4261,Kia,Elevate,2024,2,98718,1498,97.3,13.9,1,CNG,Manual,4.56
4262,Renault,Seltos,2025,1,115507,1197,77.5,21.4,3,CNG,Automatic,3.83
4263,Mahindra,Hector,2025,1,28112,2198,138.4,21.1,2,Diesel,Manual,7.69
4264,Hyundai,Polo,2018,8,90527,1197,85.1,17.0,1,Petrol,Manual,1.73
4265,Renault,Brezza,2022,4,118138,1997,154.5,13.2,2,Diesel,Manual,3.28
4266,Honda,XUV700,2023,3,150212,1199,76.9,23.9,1,Petrol,Manual,3.02
4267,Maruti Suzuki,Astor,2024,2,42621,998,94.0,24.1,1,Diesel,Automatic,3.72
4268,Toyota,Sonet,2019,7,58200,1598,128.7,16.6,2,Petrol,Manual,2.63
4269,Nissan,Venue,2022,4,112913,1498,106.0,18.1,1,Petrol,Manual,2.29
4270,Honda,Tiago,2025,1,151777,1497,103.0,15.0,1,Petrol,Manual,4.72
4271,MG,Verna,2024,2,65999,1498,93.5,10.2,3,CNG,Manual,4.63
4272,Toyota,Urban Cruiser Hyryder,2024,2,46206,998,96.2,22.6,1,CNG,Manual,4.53
4273,Hyundai,Kushaq,2025,1,25265,998,77.9,13.3,2,Diesel,Manual,3.93
4274,Skoda,City,2021,5,28970,1197,103.7,10.8,1,Diesel,Manual,3.29
4275,MG,Safari,2020,6,57102,2198,140.0,24.5,2,Petrol,Manual,3.67
4276,Toyota,Kiger,2019,7,35566,2198,153.5,13.3,2,Diesel,Manual,3.55
4277,Nissan,S-Presso,2024,2,152583,1199,79.4,15.2,2,Petrol,Manual,2.86
4278,Renault,Triber,2018,8,21151,2184,163.9,24.7,1,Petrol,Manual,2.54
4279,Hyundai,i20,2022,4,32841,1598,126.6,14.5,1,Petrol,Manual,3.32
4280,Renault,XUV700,2019,7,115445,1197,93.6,22.5,1,Petrol,Manual,1.49
4281,Nissan,Celerio,2025,1,146689,2184,165.5,16.8,2,Petrol,Manual,4.74
4282,Skoda,Elevate,2018,8,50931,1498,101.2,21.7,1,CNG,Automatic,2.29
4283,Mahindra,Virtus,2020,6,63116,1497,118.2,15.6,3,Petrol,Manual,2.63
4284,Kia,Virtus,2025,1,22534,1497,121.7,21.1,1,Petrol,Manual,5.55
4285,Kia,Thar,2020,6,139195,1199,110.8,22.2,1,Diesel,Automatic,3.08
4286,Hyundai,Alcazar,2025,1,141659,1197,111.1,24.9,1,Diesel,Automatic,4.62
4287,Kia,Glanza,2020,6,92921,1197,102.2,18.7,1,Petrol,Manual,2.5
4288,Renault,Hector,2020,6,125588,2184,155.6,16.0,1,Petrol,Automatic,2.7
4289,Tata,i20,2019,7,89628,1197,102.5,16.9,1,Petrol,Manual,1.51
4290,Toyota,Glanza,2023,3,110948,998,82.2,23.2,2,Petrol,Manual,2.95
4291,Jeep,City,2018,8,99989,1199,78.2,19.7,1,Diesel,Automatic,2.65
4292,Maruti Suzuki,XUV 3XO,2018,8,12657,998,84.0,16.1,1,Petrol,Manual,1.25
4293,Toyota,Tiago,2024,2,35419,998,69.0,17.1,1,Petrol,Automatic,4.4
4294,MG,Taigun,2025,1,133154,2184,143.8,20.2,2,CNG,Manual,6.35
4295,Jeep,Punch,2025,1,38154,998,79.6,12.0,2,Diesel,Automatic,5.37
4296,Maruti Suzuki,Urban Cruiser Hyryder,2024,2,21481,1956,128.8,17.6,1,Petrol,Manual,4.84
4297,Tata,Compass,2023,3,147450,998,75.0,22.4,1,Diesel,Manual,2.6
4298,Nissan,Swift,2021,5,132722,1199,98.3,20.9,1,Diesel,Manual,2.42
4299,Kia,Thar,2021,5,18926,1598,111.3,20.7,2,Petrol,Manual,3.56
4300,Jeep,Innova Crysta,2017,9,105291,998,91.5,22.6,1,Diesel,Manual,2.06
4301,Nissan,Amaze,2019,7,141712,998,100.0,22.2,1,Petrol,Automatic,1.49
4302,Jeep,Taigun,2024,2,150017,2198,141.6,15.4,1,Petrol,Manual,5.71
4303,Kia,Grand i10 Nios,2025,1,143785,2198,150.9,10.9,2,Petrol,Manual,6.28
4304,Tata,Seltos,2022,4,48046,1498,95.1,21.8,1,Petrol,Manual,3.16
4305,Nissan,Astor,2017,9,141845,1197,96.4,12.3,1,Diesel,Automatic,1.85
4306,Hyundai,Venue,2020,6,111210,1497,115.8,20.5,1,Petrol,Automatic,3.15
4307,Maruti Suzuki,Safari,2017,9,102808,2184,138.6,19.1,1,Petrol,Manual,1.77
4308,Volkswagen,Alto K10,2025,1,42542,2198,152.5,13.4,2,Diesel,Manual,7.04
4309,Honda,Venue,2019,7,143053,1199,89.8,21.8,1,Diesel,Manual,2.16
4310,Hyundai,Magnite,2023,3,119626,1956,152.0,12.5,1,Petrol,Automatic,4.67
4311,Kia,Seltos,2019,7,137379,2184,163.1,14.7,2,Petrol,Automatic,3.09
4312,Kia,Compass,2019,7,131409,1199,79.3,19.8,1,Petrol,Automatic,2.51
4313,Honda,Wagon R,2019,7,40315,2184,161.8,14.9,1,Diesel,Automatic,3.91
4314,Jeep,Kushaq,2023,3,30043,1598,120.7,20.5,1,CNG,Manual,4.99
4315,Volkswagen,Brezza,2021,5,106913,1997,139.4,10.5,1,Petrol,Manual,3.47
4316,Volkswagen,Innova Crysta,2023,3,86929,2184,133.7,19.7,1,Petrol,Manual,4.61
4317,Maruti Suzuki,Baleno,2021,5,27461,998,79.6,13.3,2,Petrol,Automatic,2.55
4318,Hyundai,Polo,2019,7,79007,2198,158.8,24.4,1,Petrol,Automatic,3.16
4319,Nissan,Safari,2024,2,85398,1197,94.4,10.6,1,Petrol,Manual,2.91
4320,Renault,Slavia,2019,7,131325,1956,130.1,12.3,1,Diesel,Manual,2.18
4321,Tata,Carens,2021,5,8271,2184,148.9,13.3,2,Petrol,Automatic,4.47
4322,Renault,Virtus,2019,7,79147,1199,102.5,15.6,3,Petrol,Manual,1.42
4323,Nissan,Fortuner,2021,5,38561,1197,88.4,23.9,1,Petrol,Manual,2.23
4324,MG,Hector,2024,2,43470,1498,101.9,14.7,1,Diesel,Automatic,5.87
4325,Maruti Suzuki,Elevate,2022,4,40950,1199,92.4,23.2,1,CNG,Manual,2.69
4326,Hyundai,XUV700,2024,2,71354,1598,115.1,18.4,1,Petrol,Manual,4.58
4327,Maruti Suzuki,Harrier,2023,3,132640,1956,120.4,11.3,1,CNG,Automatic,4.56
4328,Nissan,Venue,2021,5,104529,2184,141.0,15.1,2,Petrol,Manual,2.84
4329,Hyundai,Swift,2020,6,103378,1598,104.5,15.0,3,Diesel,Automatic,2.83
4330,Volkswagen,XUV700,2017,9,97053,1199,77.7,22.5,2,Diesel,Manual,1.58
4331,Kia,Tiago,2021,5,100356,1598,114.7,18.8,1,Petrol,Automatic,3.69
4332,Skoda,Creta,2024,2,87108,2184,148.3,16.1,1,Diesel,Manual,6.12
4333,Maruti Suzuki,Carens,2020,6,143721,1997,143.3,18.4,1,Diesel,Manual,3.26
4334,Toyota,Aura,2020,6,109668,1498,116.9,13.3,2,CNG,Manual,3.09
4335,Skoda,XUV700,2023,3,97878,2184,150.4,14.2,1,Petrol,Manual,5.21
4336,Kia,Fortuner,2023,3,151543,1956,120.7,15.7,2,Diesel,Manual,4.45
4337,MG,Hector,2019,7,7394,1498,118.7,13.0,1,Petrol,Manual,2.33
4338,Hyundai,Taigun,2018,8,149152,2184,160.0,18.8,1,Petrol,Automatic,2.61
4339,Nissan,Elevate,2023,3,142286,2184,158.2,12.2,2,CNG,Automatic,4.4
4340,Honda,Amaze,2022,4,87776,1199,86.8,20.5,3,CNG,Manual,2.5
4341,Kia,Baleno,2018,8,92926,1197,79.7,12.1,1,Petrol,Manual,1.79
4342,Volkswagen,Magnite,2018,8,5925,2184,155.9,18.9,2,Petrol,Automatic,3.04
4343,Mahindra,Astor,2022,4,138204,998,95.1,21.1,2,Diesel,Manual,2.85
4344,Kia,Compass,2025,1,78604,1598,110.8,23.0,1,Petrol,Manual,5.5
4345,Maruti Suzuki,Innova Crysta,2021,5,22491,1498,115.7,13.0,1,Diesel,Manual,2.76
4346,MG,Urban Cruiser Hyryder,2022,4,27673,2184,141.9,24.4,2,Diesel,Manual,4.77
4347,Renault,Kiger,2021,5,138132,1598,133.5,18.3,1,Petrol,Manual,2.1
4348,Nissan,XUV700,2017,9,77896,1497,95.9,13.5,3,Diesel,Manual,1.75
4349,Renault,Kushaq,2023,3,23557,1497,93.9,13.5,2,Petrol,Manual,3.08
4350,Toyota,Urban Cruiser Hyryder,2021,5,137225,2198,138.8,11.7,1,Petrol,Manual,4.17
4351,Hyundai,Elevate,2017,9,147567,1956,137.3,10.9,1,CNG,Automatic,2.8
4352,Tata,Seltos,2018,8,49344,1497,125.6,11.2,3,Petrol,Manual,1.59
4353,Kia,Harrier,2024,2,67162,1199,79.3,22.3,2,Petrol,Automatic,4.42
4354,Maruti Suzuki,i20,2020,6,74084,2184,162.4,16.1,1,Petrol,Manual,3.1
4355,Kia,Altroz,2025,1,157603,1498,110.8,20.6,1,Petrol,Manual,5.16
4356,Nissan,Celerio,2021,5,40058,2184,165.9,12.2,2,Petrol,Manual,3.14
4357,Hyundai,Virtus,2022,4,50463,1598,119.1,13.1,2,Diesel,Automatic,4.32
4358,Toyota,Carens,2022,4,129873,1197,77.4,17.9,1,Petrol,Manual,3.21
4359,Tata,Carens,2018,8,95033,1498,111.0,22.2,1,Petrol,Manual,2.1
4360,Skoda,Creta,2021,5,141485,1498,127.5,24.4,2,Diesel,Manual,3.38
4361,Jeep,Taigun,2025,1,17005,1197,100.8,19.8,1,Diesel,Manual,5.92
4362,Toyota,Triber,2019,7,65308,1498,112.5,21.5,1,Petrol,Automatic,2.92
4363,Jeep,Aura,2020,6,101572,1997,142.4,15.0,1,Diesel,Automatic,4.51
4364,Maruti Suzuki,S-Presso,2017,9,70111,1598,115.4,20.9,1,Diesel,Manual,2.22
4365,Maruti Suzuki,Astor,2017,9,78671,1498,99.0,15.0,1,Petrol,Manual,1.46
4366,Maruti Suzuki,Aura,2023,3,93590,1197,85.1,17.0,1,Petrol,Manual,2.83
4367,Hyundai,Alto K10,2019,7,114501,2198,135.5,11.9,1,CNG,Automatic,3.59
4368,Nissan,Kiger,2023,3,74921,1997,121.1,18.4,1,Petrol,Automatic,3.76
4369,Nissan,Fortuner,2019,7,83259,1598,123.7,11.1,1,CNG,Manual,1.78
4370,Nissan,Virtus,2025,1,48425,2198,163.0,20.9,1,Diesel,Manual,5.86
4371,Toyota,Slavia,2020,6,34288,1997,123.5,13.6,1,Diesel,Manual,3.72
4372,Volkswagen,Seltos,2025,1,86243,1997,128.2,24.6,1,Petrol,Manual,6.37
4373,Renault,Dzire,2022,4,61912,1497,119.0,15.5,1,Petrol,Manual,2.96
4374,Mahindra,Safari,2020,6,99345,1497,106.7,24.0,1,Diesel,Manual,2.94
4375,Hyundai,Nexon,2020,6,47098,1498,106.5,14.8,2,Diesel,Automatic,2.89
4376,Jeep,Dzire,2024,2,57380,2184,147.6,20.9,1,Petrol,Automatic,6.82
4377,Kia,Elevate,2018,8,111206,998,98.0,12.1,1,Diesel,Manual,1.82
4378,Maruti Suzuki,Bolero,2021,5,120306,1598,108.4,11.2,1,Petrol,Manual,2.69
4379,Mahindra,Virtus,2025,1,24610,1956,140.7,14.7,1,Diesel,Manual,7.58
4380,Toyota,Compass,2018,8,83723,1997,131.9,12.2,2,CNG,Automatic,3.51
4381,Toyota,Venue,2020,6,157867,1956,129.1,23.9,2,Petrol,Manual,2.83
4382,Mahindra,Dzire,2017,9,77091,1598,109.4,15.5,1,Petrol,Manual,2.19
4383,Toyota,Alcazar,2019,7,22169,1956,151.9,19.7,1,Petrol,Manual,3.46
4384,Volkswagen,Carens,2018,8,15935,1498,119.5,10.2,1,Diesel,Automatic,3.18
4385,Renault,Hector,2024,2,25019,2184,163.3,18.5,1,Petrol,Automatic,5.32
4386,Kia,Venue,2021,5,54855,1997,153.8,23.0,1,Petrol,Manual,4.23
4387,MG,Fortuner,2021,5,74223,1997,122.9,17.1,2,Diesel,Manual,4.08
4388,Volkswagen,Kwid,2025,1,135591,1498,113.2,19.9,1,Petrol,Automatic,4.98
4389,Honda,Punch,2022,4,23278,1197,79.6,19.0,1,CNG,Automatic,3.53
4390,Maruti Suzuki,Astor,2021,5,33617,998,87.9,19.2,2,CNG,Automatic,2.42
4391,Jeep,Punch,2025,1,30027,1956,119.6,18.3,1,Petrol,Automatic,7.44
4392,Honda,Magnite,2021,5,144474,2198,140.1,14.3,1,Petrol,Manual,3.77
4393,Skoda,Alto K10,2024,2,12735,2198,156.9,18.3,3,CNG,Manual,6.3
4394,Nissan,Sonet,2019,7,115353,2198,165.5,19.6,1,Diesel,Manual,2.34
4395,Skoda,Alto K10,2023,3,115854,1497,103.8,12.3,1,Diesel,Automatic,4.38
4396,Nissan,Altroz,2019,7,24455,2198,142.8,12.0,1,Petrol,Automatic,2.76
4397,MG,Punch,2025,1,104061,1199,109.9,24.1,1,Petrol,Automatic,4.93
4398,Tata,Triber,2023,3,113568,1197,91.7,20.9,1,Petrol,Manual,2.83
4399,Honda,Kushaq,2019,7,143736,1956,151.1,17.2,3,Petrol,Manual,2.09
4400,Renault,Innova Crysta,2019,7,93168,1199,105.9,20.9,1,Petrol,Manual,1.3
4401,Skoda,Taigun,2023,3,92666,2198,140.8,19.6,1,Diesel,Automatic,5.6
4402,Kia,City,2019,7,123507,1498,107.7,14.3,1,Petrol,Manual,1.93
4403,Renault,Dzire,2018,8,143628,1956,145.9,18.2,3,Petrol,Manual,1.66
4404,Toyota,Astor,2018,8,92329,1598,98.9,20.6,1,CNG,Automatic,2.54
4405,Nissan,Seltos,2025,1,146328,1997,144.7,22.4,1,Petrol,Manual,4.86
4406,MG,Brezza,2023,3,57447,2198,158.3,24.6,1,Petrol,Manual,5.67
4407,Toyota,Innova Crysta,2018,8,9829,1197,81.0,24.8,2,Diesel,Automatic,2.74
4408,Renault,Bolero,2020,6,158067,1199,100.4,12.3,1,Petrol,Automatic,2.01
4409,Renault,Kwid,2023,3,45513,1199,109.0,16.0,1,Petrol,Manual,3.22
4410,Mahindra,Alcazar,2021,5,9750,1956,131.7,24.3,2,Petrol,Manual,4.15
4411,Jeep,City,2023,3,133175,1956,151.1,16.2,1,Petrol,Manual,5.31
4412,Skoda,Kushaq,2017,9,29544,1956,121.2,19.9,1,CNG,Manual,2.53
4413,Renault,Kiger,2018,8,86747,2184,148.5,12.2,1,CNG,Automatic,2.35
4414,Toyota,Astor,2023,3,9375,1498,111.3,12.5,1,Diesel,Manual,5.08
4415,Nissan,Grand i10 Nios,2025,1,134992,2198,138.9,10.8,1,Petrol,Automatic,5.24
4416,Honda,Alcazar,2024,2,36720,1199,96.5,11.2,1,Diesel,Automatic,5.03
4417,Mahindra,Brezza,2019,7,100446,2184,133.5,16.0,1,CNG,Automatic,3.73
4418,Renault,Tiago,2019,7,6426,1197,97.7,19.6,2,Petrol,Manual,1.68
4419,Volkswagen,Scorpio,2020,6,64050,1497,121.3,15.7,1,Petrol,Automatic,3.11
4420,Renault,Tiago,2020,6,48842,1997,138.9,11.1,1,CNG,Manual,3.04
4421,Volkswagen,Slavia,2022,4,13528,1497,125.8,21.2,1,CNG,Manual,3.79
4422,Hyundai,Creta,2022,4,111296,1956,142.1,13.5,1,Petrol,Manual,3.88
4423,Maruti Suzuki,Urban Cruiser Hyryder,2019,7,108196,998,81.2,15.2,1,Diesel,Automatic,2.06
4424,Tata,Triber,2025,1,59043,1498,95.0,22.2,1,Petrol,Manual,4.58
4425,Toyota,XUV700,2025,1,10192,1497,101.0,18.8,1,Petrol,Manual,6.36
4426,Tata,Scorpio,2019,7,142601,998,88.0,12.2,1,Diesel,Manual,1.82
4427,Mahindra,Fortuner,2023,3,124883,998,68.1,24.9,1,Petrol,Manual,2.75
4428,Jeep,Triber,2025,1,155600,1497,94.1,10.3,2,Petrol,Manual,4.55
4429,Renault,Urban Cruiser Hyryder,2020,6,125777,1997,122.6,22.2,2,Petrol,Manual,2.24
4430,Tata,Magnite,2025,1,143270,1497,122.8,12.5,1,Petrol,Manual,4.58
4431,Toyota,Kushaq,2022,4,117056,1956,125.9,24.1,1,Diesel,Automatic,5.15
4432,MG,Alto K10,2018,8,92045,1956,134.0,24.9,1,Petrol,Manual,2.41
4433,Toyota,Swift,2020,6,75251,2198,139.1,15.2,1,Diesel,Manual,4.22
4434,Maruti Suzuki,Magnite,2018,8,34323,1956,138.4,23.6,1,Diesel,Manual,2.68
4435,Honda,Seltos,2022,4,77296,1197,95.7,12.4,1,Diesel,Automatic,3.7
4436,Maruti Suzuki,Verna,2017,9,56872,1997,132.0,16.2,1,Diesel,Manual,1.97
4437,Mahindra,Urban Cruiser Hyryder,2021,5,106331,2184,152.9,13.4,1,Petrol,Manual,3.93
4438,Maruti Suzuki,Magnite,2022,4,143162,1598,113.4,15.4,3,Petrol,Manual,2.84
4439,Jeep,Verna,2023,3,11462,1997,137.5,22.2,1,Diesel,Automatic,6.27
4440,Skoda,Taigun,2017,9,156886,1598,126.7,10.4,2,Diesel,Automatic,2.35
4441,Nissan,Polo,2025,1,152619,1197,92.9,14.4,1,Diesel,Manual,3.41
4442,Hyundai,Brezza,2022,4,51567,2184,163.8,22.0,1,Petrol,Automatic,4.99
4443,MG,Seltos,2018,8,54985,998,66.7,24.4,2,Petrol,Manual,1.59
4444,Nissan,Triber,2024,2,93451,1997,139.8,14.7,2,Diesel,Manual,4.19
4445,Toyota,Glanza,2021,5,65648,998,70.9,18.8,1,Diesel,Manual,2.85
4446,Renault,Kwid,2023,3,107576,2198,160.8,16.7,1,Petrol,Manual,4.36
4447,Kia,Scorpio,2025,1,25355,1598,120.1,24.6,2,Petrol,Manual,6.05
4448,Honda,Tiago,2025,1,134595,1997,137.4,18.6,1,CNG,Manual,6.21
4449,Mahindra,Virtus,2019,7,121299,998,78.0,19.6,1,Petrol,Manual,1.42
4450,Toyota,Amaze,2017,9,133116,998,71.7,21.1,1,Petrol,Manual,1.42
4451,MG,Astor,2018,8,143518,1498,115.2,23.4,1,Petrol,Manual,1.64
4452,Renault,Sonet,2021,5,16630,1997,151.7,11.4,3,CNG,Manual,3.22
4453,Jeep,Punch,2024,2,51336,1598,124.8,11.8,1,Diesel,Manual,6.06
4454,MG,Astor,2022,4,110114,1497,108.2,14.2,1,Petrol,Automatic,4.18
4455,Hyundai,Amaze,2025,1,69049,2184,133.1,21.0,1,Petrol,Manual,6.24
4456,Renault,Kiger,2017,9,108879,2184,151.0,16.1,1,Diesel,Automatic,2.73
4457,Kia,Safari,2023,3,50795,1199,98.5,20.5,1,Diesel,Manual,3.61
4458,Skoda,Kwid,2019,7,89701,1997,155.4,17.8,2,Petrol,Automatic,2.99
4459,Renault,Kwid,2020,6,98615,2184,136.6,12.9,1,Petrol,Manual,2.87
4460,Tata,Aura,2018,8,7874,1498,113.3,12.8,2,Diesel,Automatic,2.35
4461,Renault,Harrier,2018,8,94731,1598,120.3,17.0,1,Diesel,Manual,2.15
4462,Maruti Suzuki,City,2022,4,6272,2198,152.2,12.3,1,Petrol,Manual,4.5
4463,Volkswagen,Amaze,2018,8,61144,2198,156.4,14.0,2,Petrol,Manual,2.77
4464,Jeep,Fortuner,2025,1,122431,1997,143.8,10.2,1,Diesel,Automatic,7.58
4465,Nissan,Brezza,2020,6,112402,2198,151.5,25.0,1,Diesel,Manual,2.67
4466,Volkswagen,Hector,2019,7,97663,1199,108.8,20.8,1,Petrol,Manual,1.67
4467,Toyota,XUV700,2024,2,31048,1497,95.3,22.9,1,Diesel,Manual,5.66
4468,Tata,Polo,2025,1,137583,1498,104.3,17.1,1,CNG,Manual,4.7
4469,Honda,Swift,2019,7,21385,1956,122.4,15.2,1,Petrol,Automatic,3.08
4470,Jeep,S-Presso,2025,1,30385,1498,104.9,13.7,2,Petrol,Manual,5.77
4471,Tata,Alcazar,2025,1,60616,1956,135.3,19.1,1,Diesel,Manual,5.98
4472,Mahindra,Scorpio,2023,3,78219,1498,121.3,11.6,1,Petrol,Manual,4.4
4473,Nissan,Celerio,2018,8,14590,1598,101.2,24.9,1,CNG,Manual,2.01
4474,Maruti Suzuki,S-Presso,2021,5,113612,1199,86.8,21.8,2,Diesel,Manual,2.55
4475,Kia,Sonet,2023,3,152561,1598,125.3,22.6,2,Diesel,Automatic,4.71
4476,Kia,Punch,2025,1,104329,998,83.6,16.2,1,CNG,Manual,3.89
4477,Kia,Celerio,2023,3,119006,1197,87.7,15.8,2,CNG,Manual,3.36
4478,Honda,Aura,2025,1,21919,1598,116.5,14.0,1,Petrol,Manual,5.71
4479,Skoda,Alcazar,2023,3,84183,2184,162.5,23.7,1,Petrol,Manual,5.11
4480,MG,Urban Cruiser Hyryder,2024,2,99582,1497,125.5,11.9,2,Petrol,Manual,4.49
4481,Jeep,Nexon,2022,4,45056,1197,98.3,18.5,2,Diesel,Automatic,3.68
4482,Hyundai,Kushaq,2019,7,103727,1997,147.1,23.2,2,Petrol,Manual,2.32
4483,Jeep,i20,2018,8,52542,1197,83.4,10.5,1,CNG,Manual,1.8
4484,Mahindra,Harrier,2018,8,125774,1497,121.7,22.2,1,Diesel,Manual,2.12
4485,Volkswagen,Triber,2023,3,51887,1497,114.0,20.2,1,Diesel,Manual,4.16
4486,Maruti Suzuki,Celerio,2020,6,140894,1498,115.9,19.1,1,Petrol,Manual,2.18
4487,Jeep,Bolero,2024,2,31189,1956,129.4,24.1,1,Petrol,Manual,6.3
4488,Maruti Suzuki,Innova Crysta,2023,3,84850,1197,89.6,17.2,1,Petrol,Manual,2.7
4489,Renault,Carens,2025,1,106331,1498,109.7,12.6,2,Petrol,Manual,4.05
4490,Kia,Sonet,2024,2,55104,1197,104.4,19.2,2,Diesel,Automatic,4.97
4491,Maruti Suzuki,Slavia,2025,1,71122,1497,105.7,19.0,1,CNG,Manual,4.68
4492,Hyundai,Aura,2025,1,36360,1598,112.9,13.7,1,CNG,Manual,5.21
4493,Kia,City,2023,3,72612,1497,126.1,10.3,1,Petrol,Automatic,4.54
4494,Renault,Amaze,2018,8,146413,1497,93.9,22.0,1,Petrol,Automatic,1.79
4495,Tata,Dzire,2024,2,17473,1498,97.5,16.4,1,Diesel,Manual,4.66
4496,Honda,Hector,2019,7,86999,1497,119.0,22.8,2,Petrol,Manual,2.19
4497,Tata,Amaze,2023,3,79353,1997,147.9,12.7,1,Petrol,Automatic,4.84
4498,MG,Safari,2019,7,142324,2198,138.6,21.4,2,Petrol,Manual,2.99
4499,Toyota,Sonet,2025,1,67017,1956,153.1,16.7,2,Petrol,Manual,6.88
4500,MG,Grand i10 Nios,2018,8,150408,1199,107.6,22.8,2,Petrol,Manual,1.63
4501,Volkswagen,Elevate,2024,2,45421,1497,106.9,13.9,1,Petrol,Automatic,5.16
4502,Kia,Nexon,2022,4,152159,1497,106.9,17.6,2,Petrol,Automatic,3.89
4503,Nissan,Aura,2024,2,92635,1199,91.8,14.0,2,Petrol,Manual,3.14
4504,Skoda,Kwid,2018,8,33796,2184,145.1,12.1,2,Petrol,Manual,2.4
4505,Renault,Alcazar,2024,2,110550,1598,130.8,20.2,1,Petrol,Automatic,4.16
4506,Renault,Sonet,2022,4,73855,1497,99.4,21.0,3,CNG,Automatic,3.24
4507,Maruti Suzuki,Swift,2025,1,20847,2184,142.5,12.3,3,Diesel,Manual,6.28
4508,MG,Verna,2017,9,58791,1956,125.5,17.7,1,Petrol,Automatic,2.49
4509,Skoda,Kushaq,2019,7,115861,2184,159.1,15.4,1,Diesel,Manual,3.38
4510,Tata,Slavia,2017,9,15603,2184,160.9,14.5,1,Petrol,Automatic,2.64
4511,Hyundai,i20,2025,1,148354,1997,142.8,21.0,1,Diesel,Automatic,6.63
4512,Skoda,Sonet,2023,3,78559,1598,127.2,17.3,2,Petrol,Manual,4.15
4513,Honda,Punch,2021,5,88016,1199,85.5,17.4,1,Petrol,Manual,2.57
4514,Kia,Seltos,2025,1,40197,1997,121.4,20.5,1,Diesel,Manual,6.89
4515,MG,Amaze,2018,8,138317,1498,117.1,11.1,1,Petrol,Automatic,2.26
4516,Mahindra,Dzire,2021,5,28976,1956,124.6,21.8,2,Petrol,Manual,4.14
4517,Volkswagen,Nexon,2025,1,37553,2198,161.5,12.3,1,Petrol,Manual,7.45
4518,Hyundai,Compass,2018,8,56507,1199,103.5,12.9,2,Diesel,Automatic,2.51
4519,Hyundai,Celerio,2023,3,42924,1598,121.7,16.2,1,Diesel,Manual,4.17
4520,Mahindra,Bolero,2025,1,42546,1997,129.7,16.0,2,Petrol,Manual,6.74
4521,Mahindra,Magnite,2024,2,40447,1598,102.9,18.0,2,Petrol,Manual,5.02
4522,Jeep,Taigun,2017,9,39291,1497,102.8,24.7,3,Petrol,Manual,1.74
4523,Skoda,Slavia,2019,7,100248,2184,154.2,16.0,1,Diesel,Automatic,3.53
4524,Nissan,i20,2018,8,100637,1197,83.4,24.9,2,Petrol,Manual,1.42
4525,Hyundai,Scorpio,2017,9,16146,1199,95.8,17.9,2,Petrol,Manual,1.33
4526,Jeep,Alcazar,2025,1,38600,2198,149.4,17.6,1,Petrol,Automatic,8.06
4527,Nissan,Compass,2023,3,69952,2184,136.6,22.2,1,Petrol,Manual,4.11
4528,Maruti Suzuki,Alcazar,2024,2,149143,1598,113.0,14.1,1,Petrol,Automatic,4.45
4529,MG,Hector,2023,3,34329,1497,122.0,11.7,3,Diesel,Manual,4.18
4530,Mahindra,Hector,2025,1,110375,2198,160.9,15.6,1,Diesel,Manual,7.37
4531,Renault,Innova Crysta,2018,8,147859,2198,151.8,11.5,1,Diesel,Manual,2.53
4532,Maruti Suzuki,Bolero,2020,6,153173,1197,105.9,24.3,1,Petrol,Manual,2.12
4533,MG,Slavia,2018,8,83725,2198,163.4,14.6,1,Petrol,Automatic,3.34
4534,Renault,Aura,2018,8,103184,2184,158.4,22.5,1,Diesel,Manual,2.36
4535,Hyundai,Thar,2019,7,17449,1598,124.6,14.2,2,Petrol,Automatic,2.69
4536,Hyundai,Punch,2018,8,51759,1199,85.2,23.4,2,Petrol,Manual,1.84
4537,Renault,S-Presso,2025,1,108179,1498,127.4,19.7,2,Petrol,Automatic,4.39
4538,Jeep,Dzire,2024,2,26368,1956,132.0,17.0,1,Diesel,Automatic,7.12
4539,Renault,Scorpio,2022,4,81879,2198,143.2,21.8,1,Petrol,Manual,3.43
4540,Renault,Alto K10,2023,3,88997,2184,146.6,11.1,1,CNG,Manual,4.37
4541,Kia,Baleno,2021,5,81031,2198,139.4,21.6,1,Petrol,Automatic,4.59
4542,Kia,Aura,2021,5,88768,1956,152.4,13.6,2,Petrol,Manual,3.7
4543,Volkswagen,Triber,2019,7,156612,1498,94.0,21.6,1,Petrol,Automatic,2.65
4544,Maruti Suzuki,Hector,2022,4,77113,2184,135.0,21.1,1,Petrol,Manual,4.01
4545,Jeep,Compass,2023,3,55938,1498,102.1,12.8,1,Diesel,Automatic,5.37
4546,Nissan,Creta,2022,4,48983,1598,110.6,22.7,2,Diesel,Manual,2.86
4547,Hyundai,Slavia,2021,5,66169,1956,126.6,14.7,1,Diesel,Automatic,4.13
4548,Honda,Grand i10 Nios,2024,2,117610,1997,132.9,19.3,2,Petrol,Manual,4.8
4549,Renault,Scorpio,2025,1,23035,1498,115.7,24.9,1,Petrol,Automatic,4.66
4550,Skoda,Punch,2023,3,30127,1197,110.9,10.6,2,Petrol,Manual,3.63
4551,MG,Innova Crysta,2019,7,102692,1956,136.5,21.6,1,Petrol,Automatic,3.31
4552,Skoda,Verna,2025,1,105164,1598,121.5,17.5,1,Diesel,Manual,5.86
4553,Jeep,Urban Cruiser Hyryder,2024,2,52191,1199,100.2,19.4,2,CNG,Automatic,4.65
4554,MG,Harrier,2021,5,120894,998,75.8,23.8,1,Petrol,Manual,2.05
4555,Mahindra,Safari,2024,2,30841,998,95.6,17.8,2,Diesel,Manual,4.32
4556,Volkswagen,Elevate,2021,5,7512,2198,140.3,23.3,2,Petrol,Manual,3.76
4557,Skoda,Taigun,2018,8,113535,1197,97.9,22.3,2,CNG,Manual,1.89
4558,Volkswagen,Swift,2025,1,93246,1956,142.9,17.6,1,Diesel,Manual,6.76
4559,Renault,Compass,2024,2,51495,1956,134.9,23.3,2,Petrol,Manual,4.31
4560,Renault,Amaze,2017,9,92003,2184,136.6,24.7,1,Petrol,Automatic,2.46
4561,MG,Scorpio,2021,5,26465,1197,110.4,13.3,1,CNG,Automatic,3.96
4562,MG,Kwid,2024,2,102921,1997,135.8,22.4,1,Diesel,Manual,5.94
4563,MG,Fortuner,2018,8,63031,1956,144.2,14.4,1,Petrol,Manual,2.62
4564,Skoda,Urban Cruiser Hyryder,2022,4,99997,1598,100.5,12.4,2,Petrol,Automatic,3.96
4565,Toyota,Wagon R,2024,2,75597,1497,124.5,15.3,1,Petrol,Automatic,5.42
4566,Hyundai,Venue,2022,4,136429,1199,100.7,24.3,1,Petrol,Automatic,3.23
4567,Jeep,Baleno,2025,1,9731,2184,159.3,17.2,1,CNG,Manual,8.12
4568,Toyota,Wagon R,2021,5,109955,998,93.4,20.3,1,Diesel,Manual,3.08
4569,Kia,Baleno,2020,6,145670,1199,102.7,24.0,2,Petrol,Manual,2.43
4570,Renault,Tiago,2021,5,80128,1598,122.2,24.0,1,Petrol,Manual,2.35
4571,Jeep,Amaze,2019,7,85012,2184,143.7,18.2,1,Petrol,Manual,2.95
4572,MG,Wagon R,2020,6,145571,1497,113.6,18.0,1,Petrol,Manual,2.51
4573,Nissan,Slavia,2022,4,130746,1497,93.7,21.5,1,Petrol,Automatic,2.78
4574,Volkswagen,Magnite,2022,4,39734,2184,133.9,18.3,2,Petrol,Manual,4.38
4575,Honda,Alto K10,2018,8,41977,1497,97.7,17.0,1,CNG,Manual,1.78
4576,Jeep,Scorpio,2017,9,105923,998,74.6,18.7,1,Petrol,Automatic,2.04
4577,Skoda,Wagon R,2017,9,59298,998,71.4,13.5,1,Diesel,Automatic,2.14
4578,Toyota,Wagon R,2018,8,67789,1199,109.3,10.7,1,Petrol,Automatic,2.63
4579,Maruti Suzuki,Kushaq,2018,8,143972,1956,135.0,18.9,3,Diesel,Manual,1.94
4580,Maruti Suzuki,Grand i10 Nios,2022,4,44982,998,95.7,23.4,1,CNG,Manual,2.42
4581,Toyota,Creta,2020,6,132855,1598,116.7,11.6,1,Petrol,Automatic,3.31
4582,Jeep,Dzire,2018,8,37799,1497,107.5,19.0,2,Petrol,Automatic,2.6
4583,Maruti Suzuki,Punch,2024,2,58504,2198,146.7,13.8,1,Petrol,Manual,5.63
4584,Hyundai,Alto K10,2022,4,12341,2198,165.9,20.4,2,Petrol,Manual,4.9
4585,Nissan,Punch,2023,3,50888,2198,148.8,21.9,2,Diesel,Automatic,4.62
4586,MG,Triber,2017,9,54116,2198,135.2,10.3,1,Petrol,Automatic,2.69
4587,Mahindra,Taigun,2023,3,32004,1956,147.1,17.4,2,Diesel,Manual,5.33
4588,Toyota,Alto K10,2021,5,39899,1199,78.9,21.8,1,Petrol,Automatic,3.33
4589,Skoda,Elevate,2025,1,143250,1498,110.5,10.3,2,Petrol,Manual,4.79
4590,Skoda,Scorpio,2021,5,83256,1199,103.1,20.8,1,CNG,Manual,2.67
4591,Jeep,Thar,2024,2,47496,998,66.7,19.6,1,Petrol,Manual,3.78
4592,Jeep,Altroz,2022,4,8430,2184,143.4,13.3,1,Diesel,Manual,5.63
4593,Jeep,Kwid,2019,7,128633,1956,124.6,16.4,1,Petrol,Automatic,3.05
4594,Renault,Grand i10 Nios,2018,8,26310,1199,81.2,13.7,2,Diesel,Manual,1.64
4595,Kia,Astor,2020,6,119307,2198,163.3,15.7,1,Petrol,Manual,3.68
4596,Toyota,Elevate,2018,8,38343,1997,132.7,21.4,1,Petrol,Manual,2.67
4597,Jeep,Alto K10,2020,6,119592,2184,165.8,13.6,1,Diesel,Manual,4.02
4598,Mahindra,Innova Crysta,2017,9,83239,1497,123.4,17.0,1,Petrol,Automatic,2.29
4599,Toyota,Aura,2024,2,145462,998,78.9,23.7,1,Petrol,Manual,3.47
4600,Renault,Scorpio,2018,8,45401,2198,144.5,25.0,1,Diesel,Manual,2.07
4601,Kia,Slavia,2020,6,101249,1997,140.3,18.8,3,Petrol,Automatic,3.47
4602,Honda,Fortuner,2018,8,58452,998,86.5,15.1,1,Petrol,Manual,1.49
4603,Jeep,Swift,2018,8,5310,2184,154.7,12.8,1,Diesel,Automatic,4.18
4604,Tata,Celerio,2022,4,106035,1997,125.5,17.3,1,Diesel,Automatic,4.7
4605,Jeep,Wagon R,2019,7,34350,1197,102.3,12.7,2,Diesel,Manual,2.28
4606,Volkswagen,Alcazar,2024,2,131432,1997,141.8,18.4,3,Petrol,Automatic,5.53
4607,Tata,Celerio,2023,3,71250,1199,106.2,20.1,2,Petrol,Automatic,3.27
4608,Kia,Triber,2017,9,143570,1197,109.6,17.9,2,Petrol,Manual,1.29
4609,Tata,Kiger,2019,7,24762,1956,123.2,14.6,2,Diesel,Manual,2.78
4610,Maruti Suzuki,Harrier,2023,3,123337,1497,106.4,18.2,1,CNG,Manual,3.55
4611,MG,Glanza,2023,3,58374,1497,113.1,18.7,2,Diesel,Manual,4.63
4612,MG,Tiago,2020,6,67205,1498,124.1,19.4,1,Petrol,Manual,2.9
4613,Kia,Kwid,2018,8,56222,998,68.7,13.4,1,Diesel,Manual,1.58
4614,Nissan,Kushaq,2023,3,157749,1598,107.4,13.2,1,Petrol,Manual,3.1
4615,Hyundai,Grand i10 Nios,2017,9,138404,1956,146.0,17.9,1,Petrol,Manual,1.63
4616,Skoda,i20,2021,5,106176,1598,118.6,18.1,1,Diesel,Manual,3.43
4617,Jeep,Magnite,2022,4,38115,1497,123.0,10.3,3,Diesel,Manual,4.12
4618,MG,Kiger,2025,1,106168,2184,155.7,11.2,2,Diesel,Manual,6.96
4619,Mahindra,Amaze,2017,9,24740,1997,154.0,24.4,1,Diesel,Manual,2.5
4620,Kia,Harrier,2022,4,8110,2198,133.3,18.8,1,Diesel,Automatic,5.93
4621,Maruti Suzuki,Compass,2019,7,8848,1498,117.5,16.6,1,Diesel,Automatic,2.69
4622,Renault,Compass,2025,1,142433,1997,133.3,12.9,1,Diesel,Manual,4.82
4623,Kia,Triber,2020,6,58175,1956,133.6,15.2,1,Petrol,Manual,3.07
4624,Toyota,Astor,2022,4,18039,1956,141.3,10.2,2,Petrol,Manual,4.84
4625,Hyundai,Elevate,2020,6,76929,1956,130.4,10.8,3,Petrol,Manual,2.43
4626,Volkswagen,S-Presso,2024,2,118890,1199,96.5,22.4,2,Petrol,Manual,3.38
4627,Mahindra,Slavia,2025,1,51713,2198,162.0,12.0,2,Petrol,Manual,7.35
4628,Volkswagen,Tiago,2018,8,142225,2198,156.6,13.4,3,Petrol,Manual,1.96
4629,MG,Sonet,2025,1,124040,1197,102.6,20.8,2,Petrol,Automatic,5.22
4630,Volkswagen,Kushaq,2020,6,104297,998,91.8,16.7,1,Diesel,Automatic,2.63
4631,Nissan,City,2024,2,70999,1199,91.0,11.2,1,Petrol,Manual,3.34
4632,Nissan,Fortuner,2025,1,29332,1498,116.8,22.4,2,Petrol,Automatic,4.45
4633,Jeep,Sonet,2019,7,63783,1598,126.1,23.7,1,Petrol,Manual,2.48
4634,Maruti Suzuki,Kushaq,2022,4,140361,1199,109.9,14.8,2,CNG,Automatic,2.8
4635,Mahindra,City,2020,6,143418,2184,158.4,13.5,2,Petrol,Manual,3.39
4636,MG,Glanza,2025,1,157812,1497,113.5,11.3,2,CNG,Automatic,5.37
4637,Kia,Brezza,2023,3,139141,1498,95.2,22.5,2,CNG,Automatic,4.38
4638,Kia,Magnite,2021,5,18494,1956,133.6,19.7,1,Petrol,Automatic,4.65
4639,Skoda,Baleno,2020,6,138213,1497,100.8,19.9,1,Petrol,Manual,2.61
4640,Renault,i20,2017,9,148914,1497,105.9,20.0,1,CNG,Manual,1.44
4641,Nissan,Carens,2021,5,64184,1197,96.6,18.2,2,Petrol,Manual,2.16
4642,Renault,Glanza,2023,3,100243,1497,127.0,11.2,2,Diesel,Manual,3.16
4643,Jeep,Glanza,2017,9,14206,998,69.2,19.0,3,CNG,Automatic,2.03
4644,Volkswagen,XUV700,2017,9,34457,1498,109.0,13.1,1,Petrol,Manual,1.56
4645,Kia,Wagon R,2020,6,125112,1197,90.5,23.2,2,Petrol,Automatic,2.43
4646,Honda,Taigun,2024,2,56540,1498,128.1,20.6,1,Diesel,Automatic,5.36
4647,Maruti Suzuki,Bolero,2020,6,19511,1199,108.7,12.1,1,Diesel,Manual,2.33
4648,Skoda,Astor,2022,4,79877,1956,132.5,15.8,1,CNG,Manual,4.45
4649,Volkswagen,Brezza,2019,7,53804,1498,123.3,15.6,1,Petrol,Automatic,2.49
4650,MG,Safari,2017,9,117322,1497,102.2,17.8,2,Petrol,Manual,1.42
4651,Kia,Tiago,2025,1,32976,2198,148.0,18.1,1,CNG,Automatic,8.41
4652,Skoda,Venue,2025,1,46321,1956,130.2,22.5,1,Petrol,Manual,6.75
4653,Nissan,Kushaq,2021,5,48379,2184,159.7,18.8,1,Petrol,Manual,3.07
4654,Maruti Suzuki,XUV 3XO,2023,3,50671,1598,124.8,19.9,1,Petrol,Automatic,4.15
4655,Hyundai,i20,2021,5,21622,1199,92.1,17.3,1,Petrol,Manual,2.9
4656,Renault,Carens,2020,6,57675,1997,125.4,17.7,2,CNG,Automatic,3.2
4657,Nissan,Slavia,2017,9,82521,2198,149.0,13.1,2,CNG,Manual,1.74
4658,Renault,Alcazar,2020,6,146616,1598,131.0,12.5,3,Petrol,Manual,2.12
4659,Nissan,Grand i10 Nios,2021,5,48237,2184,161.5,16.4,1,Diesel,Manual,3.57
4660,Nissan,Bolero,2021,5,69768,998,78.4,11.7,2,Petrol,Manual,1.61
4661,Honda,Glanza,2025,1,36499,2184,133.0,24.8,1,Petrol,Manual,6.7
4662,Jeep,Alto K10,2022,4,118950,1497,93.7,10.7,1,Diesel,Manual,3.49
4663,Toyota,Seltos,2022,4,41716,1197,105.3,15.5,1,Petrol,Manual,3.55
4664,Maruti Suzuki,Urban Cruiser Hyryder,2020,6,55670,1497,105.6,21.2,1,Petrol,Manual,1.97
4665,Maruti Suzuki,Dzire,2018,8,124601,1199,84.7,24.6,2,Diesel,Manual,1.78
4666,Skoda,Innova Crysta,2018,8,90275,2198,141.4,14.4,2,Petrol,Automatic,3.19
4667,Volkswagen,Compass,2019,7,84360,1197,91.8,17.0,2,Diesel,Manual,2.26
4668,Skoda,Alto K10,2021,5,93045,1498,120.7,13.8,1,Diesel,Manual,3.04
4669,Tata,Venue,2019,7,45673,1197,99.5,24.6,1,Petrol,Manual,2.12
4670,MG,Taigun,2017,9,6526,2184,140.1,15.5,3,CNG,Automatic,2.7
4671,MG,Compass,2017,9,131355,2198,134.6,11.8,2,CNG,Manual,2.55
4672,Maruti Suzuki,Urban Cruiser Hyryder,2022,4,99263,1197,98.6,17.4,2,Petrol,Automatic,2.9
4673,Hyundai,Venue,2022,4,72616,998,89.2,18.1,1,Diesel,Automatic,3.33
4674,Skoda,Creta,2025,1,121210,1956,146.1,15.0,1,Petrol,Automatic,6.82
4675,Toyota,Slavia,2023,3,45333,1997,136.2,19.0,1,Diesel,Automatic,6.52
4676,Skoda,Swift,2018,8,68526,998,68.0,16.3,1,Petrol,Automatic,1.83
4677,Honda,Tiago,2017,9,43855,1497,114.8,16.6,2,Petrol,Automatic,2.32
4678,Volkswagen,Altroz,2019,7,47183,998,93.3,23.4,1,Petrol,Manual,1.47
4679,Tata,Glanza,2023,3,10004,1598,119.1,10.7,1,Petrol,Manual,3.76
4680,Maruti Suzuki,City,2018,8,72602,998,75.9,14.0,2,Diesel,Manual,1.62
4681,Toyota,Creta,2017,9,130606,2184,149.7,19.4,3,Petrol,Automatic,2.95
4682,Hyundai,Safari,2017,9,62779,1997,126.3,19.7,1,Petrol,Manual,2.29
4683,Tata,S-Presso,2018,8,16084,1197,95.9,22.9,1,CNG,Manual,1.99
4684,Hyundai,Harrier,2023,3,15852,998,98.9,24.6,1,Diesel,Manual,3.69
4685,Skoda,S-Presso,2022,4,98548,1997,145.3,19.5,2,Petrol,Manual,3.83
4686,Volkswagen,Compass,2023,3,126638,1598,129.9,18.9,3,Petrol,Automatic,4.28
4687,Maruti Suzuki,Seltos,2019,7,140367,998,81.7,12.7,1,Petrol,Automatic,1.9
4688,Hyundai,Harrier,2025,1,41741,1956,136.0,20.9,1,Petrol,Manual,6.28
4689,Hyundai,Dzire,2022,4,137074,1497,118.2,24.4,2,Diesel,Automatic,3.64
4690,Renault,Triber,2018,8,27620,1997,147.4,16.4,1,Petrol,Manual,2.1
4691,Kia,Triber,2023,3,151098,1199,106.7,13.7,1,Petrol,Automatic,3.54
4692,Honda,Thar,2023,3,11487,1199,101.6,23.3,1,Petrol,Manual,3.49
4693,Honda,i20,2025,1,19888,1497,111.5,14.4,1,Diesel,Manual,5.52
4694,Hyundai,Amaze,2025,1,69613,1497,113.3,14.9,2,Petrol,Automatic,5.05
4695,Tata,Fortuner,2018,8,56219,1997,148.8,20.4,2,Petrol,Automatic,2.77
4696,Kia,Baleno,2017,9,85087,1956,128.3,14.1,2,Petrol,Manual,1.96
4697,Renault,Baleno,2022,4,86368,1956,132.8,20.7,2,Petrol,Manual,2.95
4698,Hyundai,City,2017,9,8383,1997,133.6,19.3,1,Petrol,Manual,1.93
4699,Volkswagen,Punch,2025,1,40951,1598,133.1,23.4,1,Petrol,Manual,5.5
4700,Hyundai,Taigun,2023,3,158882,2184,158.6,20.1,2,Diesel,Manual,4.6
4701,Volkswagen,Slavia,2017,9,12982,1497,108.0,20.6,1,Diesel,Automatic,2.34
4702,Renault,S-Presso,2018,8,106866,1497,97.7,19.4,1,Petrol,Automatic,1.74
4703,Tata,Carens,2019,7,62595,2198,153.5,23.9,3,Petrol,Automatic,2.85
4704,Nissan,Innova Crysta,2020,6,9919,1197,76.5,11.6,1,Petrol,Manual,2.03
4705,Volkswagen,Harrier,2021,5,112696,1498,113.2,18.3,1,Petrol,Manual,3.17
4706,Mahindra,Taigun,2024,2,34992,1497,109.7,14.6,1,Diesel,Automatic,5.63
4707,MG,i20,2020,6,82062,998,89.6,10.2,1,Petrol,Manual,2.36
4708,Honda,Kiger,2025,1,153871,1498,93.9,18.7,1,Diesel,Manual,4.6
4709,Jeep,Thar,2024,2,157132,2184,157.9,11.7,1,Diesel,Manual,6.73
4710,Honda,Altroz,2019,7,32854,2198,137.1,14.2,1,Petrol,Automatic,3.62
4711,Toyota,Kiger,2023,3,80033,1598,128.5,19.7,1,Diesel,Manual,5.02
4712,Kia,Punch,2025,1,122813,2198,166.4,14.2,1,CNG,Manual,7.24
4713,Hyundai,Swift,2018,8,20361,1497,119.1,17.3,1,Diesel,Manual,1.99
4714,Nissan,Sonet,2018,8,19720,2184,139.8,20.7,2,Petrol,Manual,2.12
4715,Nissan,Glanza,2024,2,42548,998,87.0,11.5,1,Petrol,Manual,2.58
4716,Volkswagen,S-Presso,2018,8,150362,1997,128.9,19.2,1,Petrol,Automatic,2.76
4717,Maruti Suzuki,Wagon R,2018,8,17206,1199,80.5,10.2,1,Diesel,Manual,1.98
4718,Volkswagen,Brezza,2023,3,34428,1199,108.2,16.4,1,CNG,Manual,3.84
4719,Renault,Seltos,2017,9,69207,2184,157.9,23.7,1,CNG,Automatic,2.22
4720,Tata,i20,2021,5,33930,1956,133.3,23.9,2,Diesel,Manual,3.42
4721,Kia,Punch,2025,1,151054,1498,99.1,19.4,1,Petrol,Manual,4.51
4722,Tata,Seltos,2023,3,56277,1598,103.3,21.8,1,Petrol,Manual,3.78
4723,MG,Slavia,2018,8,140769,2198,152.4,14.8,1,Diesel,Manual,3.21
4724,Toyota,Creta,2019,7,22707,1199,107.6,17.8,1,Diesel,Manual,2.63
4725,Honda,Kiger,2018,8,14560,998,96.9,21.5,2,Petrol,Automatic,2.29
4726,Toyota,City,2022,4,102805,998,76.5,14.7,3,Petrol,Manual,2.77
4727,Toyota,Alto K10,2022,4,111669,1997,121.0,12.6,1,CNG,Automatic,5.35
4728,Skoda,Scorpio,2020,6,91812,1197,94.9,22.6,2,Petrol,Manual,1.98
4729,MG,City,2020,6,14323,1997,145.2,13.8,1,CNG,Automatic,4.41
4730,Hyundai,Glanza,2025,1,97435,1497,117.5,18.8,1,Diesel,Manual,5.19
4731,Tata,XUV700,2018,8,134857,1598,132.5,21.7,2,CNG,Automatic,2.52
4732,Skoda,Harrier,2025,1,19826,1997,139.5,20.9,2,Petrol,Automatic,6.97
4733,Jeep,Celerio,2024,2,115141,1997,140.0,11.5,2,Diesel,Manual,5.92
4734,Tata,Fortuner,2020,6,130843,1498,125.3,18.9,1,Petrol,Manual,2.02
4735,Honda,XUV 3XO,2022,4,147663,2198,164.6,19.0,1,Petrol,Automatic,4.36
4736,Renault,Urban Cruiser Hyryder,2024,2,80764,998,72.8,20.3,1,Petrol,Automatic,3.08
4737,Mahindra,Tiago,2020,6,5440,1956,147.4,17.9,3,Diesel,Manual,3.6
4738,Nissan,Innova Crysta,2019,7,62918,1498,100.4,13.0,2,Petrol,Manual,1.66
4739,Mahindra,Alcazar,2017,9,73556,2198,143.1,19.3,2,Petrol,Manual,2.01
4740,Volkswagen,Harrier,2020,6,20327,1197,94.0,21.5,1,Petrol,Automatic,2.51
4741,Tata,Creta,2018,8,11074,1497,119.8,23.5,2,Diesel,Manual,2.47
4742,Volkswagen,i20,2019,7,74022,1197,107.2,20.5,2,Diesel,Automatic,2.63
4743,Volkswagen,Astor,2023,3,147985,1197,88.5,21.6,1,Petrol,Automatic,3.44
4744,MG,Aura,2023,3,125576,2198,132.7,19.2,1,CNG,Manual,5.41
4745,Hyundai,Aura,2020,6,46195,1598,102.2,19.9,1,Petrol,Automatic,3.04
4746,Tata,Astor,2020,6,71781,1598,113.4,18.0,1,Diesel,Manual,2.6
4747,Nissan,S-Presso,2021,5,109564,2184,133.5,24.6,1,Petrol,Manual,3.2
4748,Hyundai,Baleno,2023,3,75433,1197,108.8,14.8,1,Petrol,Automatic,4.15
4749,Tata,Polo,2020,6,58032,1497,127.2,18.8,2,Petrol,Manual,2.58
4750,Honda,Innova Crysta,2025,1,58931,1598,122.9,22.7,1,CNG,Manual,5.49
4751,Volkswagen,Kwid,2024,2,18331,1497,103.4,16.5,1,Petrol,Manual,4.38
4752,Volkswagen,Kiger,2021,5,20309,1497,110.8,18.1,1,Petrol,Manual,2.76
4753,Toyota,Alcazar,2022,4,62064,998,69.8,14.9,2,Petrol,Manual,3.04
4754,Volkswagen,Punch,2017,9,103174,2198,167.1,17.4,1,Diesel,Automatic,2.91
4755,MG,Verna,2017,9,48008,1997,135.3,19.6,1,Petrol,Manual,2.57
4756,Nissan,Sonet,2018,8,34659,1997,145.8,13.0,1,Petrol,Manual,2.1
4757,Honda,Kushaq,2019,7,106095,1997,130.3,23.3,2,Petrol,Manual,2.81
4758,Skoda,Taigun,2018,8,122549,1498,107.9,21.8,2,Petrol,Manual,2.11
4759,Toyota,Hector,2019,7,139747,1199,94.8,20.7,2,Petrol,Automatic,2.24
4760,Hyundai,Carens,2018,8,128347,1598,100.4,11.8,3,Petrol,Manual,1.33
4761,Renault,Astor,2025,1,139909,1197,106.5,11.7,3,Diesel,Manual,3.8
4762,Toyota,Hector,2025,1,153075,1598,123.0,21.4,1,Diesel,Manual,5.86
4763,Skoda,Polo,2022,4,131063,1598,117.4,21.9,1,Diesel,Manual,3.92
4764,MG,Amaze,2018,8,82872,2184,147.6,10.7,1,Petrol,Manual,2.91
4765,Tata,Verna,2024,2,46328,998,76.6,24.8,1,Petrol,Manual,3.03
4766,Mahindra,Tiago,2022,4,72024,998,69.7,18.5,1,Petrol,Manual,2.35
4767,Mahindra,Punch,2025,1,129888,998,90.3,18.6,1,Petrol,Manual,3.83
4768,Jeep,Kiger,2020,6,75243,2198,146.8,24.7,2,Petrol,Manual,3.59
4769,Mahindra,Venue,2023,3,61472,998,75.3,14.9,1,Petrol,Manual,3.45
4770,Maruti Suzuki,Harrier,2020,6,115790,1598,123.9,20.6,2,Petrol,Automatic,2.48
4771,Renault,i20,2021,5,123349,1598,114.0,12.3,3,Petrol,Manual,1.91
4772,Kia,Celerio,2022,4,75246,998,70.1,15.7,1,Petrol,Manual,2.58
4773,Skoda,Baleno,2020,6,64012,1498,106.2,23.0,1,Petrol,Manual,2.75
4774,MG,City,2024,2,93546,1199,99.6,18.6,1,Diesel,Automatic,5.03
4775,Hyundai,Urban Cruiser Hyryder,2020,6,112229,1197,78.0,19.1,1,Diesel,Manual,2.17
4776,Nissan,Compass,2023,3,110535,1956,146.3,13.3,1,Petrol,Manual,3.45
4777,Volkswagen,Taigun,2023,3,154992,1598,126.6,23.9,1,Petrol,Automatic,4.25
4778,Tata,Venue,2017,9,155841,1197,103.7,21.4,1,Petrol,Automatic,1.41
4779,Jeep,Punch,2018,8,58786,1497,93.5,17.1,1,Petrol,Manual,1.88
4780,Toyota,Hector,2025,1,83423,1598,111.9,11.0,1,Petrol,Automatic,6.41
4781,Skoda,Alto K10,2017,9,78231,2184,138.4,19.3,2,CNG,Manual,2.6
4782,Renault,Wagon R,2021,5,93790,2198,147.0,13.5,3,Petrol,Manual,2.81
4783,Maruti Suzuki,Brezza,2024,2,70954,1598,121.6,13.3,2,CNG,Automatic,4.75
4784,Maruti Suzuki,Fortuner,2018,8,30618,998,85.2,14.4,1,Petrol,Manual,1.68
4785,Volkswagen,Kushaq,2024,2,70965,1598,100.3,20.2,1,Petrol,Automatic,4.68
4786,Volkswagen,Altroz,2022,4,125235,1497,115.8,14.2,2,Petrol,Automatic,3.46
4787,MG,Slavia,2017,9,37810,1497,121.3,18.0,2,Petrol,Manual,1.62
4788,Renault,Hector,2017,9,128721,1997,124.6,11.0,1,Petrol,Automatic,2.26
4789,MG,Slavia,2021,5,114239,1498,111.3,20.6,2,Petrol,Manual,2.84
4790,Nissan,Astor,2017,9,146774,2184,133.6,21.4,3,Petrol,Manual,1.8
4791,Nissan,Triber,2018,8,70240,1956,119.1,24.9,1,Petrol,Manual,1.91
4792,MG,Kushaq,2020,6,143973,2198,145.9,22.0,1,Petrol,Manual,3.53
4793,Jeep,Slavia,2023,3,156472,1598,128.6,11.5,2,Petrol,Manual,4.13
4794,Renault,Grand i10 Nios,2019,7,31527,2184,153.5,14.0,2,Diesel,Manual,2.93
4795,Toyota,Celerio,2024,2,36903,1598,101.6,22.1,2,Petrol,Manual,4.99
4796,Maruti Suzuki,XUV700,2021,5,101291,1997,142.3,22.6,1,CNG,Manual,3.25
4797,Volkswagen,Alto K10,2020,6,47042,1197,81.4,11.5,3,Diesel,Manual,2.63
4798,Renault,Triber,2022,4,9639,1199,100.9,10.8,1,Petrol,Manual,2.9
4799,Tata,Kushaq,2022,4,81191,1498,95.8,11.1,3,Diesel,Automatic,3.42
4800,Jeep,Grand i10 Nios,2022,4,91548,1997,132.4,13.4,1,Diesel,Manual,4.99
4801,Renault,Slavia,2023,3,89938,998,99.6,19.4,1,Petrol,Manual,2.42
4802,Tata,Kwid,2019,7,9807,1997,130.4,18.2,1,Petrol,Manual,2.97
4803,MG,Amaze,2021,5,152171,2198,134.8,20.1,2,Petrol,Manual,3.5
4804,Skoda,Nexon,2025,1,49445,1997,140.7,12.7,2,Petrol,Manual,6.29
4805,Skoda,Magnite,2025,1,135282,1199,107.7,10.5,3,Petrol,Manual,4.42
4806,Renault,Wagon R,2024,2,122894,2198,145.6,15.2,1,Petrol,Automatic,5.16
4807,Kia,Harrier,2019,7,110648,998,67.6,19.2,1,Diesel,Manual,1.96
4808,Mahindra,Urban Cruiser Hyryder,2020,6,87657,1199,79.8,24.4,1,CNG,Manual,2.74
4809,Hyundai,Triber,2018,8,110546,1956,120.1,11.2,1,Diesel,Manual,2.43
4810,Volkswagen,Virtus,2023,3,94474,1598,100.8,19.9,1,Petrol,Manual,3.62
4811,Renault,Alto K10,2025,1,51672,1497,116.9,18.8,1,Diesel,Manual,4.92
4812,Maruti Suzuki,Seltos,2018,8,136946,1956,125.1,15.9,1,Diesel,Automatic,2.55
4813,Toyota,Carens,2024,2,137911,2198,146.1,10.5,1,Diesel,Manual,6.73
4814,Maruti Suzuki,Swift,2019,7,73755,1997,137.3,24.0,1,Diesel,Manual,3.02
4815,Renault,XUV700,2022,4,34936,1498,115.4,16.1,1,Diesel,Automatic,3.62
4816,Toyota,Seltos,2017,9,148897,2198,166.8,12.5,1,Petrol,Manual,2.22
4817,Renault,Glanza,2017,9,35636,1497,109.3,13.9,1,Petrol,Manual,1.59
4818,Skoda,Astor,2024,2,62254,2184,161.5,17.5,1,Petrol,Manual,6.42
4819,Volkswagen,Taigun,2025,1,112676,2198,155.6,18.4,1,Diesel,Manual,6.92
4820,Mahindra,Dzire,2022,4,153557,1497,94.9,16.5,3,Diesel,Manual,3.04
4821,Tata,Sonet,2021,5,12630,1199,81.4,17.2,1,Petrol,Manual,2.06
4822,Volkswagen,Carens,2022,4,96238,1997,129.7,16.3,2,CNG,Automatic,4.22
4823,Kia,Kushaq,2017,9,102843,2198,143.5,12.8,1,Petrol,Manual,2.14
4824,Skoda,Celerio,2020,6,86041,1956,132.8,14.6,1,Petrol,Manual,2.81
4825,Hyundai,Grand i10 Nios,2023,3,71570,1956,137.8,16.5,2,Petrol,Manual,4.16
4826,MG,Polo,2018,8,7458,998,93.3,12.2,1,Petrol,Automatic,2.17
4827,Tata,City,2025,1,12610,2184,138.7,16.2,1,CNG,Automatic,7.08
4828,Jeep,Elevate,2023,3,46148,2184,160.6,20.5,3,Petrol,Manual,5.53
4829,Tata,Polo,2023,3,67095,1197,109.2,21.6,2,Petrol,Manual,3.32
4830,Mahindra,Safari,2024,2,116142,2198,141.9,11.6,1,Diesel,Automatic,6.94
4831,Hyundai,XUV 3XO,2022,4,17605,998,89.0,12.8,1,CNG,Automatic,3.46
4832,Nissan,Verna,2023,3,154430,1997,155.7,19.0,1,Petrol,Automatic,3.97
4833,Tata,City,2019,7,42727,1197,97.1,11.6,2,Petrol,Manual,1.94
4834,Kia,Innova Crysta,2019,7,62823,1498,117.9,23.4,1,Petrol,Manual,2.71
4835,Hyundai,Kiger,2017,9,108073,1598,117.3,18.1,1,Petrol,Automatic,2.23
4836,Skoda,Nexon,2022,4,125961,1197,91.3,22.4,1,Petrol,Manual,2.53
4837,Honda,Venue,2025,1,91228,1497,126.3,13.1,1,Petrol,Manual,5.55
4838,Skoda,Thar,2018,8,107272,998,80.6,21.3,2,Diesel,Manual,1.85
4839,Hyundai,Glanza,2022,4,83930,1497,127.7,20.9,1,Petrol,Manual,3.29
4840,Maruti Suzuki,Baleno,2020,6,91757,1498,103.2,17.9,2,Petrol,Manual,2.01
4841,MG,City,2023,3,17509,1598,131.7,10.6,1,Petrol,Automatic,5.02
4842,Renault,Scorpio,2024,2,26145,1199,105.1,14.0,2,Petrol,Manual,3.33
4843,Hyundai,XUV700,2019,7,7079,1997,132.8,21.7,2,Diesel,Manual,3.09
4844,Nissan,Alcazar,2020,6,105519,1956,143.2,21.2,2,Petrol,Automatic,2.46
4845,Skoda,Virtus,2023,3,155423,998,94.3,16.0,1,Diesel,Manual,3.48
4846,Tata,Baleno,2023,3,53942,1598,113.5,17.8,3,Petrol,Manual,3.38
4847,Nissan,Fortuner,2023,3,17257,998,98.9,12.8,2,Diesel,Manual,3.08
4848,Hyundai,Safari,2024,2,159462,1956,138.7,11.6,2,CNG,Manual,4.72
4849,Renault,Aura,2021,5,116195,1997,141.8,13.1,2,Petrol,Automatic,2.85
4850,Mahindra,Carens,2019,7,94395,998,95.3,12.7,1,Petrol,Manual,1.62
4851,Kia,Amaze,2023,3,129077,1997,136.8,12.4,2,Petrol,Manual,4.71
4852,Volkswagen,Brezza,2018,8,9142,1199,91.0,23.8,1,Diesel,Automatic,2.68
4853,Kia,Brezza,2024,2,153915,998,85.0,24.3,1,Petrol,Manual,3.23
4854,Renault,i20,2019,7,11152,2198,149.5,21.3,1,Petrol,Manual,2.64
4855,Nissan,Wagon R,2017,9,49044,2198,145.2,13.0,1,Petrol,Manual,2.05
4856,Jeep,Kwid,2020,6,138082,2198,167.1,24.8,1,Petrol,Manual,3.5
4857,Jeep,Kiger,2019,7,6573,1197,92.9,15.9,1,Petrol,Automatic,2.59
4858,Renault,Scorpio,2019,7,94545,1997,128.8,24.5,2,Petrol,Automatic,2.55
4859,Skoda,Hector,2022,4,16922,1997,132.2,21.9,1,Diesel,Manual,4.67
4860,Nissan,City,2017,9,56002,1956,132.9,11.8,1,Diesel,Manual,1.67
4861,Skoda,Slavia,2022,4,87811,1997,123.7,22.9,1,Petrol,Automatic,4.72
4862,Maruti Suzuki,Nexon,2025,1,16207,1497,97.8,20.5,2,Petrol,Automatic,5.11
4863,Nissan,Astor,2018,8,15043,2198,136.1,18.7,1,Diesel,Manual,2.12
4864,Skoda,Punch,2023,3,67610,2198,132.7,13.6,1,CNG,Automatic,5.76
4865,Toyota,Polo,2018,8,142017,1199,111.4,17.8,1,Petrol,Manual,1.87
4866,Hyundai,XUV700,2018,8,32723,1598,117.9,24.2,1,Petrol,Manual,1.78
4867,Nissan,Altroz,2020,6,149342,1199,107.1,13.1,1,Petrol,Manual,1.87
4868,Jeep,Kwid,2025,1,35661,1498,119.4,25.0,2,Petrol,Manual,5.79
4869,Volkswagen,Kiger,2017,9,74859,1498,116.8,12.1,2,Petrol,Manual,1.5
4870,Nissan,Celerio,2021,5,62464,1497,97.7,14.6,3,Diesel,Manual,2.77
4871,Jeep,Kushaq,2024,2,92316,1197,90.5,11.9,1,Petrol,Manual,4.33
4872,Renault,Taigun,2018,8,38562,2184,143.7,14.3,1,Petrol,Manual,2.08
4873,Mahindra,Amaze,2017,9,150813,2198,147.4,13.1,1,Diesel,Automatic,3.17
4874,Mahindra,Compass,2017,9,69882,1199,107.9,20.4,1,CNG,Manual,1.78
4875,Maruti Suzuki,Carens,2020,6,121986,2198,163.9,10.6,2,Petrol,Manual,3.04
4876,Tata,Celerio,2018,8,35434,1498,103.4,24.8,1,Petrol,Manual,1.63
4877,Renault,Hector,2023,3,47946,2184,146.1,13.2,2,Diesel,Manual,4.21
4878,Toyota,Sonet,2022,4,108144,2184,142.6,16.9,1,Petrol,Manual,4.88
4879,Toyota,Slavia,2018,8,60722,998,92.8,14.9,2,Petrol,Automatic,2.04
4880,Skoda,Hector,2018,8,107417,1956,137.9,16.1,1,Diesel,Automatic,2.74
4881,Volkswagen,Thar,2024,2,96085,1197,98.6,15.2,2,Petrol,Automatic,3.88
4882,Nissan,Elevate,2019,7,95978,1498,102.3,22.1,1,Diesel,Manual,2.03
4883,Tata,XUV 3XO,2023,3,136464,1598,114.6,10.2,1,Petrol,Manual,3.7
4884,Kia,Compass,2020,6,153415,2198,147.2,17.5,1,Diesel,Manual,3.42
4885,Honda,Triber,2019,7,82721,1956,123.4,23.7,1,Petrol,Manual,2.44
4886,Hyundai,Alcazar,2018,8,31012,1199,79.5,11.9,2,Petrol,Manual,1.25
4887,Kia,Kiger,2024,2,46373,998,88.8,13.1,1,Petrol,Manual,3.58
4888,Jeep,Kiger,2018,8,55981,1497,105.3,11.5,1,Diesel,Automatic,2.74
4889,Skoda,Seltos,2023,3,108741,1956,128.6,20.2,3,Petrol,Manual,4.3
4890,Skoda,i20,2025,1,43711,1997,137.8,17.1,1,CNG,Manual,6.62
4891,Honda,Dzire,2021,5,5937,998,71.5,10.9,1,Petrol,Manual,1.95
4892,MG,Swift,2022,4,113144,1199,98.3,14.3,1,Petrol,Automatic,3.47
4893,Toyota,Dzire,2021,5,146009,1197,98.4,23.9,1,Petrol,Manual,2.83
4894,Mahindra,Glanza,2020,6,25884,998,66.8,22.2,1,Petrol,Manual,2.0
4895,Maruti Suzuki,Fortuner,2025,1,111909,1598,130.1,18.6,2,CNG,Automatic,5.2
4896,Maruti Suzuki,Alcazar,2017,9,149428,998,69.3,17.3,1,Diesel,Automatic,1.99
4897,Renault,Creta,2024,2,89953,1997,147.3,15.3,2,Petrol,Manual,4.18
4898,Renault,Punch,2017,9,120804,1598,119.3,15.3,3,CNG,Manual,1.57
4899,Hyundai,Kwid,2025,1,64821,1997,141.5,23.7,1,Petrol,Manual,6.37
4900,Maruti Suzuki,Innova Crysta,2024,2,113157,1197,98.7,17.3,1,Diesel,Manual,3.38
4901,Skoda,Dzire,2018,8,142388,998,85.2,21.5,2,Diesel,Manual,1.47
4902,Mahindra,Seltos,2025,1,76332,1498,126.3,11.6,1,Petrol,Automatic,6.33
4903,Renault,i20,2020,6,56995,2198,151.0,19.3,1,CNG,Manual,3.23
4904,Tata,Creta,2024,2,24521,1997,136.3,14.3,1,Diesel,Manual,5.35
4905,Skoda,Amaze,2022,4,30667,1197,85.4,22.9,1,Petrol,Manual,2.9
4906,Volkswagen,Taigun,2022,4,71348,1497,95.1,22.6,1,Petrol,Manual,3.47
4907,Nissan,Kwid,2024,2,43941,1997,126.9,23.7,1,Petrol,Automatic,4.97
4908,Honda,Triber,2019,7,7900,1498,109.3,19.4,1,Petrol,Manual,2.14
4909,Volkswagen,Harrier,2018,8,132202,1956,147.6,21.2,3,Petrol,Manual,2.41
4910,Tata,Elevate,2019,7,76904,998,70.2,17.9,2,Diesel,Manual,1.49
4911,Mahindra,Compass,2023,3,15545,1498,98.2,15.2,2,Petrol,Manual,3.81
4912,Nissan,Wagon R,2022,4,6191,1197,87.8,16.8,1,Petrol,Manual,2.59
4913,Kia,Tiago,2021,5,124130,1956,123.9,16.3,1,Petrol,Manual,3.39
4914,Honda,Dzire,2025,1,113809,1197,102.3,24.3,2,Diesel,Manual,4.2
4915,Mahindra,Urban Cruiser Hyryder,2021,5,14289,1497,127.6,19.0,1,Diesel,Manual,4.2
4916,Skoda,Harrier,2022,4,159731,1997,132.8,23.3,2,Diesel,Automatic,4.65
4917,MG,Safari,2020,6,25982,1598,115.4,23.4,2,Petrol,Manual,3.09
4918,Mahindra,Astor,2025,1,133735,1598,122.9,24.0,2,Petrol,Manual,5.36
4919,Hyundai,S-Presso,2024,2,63958,1199,100.3,21.5,3,Petrol,Automatic,3.74
4920,Skoda,Swift,2019,7,14537,1498,94.8,18.6,1,Petrol,Automatic,2.44
4921,Volkswagen,Brezza,2019,7,72287,1498,96.0,18.0,1,Diesel,Manual,2.11
4922,Toyota,Magnite,2019,7,37263,2198,143.7,16.3,3,Petrol,Automatic,3.56
4923,Toyota,Tiago,2021,5,17173,1199,111.4,15.4,1,Diesel,Automatic,4.32
4924,Toyota,i20,2023,3,58773,1956,129.7,14.9,1,Petrol,Manual,5.17
4925,MG,Creta,2021,5,83685,1199,106.8,24.7,2,Petrol,Manual,2.5
4926,Mahindra,Compass,2023,3,19925,998,77.6,22.7,2,Petrol,Manual,3.11
4927,Volkswagen,Magnite,2019,7,145200,2184,134.0,10.5,1,Petrol,Manual,2.38
4928,Renault,Magnite,2021,5,54442,998,78.3,25.0,2,Petrol,Manual,1.71
4929,Mahindra,i20,2025,1,153356,1956,143.2,10.6,1,Diesel,Manual,6.8
4930,Volkswagen,Nexon,2021,5,114079,1598,100.0,14.9,1,Petrol,Manual,2.63
4931,Jeep,Kiger,2022,4,57647,1197,110.6,12.8,1,Diesel,Manual,4.08
4932,Honda,Seltos,2019,7,18302,1498,125.6,10.8,1,Diesel,Manual,2.88
4933,Tata,Slavia,2025,1,71504,1498,97.9,25.0,2,Petrol,Manual,4.18
4934,Volkswagen,Seltos,2018,8,39783,2184,159.8,10.1,1,Diesel,Automatic,3.53
4935,Honda,Dzire,2024,2,42122,1197,76.8,23.1,1,CNG,Manual,3.82
4936,Nissan,Baleno,2021,5,34860,2184,136.2,15.3,1,Petrol,Manual,3.04
4937,Volkswagen,Sonet,2023,3,134066,2198,164.6,15.6,1,Petrol,Manual,4.85
4938,Tata,Glanza,2024,2,118311,1498,104.4,12.5,1,Petrol,Automatic,4.22
4939,Tata,Compass,2024,2,67699,1498,119.9,15.0,2,Diesel,Manual,4.8
4940,Honda,Thar,2019,7,62703,1598,100.1,21.1,2,Petrol,Automatic,2.67
4941,Hyundai,Wagon R,2019,7,63605,998,69.0,21.5,2,Petrol,Manual,1.82
4942,Honda,XUV700,2022,4,105994,1199,86.8,19.5,2,Diesel,Manual,2.79
4943,Kia,Carens,2023,3,66692,1956,121.7,11.7,1,Petrol,Manual,5.02
4944,Volkswagen,Glanza,2018,8,77856,1997,152.3,20.1,1,Petrol,Manual,2.75
4945,Maruti Suzuki,Polo,2025,1,121569,1497,122.8,24.6,2,Petrol,Manual,4.09
4946,Hyundai,Carens,2022,4,75391,2184,148.7,10.2,1,Petrol,Manual,4.52
4947,Renault,Punch,2021,5,54073,998,78.1,18.3,2,Diesel,Manual,2.1
4948,Kia,XUV 3XO,2021,5,56466,1598,121.4,18.0,1,Diesel,Automatic,4.18
4949,Jeep,XUV 3XO,2021,5,67431,2198,165.9,10.0,2,Petrol,Automatic,5.03
4950,Toyota,Bolero,2019,7,8385,2184,157.7,15.6,2,Petrol,Manual,3.35
4951,Maruti Suzuki,Fortuner,2024,2,76041,1598,111.1,16.7,2,CNG,Manual,4.32
4952,Honda,Kwid,2024,2,158507,1199,88.2,10.0,2,Petrol,Manual,2.93
4953,Volkswagen,Harrier,2025,1,49594,1498,94.1,16.3,1,Petrol,Manual,4.72
4954,Mahindra,Fortuner,2019,7,122587,1497,107.2,15.9,1,Petrol,Manual,2.49
4955,Mahindra,Nexon,2022,4,58237,2184,134.3,23.3,1,CNG,Manual,5.23
4956,Nissan,Safari,2022,4,47656,2184,166.3,22.8,1,Petrol,Manual,3.49
4957,Mahindra,Alto K10,2023,3,40312,1956,142.1,24.3,2,Diesel,Automatic,5.88
4958,MG,Brezza,2024,2,97807,998,87.8,23.5,2,CNG,Manual,4.01
4959,Kia,Slavia,2024,2,31108,1497,111.9,16.2,1,Petrol,Automatic,5.11
4960,Tata,Celerio,2023,3,153387,1498,102.4,17.3,1,Diesel,Manual,3.23
4961,Skoda,Creta,2021,5,50647,1997,121.8,18.6,1,Petrol,Automatic,3.95
4962,Nissan,Nexon,2018,8,116205,1598,125.5,10.0,2,Petrol,Automatic,1.78
4963,Mahindra,Scorpio,2021,5,144626,998,75.0,12.3,1,Diesel,Manual,2.76
4964,MG,Scorpio,2022,4,89418,1199,93.1,22.1,1,Petrol,Manual,2.71
4965,Volkswagen,Glanza,2021,5,60977,1956,135.6,19.6,1,Petrol,Automatic,4.13
4966,Skoda,Astor,2019,7,131971,1197,102.9,17.4,2,Petrol,Automatic,2.31
4967,Toyota,Celerio,2019,7,141814,1598,123.8,20.2,1,Diesel,Automatic,3.37
4968,Renault,Alto K10,2025,1,87086,1997,137.8,16.1,1,Diesel,Manual,5.33
4969,Jeep,Creta,2019,7,90390,1497,98.0,14.4,1,Petrol,Manual,2.34
4970,Toyota,Thar,2020,6,84450,2198,137.4,12.3,1,Petrol,Manual,3.7
4971,Tata,Swift,2023,3,89967,2184,152.1,18.0,2,Petrol,Manual,4.25
4972,MG,Triber,2018,8,98156,2198,139.1,19.8,2,Petrol,Manual,2.31
4973,Jeep,Fortuner,2021,5,47231,2184,161.6,17.9,1,Petrol,Automatic,5.37
4974,Tata,Grand i10 Nios,2018,8,147568,2184,148.6,16.8,2,Diesel,Automatic,3.12
4975,Mahindra,Triber,2025,1,73581,2184,166.3,24.0,1,Petrol,Manual,7.99
4976,Nissan,Polo,2019,7,103251,1199,97.2,22.3,2,Petrol,Manual,1.55
4977,Hyundai,Urban Cruiser Hyryder,2018,8,43826,1956,134.2,16.7,1,Petrol,Manual,2.35
4978,Honda,Kiger,2024,2,117450,2184,136.5,14.1,1,Petrol,Automatic,5.56
4979,Toyota,Thar,2020,6,85404,1997,152.1,23.3,1,CNG,Manual,3.77
4980,Nissan,Glanza,2024,2,84134,1497,115.4,13.6,1,Petrol,Manual,3.41
4981,Kia,Polo,2025,1,158091,1498,119.2,24.8,2,Diesel,Manual,5.14
4982,Maruti Suzuki,Thar,2025,1,130950,1997,128.6,20.6,1,Diesel,Manual,5.55
4983,Skoda,Nexon,2023,3,116976,1956,137.5,19.3,2,Petrol,Manual,4.36
4984,Toyota,Verna,2022,4,93652,998,93.3,16.1,2,Diesel,Automatic,3.49
4985,Kia,Creta,2021,5,60257,1997,155.5,15.7,2,Diesel,Manual,4.05
4986,Skoda,Hector,2023,3,62807,1997,124.0,22.6,2,Petrol,Manual,4.34
4987,Mahindra,S-Presso,2020,6,55485,998,71.5,13.6,1,Diesel,Automatic,2.49
4988,Jeep,Harrier,2018,8,115255,2184,147.1,13.8,2,Petrol,Manual,2.35
4989,Jeep,Brezza,2017,9,26196,1598,99.3,18.1,1,Diesel,Manual,2.03
4990,Honda,Sonet,2022,4,88444,1497,115.6,16.6,1,Petrol,Manual,3.69
4991,Kia,Taigun,2018,8,72279,1598,125.2,16.0,1,Diesel,Automatic,3.04
4992,Hyundai,Kiger,2021,5,96393,1598,116.9,13.9,1,Petrol,Automatic,3.51
4993,Honda,Hector,2024,2,53877,1956,140.8,11.8,1,Petrol,Manual,5.59
4994,Nissan,City,2023,3,80274,2184,156.6,13.8,2,Diesel,Automatic,5.04
4995,Skoda,Virtus,2025,1,105351,1498,127.5,10.4,1,Petrol,Automatic,6.14
4996,MG,Aura,2018,8,33900,1997,154.5,14.5,1,Petrol,Manual,2.46
4997,MG,Dzire,2019,7,10627,998,73.7,24.6,2,Diesel,Manual,1.9
4998,Nissan,Swift,2021,5,24463,1598,115.7,23.3,3,Diesel,Manual,3.0
4999,Toyota,Brezza,2017,9,153763,2198,149.8,10.3,1,CNG,Manual,2.68
5000,Hyundai,Brezza,2018,8,139258,2198,146.8,24.0,1,Diesel,Manual,2.44
5001,Tata,Altroz,2021,5,32490,998,85.1,20.0,1,Diesel,Automatic,2.75
5002,Skoda,Harrier,2018,8,109091,998,79.8,12.3,1,CNG,Manual,1.58
5003,Toyota,Alto K10,2023,3,134089,998,67.4,23.5,1,Diesel,Manual,3.39
5004,Hyundai,Seltos,2017,9,10426,2198,147.8,14.5,1,Petrol,Manual,2.36
5005,Skoda,Urban Cruiser Hyryder,2024,2,16023,1497,120.6,11.9,1,Diesel,Automatic,5.4
5006,Honda,Kwid,2023,3,159222,1199,90.9,22.2,1,Petrol,Manual,2.94
5007,Mahindra,Glanza,2022,4,11907,1197,88.8,11.1,1,Petrol,Automatic,3.45
5008,Jeep,Aura,2022,4,140144,1497,109.4,24.5,1,Petrol,Manual,3.77
5009,Toyota,Scorpio,2021,5,159921,1199,96.9,17.5,1,Petrol,Automatic,3.41
5010,MG,Elevate,2020,6,23478,998,81.2,19.6,3,Petrol,Automatic,2.24
5011,Toyota,Carens,2025,1,129968,1497,119.0,17.3,2,Petrol,Automatic,5.63
5012,Renault,XUV 3XO,2019,7,6006,1199,101.5,20.5,2,Petrol,Manual,1.37
5013,Renault,i20,2017,9,61109,2184,132.3,24.8,1,CNG,Automatic,2.65
5014,Volkswagen,S-Presso,2018,8,102627,2184,135.7,17.9,1,Petrol,Automatic,2.49
5015,Tata,Kwid,2021,5,146926,1497,101.8,20.4,1,Diesel,Automatic,3.03
5016,Renault,Taigun,2017,9,148982,998,82.4,24.1,2,Petrol,Automatic,1.25
5017,Hyundai,Magnite,2025,1,84519,1197,86.2,11.0,1,Petrol,Manual,3.75
5018,Maruti Suzuki,Magnite,2017,9,94994,1497,118.7,22.9,1,CNG,Manual,1.36
5019,Honda,Glanza,2021,5,22266,1498,107.5,24.7,2,Diesel,Automatic,3.9
5020,Renault,Grand i10 Nios,2025,1,158479,1199,76.9,16.3,2,Petrol,Automatic,3.27
5021,Jeep,Compass,2020,6,65400,1598,127.8,15.7,1,Petrol,Manual,2.79
5022,Kia,Triber,2021,5,145603,1197,107.6,20.6,1,Petrol,Automatic,2.76
5023,Volkswagen,XUV700,2020,6,66214,1197,101.2,17.9,1,Petrol,Manual,2.07
5024,Volkswagen,Glanza,2021,5,132804,1956,146.5,10.6,2,Petrol,Manual,3.29
5025,Mahindra,Astor,2023,3,115739,1197,79.7,16.7,3,Diesel,Manual,3.3
5026,Maruti Suzuki,Nexon,2022,4,92799,1956,138.6,23.9,2,Diesel,Manual,3.54
5027,Volkswagen,Nexon,2020,6,60818,1598,126.8,15.5,1,Petrol,Manual,3.04
5028,Kia,Scorpio,2025,1,72920,998,67.9,15.6,1,Diesel,Manual,4.18
5029,Jeep,Verna,2017,9,131617,1199,111.6,10.4,2,Petrol,Manual,1.43
5030,Mahindra,Harrier,2022,4,8605,1498,112.6,16.5,2,Petrol,Manual,4.01
5031,Mahindra,City,2025,1,59745,1197,78.2,24.2,1,Diesel,Automatic,5.5
5032,Renault,Fortuner,2023,3,84176,1199,99.8,12.2,2,Petrol,Manual,2.74
5033,Tata,Seltos,2023,3,107283,1199,88.5,11.6,1,Diesel,Automatic,4.02
5034,Hyundai,Carens,2018,8,153456,1199,102.6,24.7,1,Diesel,Manual,2.0
5035,Mahindra,Swift,2022,4,7698,1956,143.3,17.3,3,Petrol,Manual,4.49
5036,Tata,Seltos,2019,7,97721,1598,122.3,22.5,1,Diesel,Automatic,3.11
5037,Renault,Fortuner,2018,8,94167,1956,134.7,15.7,1,Petrol,Manual,2.1
5038,Jeep,Harrier,2018,8,137080,1197,111.1,18.3,1,CNG,Manual,2.12
5039,Renault,Altroz,2017,9,101994,1498,96.2,17.7,2,Petrol,Manual,1.25
5040,Toyota,Alcazar,2023,3,91256,1498,106.7,20.7,2,Petrol,Manual,3.84
5041,Skoda,Safari,2024,2,43465,1997,145.2,15.8,3,Petrol,Automatic,5.79
5042,Maruti Suzuki,Alto K10,2021,5,12837,1498,112.0,10.1,1,Petrol,Automatic,2.98
5043,Mahindra,Virtus,2023,3,150533,1956,118.8,10.2,1,CNG,Manual,4.63
5044,Kia,Taigun,2022,4,100762,1598,112.4,22.3,3,Petrol,Automatic,3.87
5045,Honda,Brezza,2017,9,126380,1199,83.0,22.2,2,Diesel,Automatic,2.19
5046,Mahindra,Triber,2017,9,116812,1197,95.9,22.9,2,Petrol,Manual,1.71
5047,Nissan,Altroz,2024,2,111782,1199,87.5,17.4,1,Petrol,Manual,2.57
5048,Maruti Suzuki,City,2021,5,46347,1497,110.9,16.1,1,Petrol,Manual,2.98
5049,MG,Hector,2019,7,12263,1956,147.8,22.3,2,CNG,Manual,2.99
5050,Jeep,Seltos,2020,6,133704,1498,108.2,17.9,1,Petrol,Manual,2.95
5051,Jeep,Carens,2018,8,12663,1598,126.7,11.4,1,Petrol,Manual,2.42
5052,Kia,Kiger,2023,3,6955,1956,121.2,24.1,1,Petrol,Manual,5.38
5053,Hyundai,Hector,2021,5,147752,2198,152.5,20.9,1,CNG,Manual,3.76
5054,Maruti Suzuki,Alto K10,2022,4,35592,1498,106.8,23.4,2,Petrol,Automatic,3.38
5055,Jeep,Grand i10 Nios,2020,6,148817,1197,80.5,13.7,1,Petrol,Manual,2.0
5056,Nissan,Baleno,2020,6,102420,2198,154.8,14.8,2,Petrol,Manual,2.56
5057,Mahindra,Hector,2020,6,128573,1498,117.3,15.3,1,Petrol,Manual,2.5
5058,Kia,Scorpio,2024,2,66215,1197,78.6,11.8,2,Petrol,Automatic,4.42
5059,Kia,Punch,2024,2,78463,1997,153.7,21.9,2,Petrol,Automatic,5.89
5060,Mahindra,Kushaq,2023,3,52396,2198,139.2,14.5,1,Petrol,Manual,5.61
5061,Renault,Scorpio,2020,6,51096,2198,132.9,13.4,1,CNG,Manual,2.55
5062,Jeep,Elevate,2021,5,9072,1197,95.9,10.1,2,Diesel,Automatic,3.46
5063,Nissan,XUV 3XO,2023,3,27541,1598,124.1,11.1,1,Diesel,Automatic,4.22
5064,Nissan,Taigun,2021,5,94667,1199,93.1,16.3,2,Diesel,Manual,2.03
5065,Tata,Nexon,2017,9,68969,1956,126.4,10.4,3,Diesel,Manual,1.87
5066,Volkswagen,Verna,2020,6,22566,998,75.6,10.1,2,Petrol,Automatic,2.22
5067,Honda,Amaze,2018,8,156591,998,97.5,15.0,1,Petrol,Manual,1.25
5068,Honda,Slavia,2019,7,43395,1498,108.2,20.1,1,Diesel,Manual,2.32
5069,Volkswagen,Innova Crysta,2019,7,15532,1197,89.4,22.8,1,Petrol,Manual,1.84
5070,Toyota,XUV 3XO,2024,2,156665,998,72.7,18.3,1,Diesel,Manual,3.89
5071,Tata,Tiago,2022,4,110492,2198,137.0,15.9,1,Petrol,Manual,3.56
5072,Kia,Magnite,2022,4,23638,1498,119.0,11.0,1,CNG,Automatic,4.33
5073,MG,XUV 3XO,2022,4,47487,1956,134.6,12.6,2,CNG,Automatic,5.0
5074,Tata,Kushaq,2018,8,103388,998,99.6,15.6,1,Petrol,Manual,1.4
5075,Hyundai,Venue,2021,5,28210,1197,86.3,16.3,2,Diesel,Manual,2.76
5076,Kia,Magnite,2022,4,154164,998,98.7,22.9,3,Petrol,Manual,2.67
5077,Volkswagen,XUV700,2021,5,142251,1497,108.6,14.8,1,Petrol,Automatic,2.98
5078,Mahindra,i20,2023,3,133529,1199,88.8,14.9,3,Diesel,Automatic,4.14
5079,Hyundai,Virtus,2025,1,24661,998,93.4,17.0,1,Petrol,Automatic,4.89
5080,Skoda,Kushaq,2017,9,24575,1497,110.1,24.6,1,Petrol,Manual,2.01
5081,Maruti Suzuki,Seltos,2023,3,157032,2198,162.9,23.8,1,Petrol,Manual,4.54
5082,MG,Glanza,2025,1,15898,2184,163.0,18.9,1,Petrol,Manual,7.85
5083,Kia,Wagon R,2024,2,43922,1956,128.9,19.6,2,Petrol,Automatic,5.94
5084,Renault,XUV700,2018,8,109509,2184,160.8,17.1,2,Petrol,Manual,1.76
5085,Tata,Safari,2019,7,148282,1197,79.4,22.8,1,Petrol,Manual,1.31
5086,Renault,XUV700,2024,2,40998,2198,138.8,22.1,1,Petrol,Manual,4.93
5087,Renault,Polo,2022,4,81684,998,70.2,12.4,2,Diesel,Manual,2.42
5088,Honda,Virtus,2024,2,103036,2184,149.7,23.3,2,Petrol,Manual,5.66
5089,Toyota,Alto K10,2022,4,84550,1497,115.9,10.8,2,Petrol,Automatic,4.42
5090,MG,Brezza,2022,4,75559,1956,143.3,21.5,2,Petrol,Manual,3.95
5091,Toyota,Taigun,2019,7,30349,1197,92.2,24.0,2,Diesel,Automatic,2.68
5092,Toyota,Slavia,2022,4,110409,1497,112.9,15.2,1,Petrol,Manual,3.45
5093,Hyundai,Scorpio,2020,6,52994,1197,99.2,22.7,1,Petrol,Manual,2.04
5094,Renault,Dzire,2025,1,6346,1197,104.1,24.7,1,Petrol,Automatic,4.05
5095,Tata,Compass,2020,6,139443,1197,92.8,15.9,1,Diesel,Manual,2.26
5096,Nissan,Fortuner,2017,9,59556,1197,91.3,17.4,2,CNG,Manual,1.46
5097,Renault,Thar,2021,5,57433,1199,108.8,16.9,1,Diesel,Manual,2.59
5098,Skoda,Wagon R,2018,8,51308,2198,145.7,10.4,2,CNG,Manual,2.92
5099,Toyota,i20,2018,8,136496,1498,122.3,20.9,1,Petrol,Automatic,2.63
5100,Jeep,Tiago,2025,1,42858,1197,95.2,24.1,2,Petrol,Automatic,5.3
5101,Mahindra,Taigun,2023,3,18322,1197,102.2,10.2,2,Petrol,Manual,3.8
5102,Honda,Urban Cruiser Hyryder,2021,5,18588,998,97.2,14.3,1,Diesel,Manual,2.93
5103,Mahindra,City,2018,8,126289,1497,111.0,24.1,2,Petrol,Automatic,2.05
5104,Maruti Suzuki,Kiger,2020,6,111900,1598,107.5,20.8,1,Petrol,Automatic,2.42
5105,Honda,Alto K10,2024,2,63185,1197,89.3,10.4,2,Diesel,Manual,3.88
5106,Maruti Suzuki,Polo,2022,4,10001,1199,99.3,15.0,1,Petrol,Automatic,3.61
5107,Skoda,Magnite,2017,9,121119,1497,98.7,13.8,1,Petrol,Manual,1.87
5108,Toyota,Aura,2023,3,7253,1956,122.7,23.7,3,Petrol,Manual,5.38
5109,Mahindra,Amaze,2022,4,89544,1498,119.6,11.1,1,Diesel,Manual,4.1
5110,Skoda,Compass,2019,7,87907,998,93.3,23.3,1,Diesel,Manual,1.8
5111,MG,Verna,2024,2,84672,1497,115.6,16.8,1,Petrol,Manual,5.07
5112,Jeep,Taigun,2021,5,130292,2198,150.3,14.7,1,Petrol,Automatic,4.62
5113,Skoda,Wagon R,2024,2,141855,2198,143.8,12.0,1,Petrol,Manual,5.26
5114,Hyundai,Grand i10 Nios,2020,6,133569,1497,103.7,11.4,1,Petrol,Manual,2.12
5115,MG,Baleno,2021,5,44987,1598,114.4,10.6,1,Diesel,Manual,3.75
5116,Volkswagen,Innova Crysta,2023,3,50606,1197,102.5,18.7,1,Diesel,Manual,3.66
5117,Kia,i20,2025,1,62954,1197,107.2,18.0,1,Petrol,Manual,4.86
5118,Maruti Suzuki,Alcazar,2025,1,117784,2184,163.5,19.2,1,Diesel,Manual,6.46
5119,Volkswagen,Fortuner,2019,7,33986,998,91.2,15.2,1,Diesel,Manual,2.48
5120,Volkswagen,Thar,2020,6,127843,1956,126.2,20.9,2,Petrol,Automatic,3.19
5121,Honda,Alto K10,2025,1,149098,998,69.8,13.1,1,Petrol,Manual,3.59
5122,Kia,Virtus,2025,1,56024,1997,145.6,11.1,2,Diesel,Manual,6.91
5123,Volkswagen,Verna,2023,3,104493,1497,124.0,10.9,1,Petrol,Automatic,4.26
5124,MG,Aura,2025,1,145963,998,88.4,23.9,3,Petrol,Manual,3.38
5125,MG,Innova Crysta,2017,9,21648,1997,145.6,10.2,1,Petrol,Manual,2.13
5126,Hyundai,Verna,2017,9,16802,1956,146.6,16.0,1,Petrol,Manual,1.93
5127,Renault,Harrier,2021,5,19009,1197,108.6,12.0,1,CNG,Automatic,3.01
5128,Volkswagen,Nexon,2022,4,79441,1497,101.3,19.0,1,Diesel,Automatic,4.34
5129,Honda,Aura,2017,9,89982,1956,144.9,21.8,1,Petrol,Manual,1.97
5130,Hyundai,Amaze,2022,4,12566,1197,97.0,22.9,1,Diesel,Automatic,3.78
5131,Kia,i20,2022,4,114806,998,78.7,20.9,2,CNG,Manual,2.75
5132,Volkswagen,Urban Cruiser Hyryder,2020,6,41788,2184,135.6,16.3,2,CNG,Manual,3.11
5133,MG,Carens,2019,7,21829,1598,115.8,15.0,1,Diesel,Manual,2.71
5134,Honda,Verna,2022,4,135003,1498,118.9,13.0,2,Petrol,Manual,3.04
5135,Volkswagen,Fortuner,2017,9,145039,1598,129.6,14.9,2,Petrol,Manual,1.32
5136,Maruti Suzuki,XUV700,2021,5,48307,1956,131.4,16.7,2,CNG,Automatic,3.81
5137,Renault,Scorpio,2023,3,14457,1956,140.1,14.1,1,Petrol,Automatic,4.21
5138,Honda,Safari,2017,9,29493,1197,104.0,11.6,1,Petrol,Manual,1.66
5139,Kia,Harrier,2020,6,47054,1598,115.7,13.5,1,Diesel,Manual,2.94
5140,Mahindra,Thar,2019,7,102629,1197,91.2,10.5,1,Diesel,Manual,1.95
5141,Jeep,Taigun,2019,7,132201,2184,139.0,18.5,1,Diesel,Automatic,4.04
5142,Hyundai,Bolero,2018,8,90085,1197,88.4,17.5,1,Diesel,Automatic,2.3
5143,Jeep,Altroz,2017,9,90057,1498,114.1,20.1,1,Petrol,Manual,1.71
5144,Tata,Amaze,2025,1,91507,1598,112.9,11.1,1,Petrol,Manual,4.69
5145,Toyota,Kwid,2017,9,125883,998,76.6,22.3,1,Diesel,Automatic,2.03
5146,Skoda,Virtus,2017,9,139181,1498,121.9,23.6,2,Petrol,Manual,1.59
5147,Tata,Innova Crysta,2023,3,54296,998,75.6,17.0,2,Petrol,Automatic,2.88
5148,Skoda,Wagon R,2025,1,123212,998,99.5,10.8,1,Petrol,Automatic,4.71
5149,Toyota,Dzire,2018,8,22027,998,89.0,14.1,1,Diesel,Automatic,2.51
5150,Renault,S-Presso,2017,9,137616,1199,101.0,24.6,1,Diesel,Manual,1.65
5151,Maruti Suzuki,Kushaq,2021,5,149713,1497,110.2,16.0,1,Diesel,Manual,2.74
5152,Toyota,Wagon R,2022,4,43923,1497,94.3,22.6,1,Diesel,Automatic,4.86
5153,Honda,Magnite,2021,5,137346,1498,105.6,18.3,1,Petrol,Manual,3.02
5154,Renault,Thar,2017,9,141908,1956,132.8,15.3,1,Petrol,Manual,1.54
5155,Renault,Fortuner,2025,1,88947,1197,86.8,18.8,1,Petrol,Automatic,3.57
5156,Jeep,Kiger,2018,8,54997,1497,114.5,18.4,2,Diesel,Automatic,2.9
5157,Skoda,Nexon,2022,4,73925,1598,108.1,20.5,1,Petrol,Manual,3.54
5158,MG,Swift,2018,8,115955,2184,153.2,19.1,1,Diesel,Manual,3.26
5159,Toyota,Elevate,2022,4,91485,2198,165.8,17.6,1,Petrol,Automatic,5.81
5160,Volkswagen,Elevate,2025,1,140995,1199,104.6,19.8,3,Diesel,Manual,4.31
5161,Toyota,Compass,2020,6,30291,1956,151.6,21.8,2,CNG,Manual,3.61
5162,Mahindra,S-Presso,2018,8,119870,2198,162.5,18.7,1,CNG,Automatic,3.17
5163,Maruti Suzuki,Magnite,2021,5,129200,1199,98.1,16.4,2,CNG,Automatic,2.65
5164,Nissan,Punch,2022,4,149303,2198,135.2,10.0,1,Petrol,Manual,3.21
5165,Volkswagen,Amaze,2017,9,122562,1997,127.7,18.3,1,Petrol,Manual,2.14
5166,Hyundai,S-Presso,2017,9,41221,2198,144.0,24.2,1,Petrol,Manual,1.86
5167,Skoda,Slavia,2018,8,71259,1956,121.4,11.2,1,Petrol,Automatic,3.01
5168,Hyundai,Glanza,2024,2,20032,1197,98.3,22.5,2,Diesel,Automatic,4.54
5169,Kia,Virtus,2024,2,115840,1598,118.0,21.2,1,Petrol,Automatic,5.03
5170,Nissan,Slavia,2024,2,13634,1498,119.2,24.9,1,Petrol,Automatic,4.7
5171,Honda,Polo,2018,8,18341,998,85.3,22.3,1,CNG,Manual,2.09
5172,Honda,Grand i10 Nios,2017,9,67033,1598,104.7,19.0,1,Petrol,Automatic,1.91
5173,Renault,Hector,2023,3,118766,1956,140.6,19.7,1,Petrol,Manual,3.35
5174,Skoda,Tiago,2024,2,21944,2184,154.7,14.0,1,Diesel,Manual,6.5
5175,MG,Astor,2020,6,38218,1997,151.5,17.5,3,Petrol,Automatic,3.71
5176,Renault,Polo,2021,5,149209,2198,162.3,17.7,1,Diesel,Manual,3.3
5177,Nissan,Venue,2017,9,7789,2198,162.6,24.9,1,Petrol,Manual,1.69
5178,Maruti Suzuki,Virtus,2022,4,91089,998,66.6,19.0,1,Diesel,Automatic,3.1
5179,Skoda,Magnite,2020,6,44533,1199,91.0,18.3,1,Diesel,Manual,2.4
5180,Nissan,Astor,2024,2,20101,2198,142.3,18.1,2,Petrol,Manual,4.84
5181,MG,Creta,2017,9,51641,1956,133.2,22.6,2,Petrol,Manual,1.93
5182,Skoda,i20,2019,7,20412,1498,118.3,21.0,1,Petrol,Manual,2.31
5183,Mahindra,Glanza,2024,2,128331,2198,161.4,16.7,2,Petrol,Automatic,6.19
5184,Mahindra,Swift,2018,8,157140,1956,149.4,13.1,1,Petrol,Automatic,2.83
5185,Tata,Hector,2023,3,126464,1598,116.9,14.4,2,Diesel,Automatic,4.03
5186,Honda,Grand i10 Nios,2025,1,55367,1497,114.7,23.2,1,Petrol,Manual,4.95
5187,Volkswagen,Hector,2023,3,139319,1197,105.1,11.1,2,Petrol,Automatic,3.81
5188,Mahindra,Bolero,2017,9,5736,1497,102.8,22.1,1,Diesel,Manual,2.54
5189,Kia,S-Presso,2025,1,6259,1197,90.5,16.6,2,Petrol,Manual,5.05
5190,Skoda,Harrier,2019,7,104073,1498,112.8,21.9,2,CNG,Automatic,2.76
5191,Hyundai,Amaze,2017,9,138297,1598,129.1,17.7,1,Petrol,Automatic,2.03
5192,Maruti Suzuki,Nexon,2017,9,126972,2198,151.4,18.6,1,Diesel,Manual,2.49
5193,Volkswagen,Harrier,2023,3,68789,1197,100.3,20.1,2,Petrol,Automatic,3.64
5194,Tata,Swift,2018,8,23104,1197,100.9,20.8,1,Petrol,Manual,1.56
5195,MG,Venue,2022,4,76506,1598,100.7,23.9,3,Diesel,Automatic,4.31
5196,Renault,Nexon,2019,7,63060,998,90.4,17.3,1,Diesel,Automatic,2.0
5197,Jeep,Urban Cruiser Hyryder,2025,1,79464,1956,139.1,24.4,1,Petrol,Manual,7.21
5198,Kia,Dzire,2023,3,69551,1997,134.8,18.9,2,Diesel,Manual,5.12
5199,Maruti Suzuki,Thar,2019,7,117211,1956,147.6,22.6,2,Diesel,Manual,2.69
5200,Mahindra,Tiago,2022,4,19749,1598,101.5,20.0,1,Petrol,Manual,4.11
5201,Toyota,Wagon R,2021,5,112108,2198,165.8,22.1,2,Diesel,Manual,4.74
5202,Renault,Kwid,2025,1,70677,1997,149.7,16.8,1,Petrol,Manual,5.19
5203,Mahindra,Glanza,2019,7,33148,1197,90.4,16.3,2,Petrol,Manual,1.86
5204,Volkswagen,i20,2023,3,92057,1197,88.8,14.7,1,Diesel,Manual,3.39
5205,Nissan,Glanza,2025,1,149065,1956,137.2,20.4,1,Petrol,Automatic,5.13
5206,Skoda,Thar,2019,7,76733,1497,125.0,11.5,1,Diesel,Manual,2.33
5207,Jeep,Seltos,2018,8,14685,1199,109.4,16.0,2,Petrol,Automatic,2.74
5208,Maruti Suzuki,Triber,2023,3,143262,2198,155.3,11.1,1,Petrol,Automatic,4.48
5209,Toyota,Celerio,2022,4,48258,1197,100.5,15.8,1,CNG,Manual,3.55
5210,Nissan,XUV 3XO,2024,2,146975,1956,122.6,19.2,2,Diesel,Manual,3.72
5211,Tata,XUV 3XO,2025,1,106122,1956,119.8,11.0,1,Petrol,Manual,5.16
5212,MG,Punch,2023,3,128088,2198,142.4,11.1,2,Petrol,Automatic,5.03
5213,Mahindra,Innova Crysta,2020,6,137379,2184,157.0,18.5,1,Petrol,Manual,3.66
5214,Skoda,Creta,2021,5,33809,2198,133.7,11.0,1,Petrol,Manual,3.86
5215,Toyota,Punch,2020,6,72797,998,84.7,24.5,1,Petrol,Automatic,2.5
5216,Toyota,Kwid,2025,1,47964,1498,97.8,24.2,1,Diesel,Automatic,6.38
5217,Jeep,Seltos,2018,8,15223,1997,149.4,19.5,2,Petrol,Manual,3.03
5218,Nissan,Innova Crysta,2018,8,39367,1199,101.7,20.3,1,Petrol,Manual,1.76
5219,Hyundai,Triber,2021,5,98394,2198,160.2,21.8,2,CNG,Automatic,4.28
5220,Nissan,Urban Cruiser Hyryder,2017,9,68809,1497,119.6,13.5,2,Diesel,Automatic,2.4
5221,Skoda,Celerio,2023,3,103967,1199,101.5,23.5,1,CNG,Manual,3.66
5222,Tata,Swift,2024,2,151809,1598,116.4,15.3,2,Petrol,Manual,3.54
5223,Renault,Swift,2024,2,89489,1497,110.8,19.9,1,Petrol,Automatic,3.7
5224,Tata,Magnite,2023,3,20877,2198,151.3,16.4,1,Petrol,Automatic,5.64
5225,Maruti Suzuki,Venue,2025,1,116778,1498,106.4,15.2,3,Petrol,Manual,3.82
5226,Honda,Swift,2020,6,158440,1199,90.6,18.1,2,Petrol,Automatic,2.12
5227,MG,Punch,2019,7,101126,2184,141.1,21.3,1,Diesel,Manual,3.51
5228,Mahindra,Thar,2017,9,18925,1498,108.6,21.6,3,CNG,Manual,2.1
5229,Nissan,Tiago,2023,3,82349,2184,164.0,22.7,1,Diesel,Automatic,4.97
5230,Volkswagen,Brezza,2022,4,83869,1199,90.2,15.4,1,Petrol,Manual,2.48
5231,Maruti Suzuki,Punch,2021,5,129329,1598,118.0,10.5,1,Petrol,Manual,2.29
5232,Maruti Suzuki,Elevate,2018,8,39931,1199,107.5,12.8,1,Diesel,Automatic,2.22
5233,Mahindra,Punch,2018,8,56430,1197,110.5,18.8,2,Petrol,Automatic,2.33
5234,Kia,Astor,2019,7,123477,998,100.2,18.3,1,Diesel,Manual,1.97
5235,Hyundai,Baleno,2018,8,136202,1598,113.9,14.4,1,Petrol,Automatic,2.06
5236,Toyota,Grand i10 Nios,2023,3,65026,1199,111.4,17.0,1,Petrol,Manual,4.03
5237,Toyota,i20,2024,2,95755,2184,132.0,24.1,2,Petrol,Manual,6.29
5238,Renault,Virtus,2021,5,140327,1197,105.2,12.3,1,Petrol,Manual,1.74
5239,Toyota,XUV700,2019,7,91148,1197,110.6,14.4,1,Petrol,Manual,2.56
5240,Toyota,Virtus,2017,9,21368,1199,102.2,16.8,1,Petrol,Manual,1.95
5241,Maruti Suzuki,Nexon,2019,7,73445,1598,107.4,14.5,1,Petrol,Manual,2.29
5242,Volkswagen,Kwid,2018,8,75013,1199,93.7,16.0,2,Diesel,Manual,1.81
5243,Toyota,Brezza,2023,3,159571,1199,104.7,17.2,1,Petrol,Manual,3.93
5244,MG,Dzire,2025,1,56185,1997,140.0,14.7,1,Petrol,Automatic,7.1
5245,Honda,Nexon,2020,6,123890,2184,143.8,22.2,1,Petrol,Manual,2.87
5246,Skoda,Harrier,2022,4,84640,1956,145.7,25.0,1,Diesel,Manual,4.68
5247,Mahindra,Astor,2017,9,126893,1197,78.0,11.6,1,Diesel,Automatic,2.38
5248,Skoda,Taigun,2023,3,54676,1497,105.2,10.3,1,Petrol,Automatic,4.11
5249,MG,Urban Cruiser Hyryder,2017,9,49449,1997,135.5,13.4,1,Petrol,Manual,2.39
5250,MG,Kwid,2024,2,72491,1199,86.0,11.8,2,Diesel,Manual,4.26
5251,Kia,Sonet,2023,3,141515,1197,94.4,17.9,1,Petrol,Manual,3.01
5252,Hyundai,Innova Crysta,2021,5,46088,1498,127.8,18.0,2,Diesel,Manual,2.96
5253,MG,Bolero,2024,2,62475,1497,126.1,19.5,2,CNG,Manual,5.12
5254,Volkswagen,Virtus,2023,3,136122,1997,129.8,13.5,1,Diesel,Manual,4.8
5255,Mahindra,Slavia,2022,4,97696,1498,123.6,13.1,1,Petrol,Automatic,4.25
5256,Hyundai,Punch,2019,7,31316,1498,105.2,15.0,1,Diesel,Manual,2.8
5257,MG,Virtus,2023,3,30023,1199,83.3,17.4,1,Petrol,Manual,3.69
5258,Skoda,Altroz,2018,8,93055,1956,149.5,24.5,1,Diesel,Manual,2.41
5259,Honda,Innova Crysta,2025,1,34233,1199,89.2,19.2,1,Diesel,Automatic,5.31
5260,Toyota,S-Presso,2018,8,151165,1197,110.3,21.9,1,Diesel,Manual,1.89
5261,Tata,Polo,2018,8,34464,1197,99.5,12.9,3,Diesel,Manual,2.16
5262,Toyota,Venue,2025,1,67915,998,94.8,18.9,1,Petrol,Automatic,4.88
5263,Honda,Kushaq,2022,4,116060,1497,99.1,11.8,3,Diesel,Manual,2.85
5264,Skoda,Venue,2023,3,120015,2184,137.3,20.9,1,Petrol,Automatic,5.02
5265,Honda,Dzire,2018,8,23158,1199,92.8,20.7,2,Petrol,Manual,1.81
5266,Skoda,Innova Crysta,2020,6,89655,998,66.5,24.4,2,CNG,Manual,2.0
5267,Nissan,Taigun,2025,1,143956,1598,131.6,13.0,1,CNG,Manual,4.59
5268,Kia,Wagon R,2021,5,92384,2198,135.5,10.5,3,Petrol,Manual,3.56
5269,Jeep,Punch,2024,2,8058,2198,151.9,12.4,1,Petrol,Automatic,7.82
5270,Jeep,Fortuner,2017,9,32098,1598,107.7,17.6,2,Petrol,Manual,1.6
5271,Volkswagen,Slavia,2024,2,133723,1498,126.5,10.0,3,CNG,Manual,4.34
5272,Hyundai,Wagon R,2024,2,49733,2184,157.2,19.8,1,Petrol,Manual,6.12
5273,Maruti Suzuki,Wagon R,2022,4,115503,998,92.4,20.0,2,Petrol,Manual,2.4
5274,Toyota,Punch,2025,1,81520,1497,108.8,19.9,1,Diesel,Manual,5.97
5275,Skoda,City,2020,6,60505,2184,143.2,11.8,3,CNG,Manual,3.73
5276,Jeep,Alcazar,2019,7,83281,2184,165.7,20.5,3,Petrol,Manual,3.32
5277,Honda,Elevate,2018,8,7714,2198,151.5,21.1,1,Petrol,Automatic,3.28
5278,MG,Celerio,2024,2,157938,1197,79.0,22.1,2,Petrol,Manual,3.22
5279,Volkswagen,S-Presso,2019,7,130594,1997,123.4,12.8,1,Petrol,Manual,2.25
5280,Volkswagen,Carens,2020,6,69674,998,93.2,13.5,2,Petrol,Manual,1.67
5281,Skoda,Brezza,2022,4,112931,1199,88.4,18.0,1,Petrol,Manual,2.96
5282,Nissan,Thar,2017,9,138693,1956,130.0,10.2,3,Petrol,Automatic,1.86
5283,Tata,Polo,2020,6,21820,1956,148.0,16.5,1,Diesel,Manual,3.43
5284,MG,Bolero,2021,5,6512,1598,106.3,22.1,3,Diesel,Manual,3.82
5285,Toyota,Fortuner,2021,5,55182,1197,97.7,14.9,1,Diesel,Manual,3.52
5286,Renault,Slavia,2024,2,57867,1598,120.7,14.0,1,Petrol,Manual,3.86
5287,MG,Nexon,2017,9,130622,2198,165.2,17.9,2,Petrol,Automatic,2.75
5288,Tata,Nexon,2025,1,80086,1199,79.0,17.3,3,Petrol,Manual,3.82
5289,Jeep,Safari,2017,9,62131,1498,102.8,12.1,1,Petrol,Automatic,2.26
5290,Volkswagen,Amaze,2017,9,8670,1997,127.7,10.8,1,Diesel,Automatic,3.03
5291,Renault,City,2019,7,103509,2198,136.6,17.3,1,Petrol,Manual,2.24
5292,Renault,Glanza,2023,3,87300,1197,106.2,22.4,1,Petrol,Manual,2.53
5293,Honda,XUV 3XO,2025,1,119153,1197,106.7,13.3,1,Petrol,Manual,4.25
5294,Mahindra,Urban Cruiser Hyryder,2022,4,152242,1199,107.5,23.3,1,Petrol,Manual,3.13
5295,Renault,Harrier,2025,1,105399,1497,113.6,17.3,3,Petrol,Automatic,4.3
5296,Mahindra,City,2018,8,30086,1498,115.0,17.4,1,Petrol,Manual,2.18
5297,MG,i20,2025,1,67760,1997,147.1,13.8,2,Petrol,Automatic,7.1
5298,Renault,Glanza,2024,2,36086,1598,129.3,20.7,1,CNG,Manual,4.18
5299,Jeep,Slavia,2019,7,91008,1199,95.3,11.1,1,Petrol,Automatic,2.83
5300,Volkswagen,Scorpio,2022,4,121938,1598,99.1,12.3,2,Diesel,Manual,3.62
5301,Tata,Nexon,2019,7,135718,2184,147.6,13.6,1,Petrol,Manual,2.68
5302,Nissan,Venue,2019,7,158600,998,73.1,24.5,1,Diesel,Manual,1.25
5303,Kia,Scorpio,2025,1,131623,1497,112.9,19.7,1,Petrol,Manual,4.87
5304,Mahindra,Fortuner,2024,2,20741,1956,143.6,12.8,2,Petrol,Automatic,6.68
5305,Skoda,Alcazar,2020,6,83030,998,95.3,23.5,1,Diesel,Manual,2.52